ISO-10303-21;
HEADER;
FILE_DESCRIPTION (( 'STEP AP203' ),
    '1' );
FILE_NAME ('18650.STEP',
    '2026-03-02T03:48:33',
    ( '' ),
    ( '' ),
    'SwSTEP 2.0',
    'SolidWorks 2026',
    '' );
FILE_SCHEMA (( 'CONFIG_CONTROL_DESIGN' ));
ENDSEC;

DATA;
#1 = CARTESIAN_POINT ( 'NONE',  ( 2.477904982295095593, 32.45709251038655907, 8.655350940062733756 ) ) ;
#2 = CARTESIAN_POINT ( 'NONE',  ( 1.321869090546643255, 31.79785487786916676, 8.902586347630473185 ) ) ;
#4 = B_SPLINE_CURVE_WITH_KNOTS ( 'NONE', 3,
 ( #2095, #1336, #2838, #3240, #4355, #2540 ),
 .UNSPECIFIED., .F., .F.,
 ( 4, 2, 4 ),
 ( 0.000000000000000000, 0.0002229215816078483376, 0.0004458431632156966752 ),
 .UNSPECIFIED. ) ;
#3 = CARTESIAN_POINT ( 'NONE',  ( 1.723433623354049926, 36.07344691572053819, 8.833993015877082300 ) ) ;
#5 = VERTEX_POINT ( 'NONE', #4605 ) ;
#6 = CARTESIAN_POINT ( 'NONE',  ( 2.892736371002603057, 28.15016098031042802, 8.522584937527129867 ) ) ;
#7 = CARTESIAN_POINT ( 'NONE',  ( 0.5995981301595477708, 31.79372390287880989, 9.000422568298430903 ) ) ;
#8 = VERTEX_POINT ( 'NONE', #3119 ) ;
#9 = EDGE_CURVE ( 'NONE', #486, #3025, #3093, .T. ) ;
#10 = EDGE_CURVE ( 'NONE', #4161, #4326, #3021, .T. ) ;
#11 = CARTESIAN_POINT ( 'NONE',  ( 0.2944711538461538547, 34.29066506410256920, 8.995047794274501740 ) ) ;
#12 = CARTESIAN_POINT ( 'NONE',  ( 2.849678086006565358, 34.22238590740876418, 8.536953904398410842 ) ) ;
#13 = CARTESIAN_POINT ( 'NONE',  ( 1.750000000000000000, 26.26282051282051455, 8.828221791504788030 ) ) ;
#14 = CARTESIAN_POINT ( 'NONE',  ( 3.212954032928811987, 35.01281254361831685, 8.406830055469995955 ) ) ;
#15 = EDGE_LOOP ( 'NONE', ( #3186, #235, #2142, #3901 ) ) ;
#16 = DIRECTION ( 'NONE',  ( 0.000000000000000000, 0.000000000000000000, -1.000000000000000000 ) ) ;
#17 = CARTESIAN_POINT ( 'NONE',  ( 1.019431089743589203, 34.02564102564102910, 8.962078072420537111 ) ) ;
#18 = CARTESIAN_POINT ( 'NONE',  ( 1.570512820512820706, 61.15256410256409225, 8.861912292536235469 ) ) ;
#19 = CARTESIAN_POINT ( 'NONE',  ( 0.000000000000000000, 64.79999999999999716, 0.000000000000000000 ) ) ;
#20 = FACE_OUTER_BOUND ( 'NONE', #1618, .T. ) ;
#21 = CARTESIAN_POINT ( 'NONE',  ( 0.000000000000000000, 1.334615384615392308, 0.02000000000000000042 ) ) ;
#22 = B_SPLINE_CURVE_WITH_KNOTS ( 'NONE', 3,
 ( #1518, #1072, #3742, #1497, #1120, #2255, #2998, #3020, #650, #4883, #3767, #4436, #1049 ),
 .UNSPECIFIED., .F., .F.,
 ( 4, 3, 3, 3, 4 ),
 ( 0.000000000000000000, 0.3732013010283352084, 0.6592041338967318254, 0.9460595609145023843, 1.000000000000000000 ),
 .UNSPECIFIED. ) ;
#23 = CARTESIAN_POINT ( 'NONE',  ( 2.226168857871416051, 29.39880252907314073, 8.720200519728434685 ) ) ;
#24 = CARTESIAN_POINT ( 'NONE',  ( 1.038491923774435888, 31.69401804397285716, 8.960204101028113044 ) ) ;
#25 = DIRECTION ( 'NONE',  ( 0.000000000000000000, 0.000000000000000000, 1.000000000000000000 ) ) ;
#26 = ORIENTED_EDGE ( 'NONE', *, *, #821, .T. ) ;
#27 = CARTESIAN_POINT ( 'NONE',  ( 3.073725547997532725, 32.43367223166816871, 8.497550452111106267 ) ) ;
#28 = EDGE_LOOP ( 'NONE', ( #2247, #1672, #2739, #1645, #1577 ) ) ;
#29 = B_SPLINE_CURVE_WITH_KNOTS ( 'NONE', 3,
 ( #2098, #3578, #190, #3610, #3932, #1015, #2443, #1681 ),
 .UNSPECIFIED., .F., .F.,
 ( 4, 2, 2, 4 ),
 ( 0.000000000000000000, 0.5000000000000001110, 0.7500000000000000000, 1.000000000000000000 ),
 .UNSPECIFIED. ) ;
#30 = CARTESIAN_POINT ( 'NONE',  ( 1.917711875288140133, 31.93924882001707743, 8.793280046069103406 ) ) ;
#31 = VECTOR ( 'NONE', #4216, 1000.000000000000000 ) ;
#32 = AXIS2_PLACEMENT_3D ( 'NONE', #1608, #3456, #1994 ) ;
#33 = CARTESIAN_POINT ( 'NONE',  ( 0.3988514637036432720, 32.00046151660227878, 9.011376714123812803 ) ) ;
#34 = ADVANCED_FACE ( 'NONE', ( #865 ), #2272, .F. ) ;
#35 = ORIENTED_EDGE ( 'NONE', *, *, #2348, .F. ) ;
#36 = VECTOR ( 'NONE', #2793, 1000.000000000000000 ) ;
#37 = B_SPLINE_CURVE_WITH_KNOTS ( 'NONE', 3,
 ( #185, #4329, #2040, #615, #3551, #1703, #1334, #2835 ),
 .UNSPECIFIED., .F., .F.,
 ( 4, 2, 2, 4 ),
 ( 0.000000000000000000, 0.0001980354016292966847, 0.0003960708032585933693, 0.0007921416065171935691 ),
 .UNSPECIFIED. ) ;
#38 = CARTESIAN_POINT ( 'NONE',  ( 0.6004778247031877791, 28.14626908390036775, 8.980261259074831415 ) ) ;
#39 = DIRECTION ( 'NONE',  ( 0.5473052603538085537, 0.8369330630277728167, -0.000000000000000000 ) ) ;
#40 = AXIS2_PLACEMENT_3D ( 'NONE', #269, #3221, #3637 ) ;
#41 = CARTESIAN_POINT ( 'NONE',  ( 1.929656741738214443, 35.75234357684493602, 8.810725307142964979 ) ) ;
#42 = CARTESIAN_POINT ( 'NONE',  ( 2.288461538461538769, 29.78735977564102910, 8.724191162134607325 ) ) ;
#43 = VERTEX_POINT ( 'NONE', #763 ) ;
#44 = CARTESIAN_POINT ( 'NONE',  ( 0.2692307692307692180, 27.14623397435897445, 8.995972142736960109 ) ) ;
#45 = CARTESIAN_POINT ( 'NONE',  ( 1.102182119232617714E-15, 65.00000000000000000, 9.000000000000000000 ) ) ;
#46 = CARTESIAN_POINT ( 'NONE',  ( -0.08974358974358936925, 27.15675080128204755, 9.019552549327100266 ) ) ;
#47 = EDGE_CURVE ( 'NONE', #2954, #3846, #1621, .T. ) ;
#48 = ORIENTED_EDGE ( 'NONE', *, *, #4073, .T. ) ;
#49 = CARTESIAN_POINT ( 'NONE',  ( 0.3140754542145596240, 35.56450664242205306, 8.994412286193790962 ) ) ;
#50 = APPROVAL ( #3710, 'UNSPECIFIED' ) ;
#51 = CARTESIAN_POINT ( 'NONE',  ( 0.8735447451430691235, 33.52845746247368908, 8.957652159428073801 ) ) ;
#52 = CARTESIAN_POINT ( 'NONE',  ( 2.991051181680224325, 34.62364020868639614, 8.488752779697730233 ) ) ;
#53 = CARTESIAN_POINT ( 'NONE',  ( 1.772943954514819120, 31.73801225219801481, 8.843642656757429776 ) ) ;
#54 = FACE_OUTER_BOUND ( 'NONE', #28, .T. ) ;
#55 = ORIENTED_EDGE ( 'NONE', *, *, #1794, .F. ) ;
#56 = FACE_OUTER_BOUND ( 'NONE', #3740, .T. ) ;
#57 = ORIENTED_EDGE ( 'NONE', *, *, #4766, .T. ) ;
#58 = CARTESIAN_POINT ( 'NONE',  ( 3.530443654364010975, 34.84360758743736142, 8.298645275845938585 ) ) ;
#59 = CARTESIAN_POINT ( 'NONE',  ( 2.019230769230769162, 32.41656650641025550, 8.770559109919487284 ) ) ;
#60 = CARTESIAN_POINT ( 'NONE',  ( 1.852671784994299742, 31.83062859925686539, 8.807484717463472279 ) ) ;
#61 = CARTESIAN_POINT ( 'NONE',  ( 1.060480571891486035, 31.69788508057084897, 8.957429323923834730 ) ) ;
#62 = VERTEX_POINT ( 'NONE', #3411 ) ;
#63 = CARTESIAN_POINT ( 'NONE',  ( 0.05672319135631534448, 34.57969323670040040, 8.999687734711326215 ) ) ;
#64 = CARTESIAN_POINT ( 'NONE',  ( 2.789866659647770586, 34.21254295417523394, 8.556675952778547867 ) ) ;
#65 = CARTESIAN_POINT ( 'NONE',  ( 1.035446621567555292, 36.08785525414310058, 8.940410654346290897 ) ) ;
#66 = CARTESIAN_POINT ( 'NONE',  ( 1.750000000000000222, 26.26282051282051455, 8.848221791504787603 ) ) ;
#67 = ORIENTED_EDGE ( 'NONE', *, *, #4430, .F. ) ;
#68 = EDGE_CURVE ( 'NONE', #3846, #2954, #1225, .T. ) ;
#69 = CARTESIAN_POINT ( 'NONE',  ( 0.7063881999874284112, 34.06161289176692719, 8.972882890367818831 ) ) ;
#70 = CARTESIAN_POINT ( 'NONE',  ( 0.4186389311892252940, 34.19618021281912235, 9.010516012087038007 ) ) ;
#71 = CARTESIAN_POINT ( 'NONE',  ( 1.748597756410257054, 28.32692307692307665, 8.848499639592052546 ) ) ;
#72 = CARTESIAN_POINT ( 'NONE',  ( 2.531177993724719411, 34.54592817434061658, 8.657068694455363200 ) ) ;
#73 = CARTESIAN_POINT ( 'NONE',  ( 3.526714660371837784, 32.01591406521932726, 8.300519785899036052 ) ) ;
#74 = CARTESIAN_POINT ( 'NONE',  ( 0.09424409742587031014, 33.08847865396357690, 8.999753807389190285 ) ) ;
#75 = ADVANCED_FACE ( 'NONE', ( #2841 ), #2472, .T. ) ;
#76 = CARTESIAN_POINT ( 'NONE',  ( 0.2692307692307692180, 35.21614583333333570, 9.015972142736957906 ) ) ;
#77 = DIRECTION ( 'NONE',  ( 0.000000000000000000, 0.000000000000000000, 1.000000000000000000 ) ) ;
#78 = CARTESIAN_POINT ( 'NONE',  ( 0.9822716346153845812, 31.37820512820512775, 8.946233565947036226 ) ) ;
#79 = ORIENTED_EDGE ( 'NONE', *, *, #2881, .F. ) ;
#80 = CARTESIAN_POINT ( 'NONE',  ( 3.141025641025641413, 38.01923076923078781, 8.454094967595482402 ) ) ;
#81 = ORIENTED_EDGE ( 'NONE', *, *, #2849, .F. ) ;
#82 = ADVANCED_FACE ( 'NONE', ( #3169 ), #941, .F. ) ;
#83 = CARTESIAN_POINT ( 'NONE',  ( 1.949819711538461675, 35.71324118589743790, 8.806250798406338731 ) ) ;
#84 = CARTESIAN_POINT ( 'NONE',  ( 0.000000000000000000, 65.00000000000000000, 0.000000000000000000 ) ) ;
#85 = CARTESIAN_POINT ( 'NONE',  ( 1.959375784117501240, 32.05487190684797838, 8.783986547066035655 ) ) ;
#86 = CARTESIAN_POINT ( 'NONE',  ( 0.2692307692307692180, 32.45512820512820440, 9.015972142736957906 ) ) ;
#87 = ORIENTED_EDGE ( 'NONE', *, *, #1805, .T. ) ;
#88 = CARTESIAN_POINT ( 'NONE',  ( 0.2146307768835968854, 30.66058391091656077, 8.997654800194663238 ) ) ;
#89 = CARTESIAN_POINT ( 'NONE',  ( 2.161743746669777977, 35.50115232119597408, 8.756627493086709180 ) ) ;
#90 = CARTESIAN_POINT ( 'NONE',  ( 1.525641025641025328, 2.680769230769243450, 8.869747429373679992 ) ) ;
#91 = CARTESIAN_POINT ( 'NONE',  ( 2.829201268243949574, 34.53669426652234620, 8.564122584659651594 ) ) ;
#92 = ORIENTED_EDGE ( 'NONE', *, *, #2493, .T. ) ;
#93 = CARTESIAN_POINT ( 'NONE',  ( 0.3547157015932473900, 34.24152270648199448, 9.013209108329609975 ) ) ;
#94 = CARTESIAN_POINT ( 'NONE',  ( 0.2774117984125081815, 27.30983183710925388, 9.015727301518602133 ) ) ;
#95 = CARTESIAN_POINT ( 'NONE',  ( 3.163158198572815660, 35.57137761873029547, 8.445860830197405633 ) ) ;
#96 = CARTESIAN_POINT ( 'NONE',  ( 2.233055963215837991, 34.77490625314266737, 8.738918560874971320 ) ) ;
#97 = CARTESIAN_POINT ( 'NONE',  ( 0.7734441063932434579, 33.19870483078542378, 8.987122701462769925 ) ) ;
#98 = CARTESIAN_POINT ( 'NONE',  ( 0.4875146015747208184, 29.30004875313569457, 9.006786384089222608 ) ) ;
#99 = EDGE_CURVE ( 'NONE', #1173, #2633, #1339, .T. ) ;
#100 = CARTESIAN_POINT ( 'NONE',  ( 1.545410826664515236, 28.73721343462402800, 8.887170949401681952 ) ) ;
#101 = DIRECTION ( 'NONE',  ( 0.000000000000000000, 0.000000000000000000, 1.000000000000000000 ) ) ;
#102 = DIRECTION ( 'NONE',  ( 0.000000000000000000, 0.000000000000000000, 1.000000000000000000 ) ) ;
#103 = ORIENTED_EDGE ( 'NONE', *, *, #2215, .T. ) ;
#104 = DIRECTION ( 'NONE',  ( -0.000000000000000000, -1.000000000000000000, -0.000000000000000000 ) ) ;
#105 = ORIENTED_EDGE ( 'NONE', *, *, #3183, .F. ) ;
#106 = CARTESIAN_POINT ( 'NONE',  ( 3.149524278899682450, 34.81048790896149825, 8.451084357367319555 ) ) ;
#107 = CARTESIAN_POINT ( 'NONE',  ( 2.281514009112866503, 29.92718065903703462, 8.726023977637481721 ) ) ;
#108 = CARTESIAN_POINT ( 'NONE',  ( -0.06684929543294636234, 32.73537384950411422, 9.019870026784337469 ) ) ;
#109 = CARTESIAN_POINT ( 'NONE',  ( 0.2724388277460388363, 29.77122697942381890, 8.995876132206014120 ) ) ;
#110 = ADVANCED_FACE ( 'NONE', ( #494, #1734, #2045 ), #2398, .T. ) ;
#111 = EDGE_LOOP ( 'NONE', ( #338, #1415, #4354, #467 ) ) ;
#112 = VERTEX_POINT ( 'NONE', #4751 ) ;
#113 = VECTOR ( 'NONE', #2774, 1000.000000000000000 ) ;
#114 = CARTESIAN_POINT ( 'NONE',  ( 0.2022200980618117649, 34.37460188496891078, 8.998067775074693131 ) ) ;
#115 = CARTESIAN_POINT ( 'NONE',  ( 3.119829342867213029, 34.76487543927350998, 8.462156350609145505 ) ) ;
#116 = APPROVAL_PERSON_ORGANIZATION ( #4088, #262, #3733 ) ;
#117 = VECTOR ( 'NONE', #2994, 1000.000000000000000 ) ;
#118 = ORIENTED_EDGE ( 'NONE', *, *, #2370, .F. ) ;
#119 = CARTESIAN_POINT ( 'NONE',  ( 0.4186389311892252940, 34.19618021281912235, 9.010516012087041560 ) ) ;
#120 = AXIS2_PLACEMENT_3D ( 'NONE', #2197, #3362, #1432 ) ;
#121 = DIRECTION ( 'NONE',  ( -0.000000000000000000, -1.000000000000000000, -0.000000000000000000 ) ) ;
#122 = CARTESIAN_POINT ( 'NONE',  ( -0.08974358974358974395, 27.15675080128205110, 8.999552549327100692 ) ) ;
#123 = CARTESIAN_POINT ( 'NONE',  ( 0.5384615384615384359, 62.18461538461537685, 8.983877735788572849 ) ) ;
#124 = FACE_OUTER_BOUND ( 'NONE', #3602, .T. ) ;
#125 = CARTESIAN_POINT ( 'NONE',  ( -0.08339642865775985514, 35.04246138496147722, 8.999624630226824351 ) ) ;
#126 = CARTESIAN_POINT ( 'NONE',  ( 1.865058431256779947, 28.90170744141881798, 8.825171341042219453 ) ) ;
#127 = CARTESIAN_POINT ( 'NONE',  ( 0.01999408238906200119, 35.80786508570331250, 9.020050496508531523 ) ) ;
#128 = FACE_OUTER_BOUND ( 'NONE', #363, .T. ) ;
#129 = VERTEX_POINT ( 'NONE', #2789 ) ;
#130 = CARTESIAN_POINT ( 'NONE',  ( 3.578791519340096094, 35.35982357586778591, 8.257860182626652445 ) ) ;
#131 = EDGE_CURVE ( 'NONE', #1938, #1167, #3557, .T. ) ;
#132 = EDGE_CURVE ( 'NONE', #638, #43, #415, .T. ) ;
#133 = CARTESIAN_POINT ( 'NONE',  ( 2.217952940154979125, 35.61145403996930980, 8.722587761404621887 ) ) ;
#134 = PLANE ( 'NONE',  #3914 ) ;
#135 = CARTESIAN_POINT ( 'NONE',  ( 1.699859099504813509, 31.65311276031864551, 8.858327674827302545 ) ) ;
#136 = DIRECTION ( 'NONE',  ( -0.000000000000000000, -1.000000000000000000, -0.000000000000000000 ) ) ;
#137 = ORIENTED_EDGE ( 'NONE', *, *, #3769, .T. ) ;
#138 = ORIENTED_EDGE ( 'NONE', *, *, #2454, .T. ) ;
#139 = CARTESIAN_POINT ( 'NONE',  ( 0.3594369257253267058, 28.93459153262103811, 8.993397593087282260 ) ) ;
#140 = CARTESIAN_POINT ( 'NONE',  ( 2.382917548241967332, 35.80196859967330880, 8.679120531206956812 ) ) ;
#141 = VERTEX_POINT ( 'NONE', #3191 ) ;
#142 = CARTESIAN_POINT ( 'NONE',  ( 0.8700921474358974672, 26.39533253205128105, 8.977842576075708791 ) ) ;
#143 = CARTESIAN_POINT ( 'NONE',  ( -0.03337520871805666617, 35.66293307314134609, 8.999999999999998224 ) ) ;
#144 = CARTESIAN_POINT ( 'NONE',  ( 1.992588141025641191, 33.14082532051281760, 8.776650414608296202 ) ) ;
#145 = DIRECTION ( 'NONE',  ( 0.000000000000000000, 0.000000000000000000, -1.000000000000000000 ) ) ;
#146 = DIRECTION ( 'NONE',  ( 0.000000000000000000, 0.000000000000000000, 1.000000000000000000 ) ) ;
#147 = CARTESIAN_POINT ( 'NONE',  ( 0.9966143280427395279, 29.01229751616779495, 8.964649790860450551 ) ) ;
#148 = CARTESIAN_POINT ( 'NONE',  ( 1.686991834772790799, 34.83242189199030747, 8.840632222621362502 ) ) ;
#149 = CARTESIAN_POINT ( 'NONE',  ( -0.08974358974358974395, 35.21965144230769340, 8.999398866072143122 ) ) ;
#150 = CARTESIAN_POINT ( 'NONE',  ( 1.166666666666666741, 1.334615384615392308, 8.924062353485036070 ) ) ;
#151 = EDGE_LOOP ( 'NONE', ( #4690, #3662, #1042, #1197 ) ) ;
#152 = CARTESIAN_POINT ( 'NONE',  ( 2.399554636540529806, 28.00307407236121549, 8.700043463898365914 ) ) ;
#153 = FACE_OUTER_BOUND ( 'NONE', #2238, .T. ) ;
#154 = CARTESIAN_POINT ( 'NONE',  ( 1.928123739612948029, 29.91067140414394743, 8.811037526553244348 ) ) ;
#155 = LINE ( 'NONE', #2457, #1379 ) ;
#156 = CARTESIAN_POINT ( 'NONE',  ( 3.585989876890677941, 26.94255821653671390, 8.254737631137395226 ) ) ;
#157 = ORIENTED_EDGE ( 'NONE', *, *, #1771, .F. ) ;
#158 = EDGE_CURVE ( 'NONE', #1917, #795, #1192, .T. ) ;
#159 = ADVANCED_FACE ( 'NONE', ( #4334 ), #4055, .F. ) ;
#160 = ORIENTED_EDGE ( 'NONE', *, *, #2972, .F. ) ;
#161 = CARTESIAN_POINT ( 'NONE',  ( 3.141025641025641857, 28.82051282051282470, 8.434094967595482828 ) ) ;
#162 = CARTESIAN_POINT ( 'NONE',  ( 2.395074805089267844, 30.48306404412447179, 8.676007476655048123 ) ) ;
#163 = ORIENTED_EDGE ( 'NONE', *, *, #287, .T. ) ;
#164 = CARTESIAN_POINT ( 'NONE',  ( 1.884615384615384803, 65.00000000000000000, 8.800467308732587313 ) ) ;
#165 = LINE ( 'NONE', #542, #359 ) ;
#166 = CARTESIAN_POINT ( 'NONE',  ( 2.686698717948718507, 35.91025641025641590, 8.609624555181254024 ) ) ;
#167 = CARTESIAN_POINT ( 'NONE',  ( 1.570512820512820706, 63.53076923076922355, 8.861912292536235469 ) ) ;
#168 = FACE_BOUND ( 'NONE', #4541, .T. ) ;
#169 = CARTESIAN_POINT ( 'NONE',  ( 3.404671619319559639, 35.83047551609057990, 8.351361867282831142 ) ) ;
#170 = CARTESIAN_POINT ( 'NONE',  ( 1.721318627551289060, 34.93386458870010358, 8.853874812280206896 ) ) ;
#171 = CARTESIAN_POINT ( 'NONE',  ( 3.228556766925503752, 35.29952684162947918, 8.420977730111284032 ) ) ;
#172 = LINE ( 'NONE', #3199, #4224 ) ;
#173 = ORIENTED_EDGE ( 'NONE', *, *, #552, .F. ) ;
#174 = CARTESIAN_POINT ( 'NONE',  ( 2.645988187087526367, 35.90867207315178433, 8.622358165407066011 ) ) ;
#175 = CARTESIAN_POINT ( 'NONE',  ( 0.2853271915995456154, 32.25675111349090685, 9.015672424045405364 ) ) ;
#176 = DIRECTION ( 'NONE',  ( 0.000000000000000000, 0.000000000000000000, 1.000000000000000000 ) ) ;
#177 = CARTESIAN_POINT ( 'NONE',  ( 0.02577963375254334333, 32.98054580963150784, 9.020083123110932632 ) ) ;
#178 = DIRECTION ( 'NONE',  ( -0.4966865118376849741, -0.8679300138597082492, 0.000000000000000000 ) ) ;
#179 = CARTESIAN_POINT ( 'NONE',  ( 1.080525622670459818, 25.97065480930490011, 8.940807410399434829 ) ) ;
#180 = ORIENTED_EDGE ( 'NONE', *, *, #1043, .F. ) ;
#181 = ORIENTED_EDGE ( 'NONE', *, *, #4649, .T. ) ;
#182 = CARTESIAN_POINT ( 'NONE',  ( 0.8700921474358974672, 26.39533253205128105, 8.957842354884927971 ) ) ;
#183 = ADVANCED_FACE ( 'NONE', ( #3243 ), #3509, .F. ) ;
#184 = CARTESIAN_POINT ( 'NONE',  ( 0.4147434059291148500, 32.93260808490194336, 8.990551493018779539 ) ) ;
#185 = CARTESIAN_POINT ( 'NONE',  ( 1.019431089743589869, 34.02564102564102910, 8.942078072420537538 ) ) ;
#186 = ORIENTED_EDGE ( 'NONE', *, *, #1258, .T. ) ;
#187 = AXIS2_PLACEMENT_3D ( 'NONE', #255, #3278, #1396 ) ;
#188 = VECTOR ( 'NONE', #779, 1000.000000000000000 ) ;
#189 = CARTESIAN_POINT ( 'NONE',  ( 9.797174393178825657E-16, 63.79999999999999716, -8.000000000000000000 ) ) ;
#190 = CARTESIAN_POINT ( 'NONE',  ( 0.9236957603648126014, 25.98308836014395240, 8.980059876613085024 ) ) ;
#191 = CARTESIAN_POINT ( 'NONE',  ( 1.884615384615384803, 63.53076923076922355, 8.800467308732587313 ) ) ;
#192 = AXIS2_PLACEMENT_3D ( 'NONE', #479, #3129, #4641 ) ;
#193 = VECTOR ( 'NONE', #77, 1000.000000000000000 ) ;
#194 = CARTESIAN_POINT ( 'NONE',  ( 0.5167438418132206390, 27.75835564443907089, 9.010408105995631800 ) ) ;
#195 = CARTESIAN_POINT ( 'NONE',  ( 0.2136864660677536554, 36.08111001377476157, 9.017729989429811965 ) ) ;
#196 = LINE ( 'NONE', #4288, #3282 ) ;
#197 = ORIENTED_EDGE ( 'NONE', *, *, #561, .F. ) ;
#198 = AXIS2_PLACEMENT_3D ( 'NONE', #1127, #4619, #1601 ) ;
#199 = EDGE_CURVE ( 'NONE', #795, #4802, #540, .T. ) ;
#200 = CARTESIAN_POINT ( 'NONE',  ( 1.512558398412340743, 34.56690916291138649, 8.872364808954589677 ) ) ;
#201 = EDGE_CURVE ( 'NONE', #2441, #1717, #2488, .T. ) ;
#202 = CARTESIAN_POINT ( 'NONE',  ( 3.141025641025640081, 38.55769230769233502, 8.434094967595482828 ) ) ;
#203 = CARTESIAN_POINT ( 'NONE',  ( 1.814620050625723291, 31.77607394866478785, 8.815709871213551097 ) ) ;
#204 = ORIENTED_EDGE ( 'NONE', *, *, #3281, .T. ) ;
#205 = CARTESIAN_POINT ( 'NONE',  ( 2.072488058898252383, 28.01202628854703391, 8.764094588988506018 ) ) ;
#206 = VECTOR ( 'NONE', #3986, 1000.000000000000000 ) ;
#207 = DIRECTION ( 'NONE',  ( -0.000000000000000000, -1.000000000000000000, -0.000000000000000000 ) ) ;
#208 = CARTESIAN_POINT ( 'NONE',  ( 0.5384615384615384359, 62.18461538461537685, 8.983877735788572849 ) ) ;
#209 = CARTESIAN_POINT ( 'NONE',  ( 1.324996407576835233, 33.12689425539006294, 8.922353198362786841 ) ) ;
#210 = CARTESIAN_POINT ( 'NONE',  ( -0.05770184986230076502, 27.44499368471865353, 9.000000000000000000 ) ) ;
#211 = CARTESIAN_POINT ( 'NONE',  ( 1.593336700833263953, 28.01242022427061329, 8.859276830675373304 ) ) ;
#212 = ORIENTED_EDGE ( 'NONE', *, *, #566, .T. ) ;
#213 = ORIENTED_EDGE ( 'NONE', *, *, #3102, .T. ) ;
#214 = CARTESIAN_POINT ( 'NONE',  ( 1.576984714038881297, 26.26550264545326741, 8.881199506787114117 ) ) ;
#215 = CARTESIAN_POINT ( 'NONE',  ( 0.3256684847295658880, 32.77752156238123860, 9.014214743290512644 ) ) ;
#216 = CARTESIAN_POINT ( 'NONE',  ( 3.221899322397752119, 26.97901293621200125, 8.423538247048696803 ) ) ;
#217 = ORIENTED_EDGE ( 'NONE', *, *, #831, .T. ) ;
#218 = LINE ( 'NONE', #2811, #1849 ) ;
#219 = CARTESIAN_POINT ( 'NONE',  ( 1.143529647435897356, 28.68589743589743790, 8.927056622730425772 ) ) ;
#220 = PLANE ( 'NONE',  #3909 ) ;
#221 = DIRECTION ( 'NONE',  ( -0.000000000000000000, -1.000000000000000000, -0.000000000000000000 ) ) ;
#222 = CARTESIAN_POINT ( 'NONE',  ( 0.07497827978455494369, 35.90799949907644617, 9.019955213630437285 ) ) ;
#223 = CARTESIAN_POINT ( 'NONE',  ( 3.510716459121644206, 35.63407758831687744, 8.307224405000010137 ) ) ;
#224 = ORIENTED_EDGE ( 'NONE', *, *, #3950, .T. ) ;
#225 = DIRECTION ( 'NONE',  ( -0.000000000000000000, -1.000000000000000000, -0.000000000000000000 ) ) ;
#226 = CARTESIAN_POINT ( 'NONE',  ( 3.263858715252098364, 38.48739916169945730, 8.388349474191191035 ) ) ;
#227 = LINE ( 'NONE', #1740, #113 ) ;
#228 = ORIENTED_EDGE ( 'NONE', *, *, #1081, .T. ) ;
#229 = FACE_OUTER_BOUND ( 'NONE', #3751, .T. ) ;
#230 = EDGE_CURVE ( 'NONE', #1214, #985, #4325, .T. ) ;
#231 = CARTESIAN_POINT ( 'NONE',  ( 0.03225900989143248160, 29.33758789011836399, 9.019942186274356288 ) ) ;
#232 = CARTESIAN_POINT ( 'NONE',  ( 1.481856304889680676, 34.53615337106752037, 8.897420055622092150 ) ) ;
#233 = LINE ( 'NONE', #654, #3673 ) ;
#234 = CARTESIAN_POINT ( 'NONE',  ( -0.08974358974358974395, 27.15675080128205110, 8.999552549327102469 ) ) ;
#235 = ORIENTED_EDGE ( 'NONE', *, *, #2948, .F. ) ;
#236 = CARTESIAN_POINT ( 'NONE',  ( 1.490426443480314056, 26.27207687823808868, 8.875732590416108181 ) ) ;
#237 = CARTESIAN_POINT ( 'NONE',  ( 0.8878112088295080362, 33.21594309795566602, 8.976426456609207349 ) ) ;
#238 = CARTESIAN_POINT ( 'NONE',  ( 2.605863692518072927, 35.90355611081542975, 8.614588921885031780 ) ) ;
#239 = ORIENTED_EDGE ( 'NONE', *, *, #3392, .F. ) ;
#240 = CARTESIAN_POINT ( 'NONE',  ( 1.570512820512820706, 65.00000000000000000, 8.881912292536235043 ) ) ;
#241 = LINE ( 'NONE', #3555, #4627 ) ;
#242 = CARTESIAN_POINT ( 'NONE',  ( 0.7893763612289488307, 26.42525523193004133, 8.985682431654591795 ) ) ;
#243 = CARTESIAN_POINT ( 'NONE',  ( 0.8491452727836417136, 31.38317256840829472, 8.980853117182448386 ) ) ;
#244 = CARTESIAN_POINT ( 'NONE',  ( 1.102182119232617714E-15, 63.79999999999999716, 9.000000000000000000 ) ) ;
#245 = CARTESIAN_POINT ( 'NONE',  ( 0.000000000000000000, 0.000000000000000000, 0.000000000000000000 ) ) ;
#246 = ORIENTED_EDGE ( 'NONE', *, *, #4367, .F. ) ;
#247 = CARTESIAN_POINT ( 'NONE',  ( 1.746253425334203024, 35.08897299441985496, 8.848967848707573580 ) ) ;
#248 = CARTESIAN_POINT ( 'NONE',  ( 3.499999999999998668, 38.35226362179489712, 8.291561975888502189 ) ) ;
#249 = CARTESIAN_POINT ( 'NONE',  ( 1.997045380415085614, 32.14430966324361094, 8.775801739918476230 ) ) ;
#250 = EDGE_CURVE ( 'NONE', #4248, #2588, #1834, .T. ) ;
#251 = ORIENTED_EDGE ( 'NONE', *, *, #261, .F. ) ;
#252 = CARTESIAN_POINT ( 'NONE',  ( 2.109948157758010812, 35.24644323616863062, 8.769178234266004068 ) ) ;
#253 = LINE ( 'NONE', #2798, #2093 ) ;
#254 = CARTESIAN_POINT ( 'NONE',  ( 0.2876340140360946207, 30.09152159333531174, 8.995339098210624940 ) ) ;
#255 = CARTESIAN_POINT ( 'NONE',  ( 0.000000000000000000, 65.00000000000000000, 0.000000000000000000 ) ) ;
#256 = EDGE_CURVE ( 'NONE', #286, #2765, #3309, .T. ) ;
#257 = DIRECTION ( 'NONE',  ( -0.000000000000000000, -1.000000000000000000, -0.000000000000000000 ) ) ;
#258 = B_SPLINE_SURFACE_WITH_KNOTS ( 'NONE', 3, 1, ( 
 ( #4116, #1440 ),
 ( #3717, #1068 ),
 ( #2550, #325 ),
 ( #2901, #1414 ),
 ( #2624, #2575 ),
 ( #2921, #1809 ),
 ( #1494, #3340 ),
 ( #4433, #4827 ),
 ( #302, #4092 ),
 ( #694, #4139 ),
 ( #1829, #2995 ),
 ( #1093, #2601 ),
 ( #716, #738 ),
 ( #1244, #4528 ),
 ( #1564, #863 ),
 ( #2649, #4632 ) ),
 .UNSPECIFIED., .F., .F., .F.,
 ( 4, 3, 3, 3, 3, 4 ),
 ( 2, 2 ),
 ( 0.000000000000000000, 0.2353649762074864760, 0.4726579113580701708, 0.6802799897645014360, 0.8869878273238963606, 1.000000000000000000 ),
 ( 0.000000000000000000, 1.000000000000000000 ),
 .UNSPECIFIED. ) ;
#259 = ORIENTED_EDGE ( 'NONE', *, *, #1444, .F. ) ;
#260 = CARTESIAN_POINT ( 'NONE',  ( 1.848301404399656400, 35.89753054436021529, 8.808393826074700783 ) ) ;
#261 = EDGE_CURVE ( 'NONE', #1917, #1234, #4548, .T. ) ;
#262 = APPROVAL ( #1782, 'UNSPECIFIED' ) ;
#263 = CARTESIAN_POINT ( 'NONE',  ( 3.570158931063614371, 34.95586901526068146, 8.281708622331553471 ) ) ;
#264 = ORIENTED_EDGE ( 'NONE', *, *, #4072, .F. ) ;
#265 = CARTESIAN_POINT ( 'NONE',  ( 1.657015897413798955, 32.59206362478570185, 8.866287273500944366 ) ) ;
#266 = DIRECTION ( 'NONE',  ( -1.000000000000000000, 0.000000000000000000, 0.000000000000000000 ) ) ;
#267 = CARTESIAN_POINT ( 'NONE',  ( 2.281514009112866503, 29.92718065903703462, 8.706023245516249176 ) ) ;
#268 = CARTESIAN_POINT ( 'NONE',  ( 0.2369888222684057022, 30.68332922119639150, 9.017176579187831109 ) ) ;
#269 = CARTESIAN_POINT ( 'NONE',  ( 0.000000000000000000, 65.00000000000000000, 0.000000000000000000 ) ) ;
#270 = SECURITY_CLASSIFICATION_LEVEL ( 'unclassified' ) ;
#271 = ORIENTED_EDGE ( 'NONE', *, *, #3713, .T. ) ;
#272 = VECTOR ( 'NONE', #1266, 1000.000000000000000 ) ;
#273 = DIRECTION ( 'NONE',  ( 0.000000000000000000, 0.000000000000000000, 1.000000000000000000 ) ) ;
#274 = CYLINDRICAL_SURFACE ( 'NONE', #2960, 9.000000000000000000 ) ;
#275 = CARTESIAN_POINT ( 'NONE',  ( -0.07339856584273117546, 29.68408051035824968, 8.999552599285660648 ) ) ;
#276 = ORIENTED_EDGE ( 'NONE', *, *, #4438, .F. ) ;
#277 = CARTESIAN_POINT ( 'NONE',  ( 1.924317364066101543, 29.70425939891031319, 8.791746661374160610 ) ) ;
#278 = AXIS2_PLACEMENT_3D ( 'NONE', #2078, #1765, #3564 ) ;
#279 = CIRCLE ( 'NONE', #198, 9.000000000000000000 ) ;
#280 = CARTESIAN_POINT ( 'NONE',  ( 3.399739583333333925, 31.85426682692307665, 8.333172911053543075 ) ) ;
#281 = CARTESIAN_POINT ( 'NONE',  ( 0.4341406095058849557, 30.38678010644533956, 9.009522897861589996 ) ) ;
#282 = CARTESIAN_POINT ( 'NONE',  ( 0.4173981054843876604, 29.38047601044174328, 8.990458558183247462 ) ) ;
#283 = AXIS2_PLACEMENT_3D ( 'NONE', #350, #3370, #718 ) ;
#284 = FACE_OUTER_BOUND ( 'NONE', #3298, .T. ) ;
#285 = B_SPLINE_CURVE_WITH_KNOTS ( 'NONE', 3,
 ( #4347, #1328, #580, #655 ),
 .UNSPECIFIED., .F., .F.,
 ( 4, 4 ),
 ( 0.000000000000000000, 1.000000000000000000 ),
 .UNSPECIFIED. ) ;
#286 = VERTEX_POINT ( 'NONE', #4522 ) ;
#287 = EDGE_CURVE ( 'NONE', #3173, #360, #4151, .T. ) ;
#288 = CARTESIAN_POINT ( 'NONE',  ( 3.027158930861260977, 28.08312936501570078, 8.475758381813678355 ) ) ;
#289 = CARTESIAN_POINT ( 'NONE',  ( 3.548447216658944914, 35.52637070304408695, 8.290976859528575105 ) ) ;
#290 = ORIENTED_EDGE ( 'NONE', *, *, #1069, .T. ) ;
#291 = ADVANCED_FACE ( 'NONE', ( #3783 ), #2515, .F. ) ;
#292 = B_SPLINE_CURVE_WITH_KNOTS ( 'NONE', 3,
 ( #3318, #4852, #4482, #4826, #715, #2251, #1138, #4091, #669, #1045, #4527, #1514 ),
 .UNSPECIFIED., .F., .F.,
 ( 4, 2, 2, 2, 2, 4 ),
 ( 0.000000000000000000, 0.0002505752690407008561, 0.0005011505380814017122, 0.0007517258071221025141, 0.0008770134416424478193, 0.001002301076162793016 ),
 .UNSPECIFIED. ) ;
#293 = CARTESIAN_POINT ( 'NONE',  ( 1.923597401330718215, 29.97732370632885690, 8.812034496086553759 ) ) ;
#294 = CARTESIAN_POINT ( 'NONE',  ( -3.661079685940427098E-13, 27.57699738265930023, 9.000000000000000000 ) ) ;
#295 = CARTESIAN_POINT ( 'NONE',  ( 5.510910596163088569E-16, 38.01923076923078781, 9.000000000000000000 ) ) ;
#296 = CARTESIAN_POINT ( 'NONE',  ( 0.8678872616222539360, 33.21541403938017822, 8.958570688708073604 ) ) ;
#297 = CARTESIAN_POINT ( 'NONE',  ( -0.06586948005366767556, 34.93479591967881248, 9.019758952971878685 ) ) ;
#298 = ORIENTED_EDGE ( 'NONE', *, *, #461, .F. ) ;
#299 = B_SPLINE_SURFACE_WITH_KNOTS ( 'NONE', 3, 1, ( 
 ( #1532, #1968 ),
 ( #1579, #3425 ),
 ( #1181, #2686 ),
 ( #3404, #4201 ),
 ( #3011, #4521 ),
 ( #4229, #834 ),
 ( #2639, #1159 ),
 ( #2345, #2318 ),
 ( #2268, #2664 ),
 ( #3033, #4546 ),
 ( #2616, #89 ),
 ( #1947, #1604 ),
 ( #4179, #4371 ),
 ( #3279, #1793 ),
 ( #1747, #3568 ),
 ( #4624, #2434 ) ),
 .UNSPECIFIED., .F., .F., .F.,
 ( 4, 3, 3, 3, 3, 4 ),
 ( 2, 2 ),
 ( 0.000000000000000000, 0.1737407669446198177, 0.3471684746195385918, 0.6200648665262303849, 0.8740604249328891573, 1.000000000000000000 ),
 ( 0.000000000000000000, 1.000000000000000000 ),
 .UNSPECIFIED. ) ;
#300 = CARTESIAN_POINT ( 'NONE',  ( 1.462647896579285733, 35.89660075085971158, 8.900723739201890083 ) ) ;
#301 = CARTESIAN_POINT ( 'NONE',  ( 0.9062648070545299417, 34.34515632921291939, 8.974409266379701933 ) ) ;
#302 = CARTESIAN_POINT ( 'NONE',  ( 0.3589701612419735621, 33.35003814517122578, 8.993276784283100511 ) ) ;
#303 = ORIENTED_EDGE ( 'NONE', *, *, #1323, .T. ) ;
#304 = CARTESIAN_POINT ( 'NONE',  ( 1.749999999999998668, 30.61538461538461675, 8.828221791504786253 ) ) ;
#305 = CARTESIAN_POINT ( 'NONE',  ( 1.666818994035411228, 34.78851547155673529, 8.844370389325410642 ) ) ;
#306 = CARTESIAN_POINT ( 'NONE',  ( 0.2258555604852313103, 31.67664281855845587, 8.997403783293838941 ) ) ;
#307 = CARTESIAN_POINT ( 'NONE',  ( 1.929487179487179072, 29.84415064102564585, 8.790738263888565385 ) ) ;
#308 = CARTESIAN_POINT ( 'NONE',  ( 0.4875146015747208184, 29.30004875313569457, 8.986654883076893086 ) ) ;
#310 = B_SPLINE_CURVE_WITH_KNOTS ( 'NONE', 3,
 ( #457, #1574, #3081, #4320, #1229, #2431, #824, #4295, #3470, #59 ),
 .UNSPECIFIED., .F., .F.,
 ( 4, 3, 3, 4 ),
 ( 0.000000000000000000, 9.124072851779283172E-05, 0.0001825189430047111593, 0.0003646910278018230134 ),
 .UNSPECIFIED. ) ;
#309 = LINE ( 'NONE', #3376, #826 ) ;
#311 = FACE_OUTER_BOUND ( 'NONE', #2343, .T. ) ;
#312 = CARTESIAN_POINT ( 'NONE',  ( 3.530443654364010975, 34.84360758743736142, 8.298645275845927927 ) ) ;
#313 = EDGE_CURVE ( 'NONE', #1868, #1602, #2712, .T. ) ;
#314 = ORIENTED_EDGE ( 'NONE', *, *, #1977, .T. ) ;
#315 = CARTESIAN_POINT ( 'NONE',  ( 1.417632302786240306, 33.05574425431998975, 8.887668268740460675 ) ) ;
#316 = CARTESIAN_POINT ( 'NONE',  ( -0.07141221954169266195, 30.15876995876254085, 9.019814513793471988 ) ) ;
#317 = CARTESIAN_POINT ( 'NONE',  ( 3.545623769550549920, 34.88347138058967545, 8.272190429117220134 ) ) ;
#318 = ADVANCED_FACE ( 'NONE', ( #1558 ), #3383, .F. ) ;
#319 = EDGE_CURVE ( 'NONE', #4503, #4695, #713, .T. ) ;
#320 = CARTESIAN_POINT ( 'NONE',  ( 0.7601397638002778123, 30.94943760965256985, 8.987841855178402284 ) ) ;
#321 = CARTESIAN_POINT ( 'NONE',  ( 0.05672319135631534448, 34.57969323670040040, 9.019821247089433669 ) ) ;
#322 = ORIENTED_EDGE ( 'NONE', *, *, #2134, .T. ) ;
#323 = CARTESIAN_POINT ( 'NONE',  ( 0.5384615384615384359, 65.00000000000000000, 8.983877735788572849 ) ) ;
#324 = CARTESIAN_POINT ( 'NONE',  ( 1.660256410256410575, 32.48247195512821150, 8.865538347223557381 ) ) ;
#325 = CARTESIAN_POINT ( 'NONE',  ( -0.06684929543294636234, 32.73537384950411422, 9.019870026784341022 ) ) ;
#326 = ORIENTED_EDGE ( 'NONE', *, *, #2316, .F. ) ;
#327 = CARTESIAN_POINT ( 'NONE',  ( 0.9021042838191041247, 36.08636726273291373, 8.954891708754836088 ) ) ;
#328 = EDGE_CURVE ( 'NONE', #1868, #1656, #889, .T. ) ;
#329 = CARTESIAN_POINT ( 'NONE',  ( 1.929487179487179072, 29.84415064102564585, 8.790604073666642648 ) ) ;
#330 = B_SPLINE_CURVE_WITH_KNOTS ( 'NONE', 3,
 ( #1212, #2716, #2352, #3884 ),
 .UNSPECIFIED., .F., .F.,
 ( 4, 4 ),
 ( 0.000000000000000000, 1.000000000000000000 ),
 .UNSPECIFIED. ) ;
#331 = CARTESIAN_POINT ( 'NONE',  ( 0.6066684306033577334, 31.79043470652728587, 8.979757291957852772 ) ) ;
#332 = CARTESIAN_POINT ( 'NONE',  ( 1.185319651275293706, 31.73048044850460769, 8.941604065403042867 ) ) ;
#333 = CARTESIAN_POINT ( 'NONE',  ( -1.062179315856892428E-15, 32.02592962024690593, 8.999999999999994671 ) ) ;
#334 = CARTESIAN_POINT ( 'NONE',  ( 1.886840320153561956, 35.82919327781014118, 8.819990545804172299 ) ) ;
#335 = VERTEX_POINT ( 'NONE', #1412 ) ;
#336 = CARTESIAN_POINT ( 'NONE',  ( 3.586168652383786348, 27.36936821225159733, 8.254659871532261661 ) ) ;
#337 = CARTESIAN_POINT ( 'NONE',  ( 2.992353333446488239, 36.16143726800181213, 8.487981004208112523 ) ) ;
#338 = ORIENTED_EDGE ( 'NONE', *, *, #250, .F. ) ;
#339 = B_SPLINE_SURFACE_WITH_KNOTS ( 'NONE', 3, 1, ( 
 ( #11, #4156 ),
 ( #114, #755 ),
 ( #1633, #1238 ),
 ( #63, #2267 ),
 ( #1578, #4545 ),
 ( #4257, #3085 ),
 ( #4597, #3804 ),
 ( #1206, #858 ),
 ( #463, #3140 ),
 ( #3781, #3032 ) ),
 .UNSPECIFIED., .F., .F., .F.,
 ( 4, 3, 3, 4 ),
 ( 2, 2 ),
 ( 0.000000000000000000, 0.3629135377613105229, 0.7258803200862449234, 1.000000000000000000 ),
 ( 0.000000000000000000, 1.000000000000000000 ),
 .UNSPECIFIED. ) ;
#340 = CARTESIAN_POINT ( 'NONE',  ( 1.929487179487179516, 29.84415064102564585, 8.790738263888568937 ) ) ;
#341 = CARTESIAN_POINT ( 'NONE',  ( 0.03392025233879723128, 27.65459625955082856, 9.000000000000007105 ) ) ;
#342 = CARTESIAN_POINT ( 'NONE',  ( 0.000000000000000000, 38.01923076923078781, 9.000000000000000000 ) ) ;
#343 = CARTESIAN_POINT ( 'NONE',  ( 0.8054863693707418060, 30.95994016504501190, 8.983998148007364293 ) ) ;
#344 = CARTESIAN_POINT ( 'NONE',  ( 1.957906774288968199, 25.95448592081755734, 8.784462722172643012 ) ) ;
#345 = ORIENTED_EDGE ( 'NONE', *, *, #3034, .T. ) ;
#346 = CARTESIAN_POINT ( 'NONE',  ( 1.601603737728353183, 35.73765405856772759, 8.856541053219068260 ) ) ;
#347 = CARTESIAN_POINT ( 'NONE',  ( 0.2824647219251222308, 35.00297440429100249, 9.015613666132324511 ) ) ;
#348 = CARTESIAN_POINT ( 'NONE',  ( -0.08430092606193385907, 29.75763339776232641, 8.999463683261533120 ) ) ;
#349 = VERTEX_POINT ( 'NONE', #692 ) ;
#350 = CARTESIAN_POINT ( 'NONE',  ( 1.166666666666666741, 1.334615384615392308, 8.924062353485036070 ) ) ;
#351 = CARTESIAN_POINT ( 'NONE',  ( 1.563704146123585659, 29.10001950965276052, 8.863290933904515612 ) ) ;
#352 = VECTOR ( 'NONE', #3177, 1000.000000000000000 ) ;
#353 = EDGE_CURVE ( 'NONE', #1923, #1331, #4878, .T. ) ;
#354 = CARTESIAN_POINT ( 'NONE',  ( 0.7535179289031556094, 31.72186410307821447, 8.968532760001412640 ) ) ;
#355 = CARTESIAN_POINT ( 'NONE',  ( 1.485531186109861679, 31.95278027635341189, 8.876651583028912995 ) ) ;
#356 = FACE_OUTER_BOUND ( 'NONE', #3872, .T. ) ;
#357 = CARTESIAN_POINT ( 'NONE',  ( 2.965755976980013031, 26.56204571112163038, 8.497771225398096817 ) ) ;
#358 = CC_DESIGN_APPROVAL ( #4142, ( #3752 ) ) ;
#359 = VECTOR ( 'NONE', #4380, 1000.000000000000000 ) ;
#360 = VERTEX_POINT ( 'NONE', #4090 ) ;
#361 = VECTOR ( 'NONE', #1526, 1000.000000000000000 ) ;
#362 = CARTESIAN_POINT ( 'NONE',  ( 3.548447216658944914, 35.52637070304408695, 8.270976859528575531 ) ) ;
#363 = EDGE_LOOP ( 'NONE', ( #702, #3499, #180, #2992 ) ) ;
#364 = CARTESIAN_POINT ( 'NONE',  ( 1.748597756410257054, 28.32692307692307665, 8.848499639592052546 ) ) ;
#365 = CARTESIAN_POINT ( 'NONE',  ( 0.07994231504651504172, 30.50735882840954005, 8.999896271251127899 ) ) ;
#366 = CARTESIAN_POINT ( 'NONE',  ( 0.000000000000000000, 63.79999999999999716, 0.000000000000000000 ) ) ;
#367 = CARTESIAN_POINT ( 'NONE',  ( 2.953975871038286183, 26.57083296680140450, 8.501690550330840423 ) ) ;
#368 = FACE_OUTER_BOUND ( 'NONE', #3675, .T. ) ;
#369 = COORDINATED_UNIVERSAL_TIME_OFFSET ( 5, 0, .BEHIND. ) ;
#370 = VERTEX_POINT ( 'NONE', #4431 ) ;
#371 = CARTESIAN_POINT ( 'NONE',  ( 1.750000000000000000, 35.19581330128205110, 8.848350798145837359 ) ) ;
#372 = CARTESIAN_POINT ( 'NONE',  ( 1.929487179487179294, 29.84415064102564585, 8.790738263888570714 ) ) ;
#373 = CARTESIAN_POINT ( 'NONE',  ( 0.5384615384615384359, 65.00000000000000000, 8.983877735788572849 ) ) ;
#374 = CARTESIAN_POINT ( 'NONE',  ( 2.594267554471422876, 34.52580765342405300, 8.638374908409030439 ) ) ;
#375 = CARTESIAN_POINT ( 'NONE',  ( 0.4873172489810211894, 35.87323837801379511, 9.007121060042811322 ) ) ;
#376 = CARTESIAN_POINT ( 'NONE',  ( 1.745858947851808507, 29.25911364331012621, 8.849232653755649380 ) ) ;
#377 = EDGE_CURVE ( 'NONE', #781, #2981, #1044, .T. ) ;
#378 = CARTESIAN_POINT ( 'NONE',  ( 1.985576923076923572, 32.77904647435897800, 8.778239247283270430 ) ) ;
#379 = CARTESIAN_POINT ( 'NONE',  ( 1.576056698198477379, 32.08971259064299630, 8.881069570782853972 ) ) ;
#380 = CARTESIAN_POINT ( 'NONE',  ( 0.9966143280427395279, 29.01229751616779495, 8.944518289848119252 ) ) ;
#381 = CARTESIAN_POINT ( 'NONE',  ( 2.137072632795507854, 33.04632053880207820, 8.743847685632838207 ) ) ;
#382 = ADVANCED_FACE ( 'NONE', ( #2993 ), #1725, .F. ) ;
#383 = ORIENTED_EDGE ( 'NONE', *, *, #1021, .F. ) ;
#384 = CARTESIAN_POINT ( 'NONE',  ( 2.652949746145429888, 34.52116614423074736, 8.620214096820927097 ) ) ;
#385 = ORIENTED_EDGE ( 'NONE', *, *, #882, .T. ) ;
#386 = CARTESIAN_POINT ( 'NONE',  ( 0.2440593746467207004, 27.91960660504603808, 8.996937258388689074 ) ) ;
#387 = CARTESIAN_POINT ( 'NONE',  ( 3.141025641025640969, 38.55769230769233502, 8.454094967595485954 ) ) ;
#388 = CARTESIAN_POINT ( 'NONE',  ( 2.463332055279092270, 34.22677878689942332, 8.656794219577172100 ) ) ;
#389 = CARTESIAN_POINT ( 'NONE',  ( 3.032269745235099290, 26.21958403755707678, 8.473921187339216843 ) ) ;
#390 = B_SPLINE_CURVE_WITH_KNOTS ( 'NONE', 3,
 ( #2440, #2064, #4746, #959, #3215, #3929, #3954, #3575, #538, #4724, #216, #2495 ),
 .UNSPECIFIED., .F., .F.,
 ( 4, 2, 2, 2, 2, 4 ),
 ( 4.336808689942017736E-19, 0.0004863210027289115601, 0.0009726420054578226865, 0.001215802506822278358, 0.001458963008186733813, 0.001945284010915645807 ),
 .UNSPECIFIED. ) ;
#391 = VERTEX_POINT ( 'NONE', #4137 ) ;
#392 = CARTESIAN_POINT ( 'NONE',  ( 8.809142651444723526E-16, 26.73253279485969358, 9.000000000000000000 ) ) ;
#393 = B_SPLINE_CURVE_WITH_KNOTS ( 'NONE', 3,
 ( #1960, #872, #27, #1198 ),
 .UNSPECIFIED., .F., .F.,
 ( 4, 4 ),
 ( 0.000000000000000000, 1.000000000000000000 ),
 .UNSPECIFIED. ) ;
#394 = DIRECTION ( 'NONE',  ( 0.000000000000000000, 0.000000000000000000, 1.000000000000000000 ) ) ;
#395 = CARTESIAN_POINT ( 'NONE',  ( 0.8857968544893858320, 36.40078592279202496, 8.956924718551784181 ) ) ;
#396 = DIRECTION ( 'NONE',  ( 0.000000000000000000, 1.000000000000000000, 0.000000000000000000 ) ) ;
#397 = CARTESIAN_POINT ( 'NONE',  ( -3.661079685940427098E-13, 27.57699738265930023, 9.000000000000000000 ) ) ;
#398 = DIRECTION ( 'NONE',  ( 0.000000000000000000, 0.000000000000000000, 1.000000000000000000 ) ) ;
#399 = CARTESIAN_POINT ( 'NONE',  ( 2.113123407157438294, 29.15636012944716171, 8.768868051076363912 ) ) ;
#400 = CARTESIAN_POINT ( 'NONE',  ( 1.485531186109861679, 31.95278027635341189, 8.896651682535230421 ) ) ;
#401 = CARTESIAN_POINT ( 'NONE',  ( 0.07495491134592414950, 31.87928553277461674, 8.999685219972581862 ) ) ;
#402 = VERTEX_POINT ( 'NONE', #3366 ) ;
#403 = CARTESIAN_POINT ( 'NONE',  ( 1.531238320841365352, 36.24627086269850196, 8.869062592059890449 ) ) ;
#404 = VERTEX_POINT ( 'NONE', #1438 ) ;
#405 = ADVANCED_FACE ( 'NONE', ( #736 ), #3737, .T. ) ;
#406 = CARTESIAN_POINT ( 'NONE',  ( 1.917711875288140133, 31.93924882001707743, 8.813418187128494452 ) ) ;
#407 = CARTESIAN_POINT ( 'NONE',  ( 8.572527594031473190E-16, 64.79999999999999716, -7.000000000000000000 ) ) ;
#408 = ORIENTED_EDGE ( 'NONE', *, *, #1226, .F. ) ;
#409 = EDGE_CURVE ( 'NONE', #4802, #391, #3669, .T. ) ;
#410 = CARTESIAN_POINT ( 'NONE',  ( 1.416649533202216871, 28.32127560355733209, 8.889379658485772495 ) ) ;
#411 = DIRECTION ( 'NONE',  ( 0.000000000000000000, 0.000000000000000000, 1.000000000000000000 ) ) ;
#412 = CARTESIAN_POINT ( 'NONE',  ( 2.277928966753949069, 34.31367913018413418, 8.727414798361527559 ) ) ;
#413 = CARTESIAN_POINT ( 'NONE',  ( 1.602184151576186544, 26.26422154739685055, 8.877523018960424395 ) ) ;
#414 = ORIENTED_EDGE ( 'NONE', *, *, #1076, .T. ) ;
#415 = B_SPLINE_CURVE_WITH_KNOTS ( 'NONE', 3,
 ( #520, #1685, #2022, #3534, #1660, #4308 ),
 .UNSPECIFIED., .F., .F.,
 ( 4, 2, 4 ),
 ( 0.000000000000000000, 0.0002531602326653328502, 0.0005063204653306657005 ),
 .UNSPECIFIED. ) ;
#416 = FACE_OUTER_BOUND ( 'NONE', #634, .T. ) ;
#417 = CARTESIAN_POINT ( 'NONE',  ( 0.000000000000000000, 28.82051282051282470, 0.02000000000000000042 ) ) ;
#418 = CARTESIAN_POINT ( 'NONE',  ( 1.582173002403635120, 32.10062554605281093, 8.859896863661402833 ) ) ;
#419 = CARTESIAN_POINT ( 'NONE',  ( 2.125230478852175420, 35.02329959968510309, 8.765664442273669366 ) ) ;
#420 = DIRECTION ( 'NONE',  ( -0.000000000000000000, -1.000000000000000000, -0.000000000000000000 ) ) ;
#421 = CARTESIAN_POINT ( 'NONE',  ( 2.003745585106266436, 32.65885885762869378, 8.774110760248269969 ) ) ;
#422 = CARTESIAN_POINT ( 'NONE',  ( 1.663793136887763868, 28.78197616844380846, 8.845401214864029527 ) ) ;
#423 = CARTESIAN_POINT ( 'NONE',  ( 0.01999408238906200119, 35.80786508570331250, 8.999896813253572603 ) ) ;
#424 = CARTESIAN_POINT ( 'NONE',  ( 0.8491452727836417136, 31.38317256840829472, 8.960850466941696624 ) ) ;
#425 = VERTEX_POINT ( 'NONE', #4205 ) ;
#426 = CARTESIAN_POINT ( 'NONE',  ( 3.582241309249426298, 35.32923044167460347, 8.256364256561013804 ) ) ;
#427 = ORIENTED_EDGE ( 'NONE', *, *, #3313, .T. ) ;
#428 = DIRECTION ( 'NONE',  ( 0.000000000000000000, 0.000000000000000000, 1.000000000000000000 ) ) ;
#429 = CARTESIAN_POINT ( 'NONE',  ( 1.178217582742184133, 31.39451842428892547, 8.942544666613731152 ) ) ;
#430 = VECTOR ( 'NONE', #104, 1000.000000000000000 ) ;
#431 = CIRCLE ( 'NONE', #32, 9.000000000000000000 ) ;
#432 = FACE_OUTER_BOUND ( 'NONE', #4496, .T. ) ;
#433 = EDGE_CURVE ( 'NONE', #671, #370, #3408, .T. ) ;
#434 = VERTEX_POINT ( 'NONE', #392 ) ;
#435 = B_SPLINE_CURVE_WITH_KNOTS ( 'NONE', 3,
 ( #3413, #448, #1955, #125, #3095, #4658 ),
 .UNSPECIFIED., .F., .F.,
 ( 4, 2, 4 ),
 ( 0.0005063204653306657005, 0.0007674815432394429919, 0.001028642621148220283 ),
 .UNSPECIFIED. ) ;
#436 = CARTESIAN_POINT ( 'NONE',  ( 3.589743589743591201, 27.15675080128205110, 8.273104928443284933 ) ) ;
#437 = CARTESIAN_POINT ( 'NONE',  ( 2.767421987736505162, 34.21017482485419947, 8.563960935800698948 ) ) ;
#438 = VECTOR ( 'NONE', #2874, 1000.000000000000000 ) ;
#439 = CARTESIAN_POINT ( 'NONE',  ( 2.131699212892910200, 34.44439125449177652, 8.763904074596871041 ) ) ;
#440 = CARTESIAN_POINT ( 'NONE',  ( 2.693709935897436125, 34.51923076923077360, 8.607562759454308932 ) ) ;
#441 = EDGE_CURVE ( 'NONE', #4101, #3235, #431, .T. ) ;
#442 = EDGE_LOOP ( 'NONE', ( #601, #4446, #298, #2795 ) ) ;
#443 = CARTESIAN_POINT ( 'NONE',  ( 0.3334800691499079095, 26.85145134717742366, 8.993819602564848026 ) ) ;
#444 = CARTESIAN_POINT ( 'NONE',  ( 0.2944711538461532996, 34.29066506410256920, 9.015181306652607418 ) ) ;
#445 = DIRECTION ( 'NONE',  ( 0.000000000000000000, 0.000000000000000000, 1.000000000000000000 ) ) ;
#446 = CARTESIAN_POINT ( 'NONE',  ( 3.499999999999998668, 38.35226362179489712, 8.311561975888499987 ) ) ;
#447 = CARTESIAN_POINT ( 'NONE',  ( 1.854879513426940907, 34.52190362438933846, 8.827319656323391328 ) ) ;
#448 = CARTESIAN_POINT ( 'NONE',  ( -0.03226685127766927563, 34.78284566530103206, 8.999999999999994671 ) ) ;
#449 = ADVANCED_FACE ( 'NONE', ( #416 ), #2297, .T. ) ;
#450 = CARTESIAN_POINT ( 'NONE',  ( 1.156850961538461453, 29.00000000000000355, 8.945340097317723504 ) ) ;
#451 = CARTESIAN_POINT ( 'NONE',  ( 2.019230769230769607, 32.41656650641025550, 8.790559109919486858 ) ) ;
#452 = CARTESIAN_POINT ( 'NONE',  ( 9.797174393178825657E-16, 1.200000000000006617, 8.000000000000000000 ) ) ;
#453 = ORIENTED_EDGE ( 'NONE', *, *, #1766, .T. ) ;
#454 = DIRECTION ( 'NONE',  ( 0.000000000000000000, 0.000000000000000000, 1.000000000000000000 ) ) ;
#455 = ORIENTED_EDGE ( 'NONE', *, *, #3769, .F. ) ;
#456 = CARTESIAN_POINT ( 'NONE',  ( 3.530443654364010975, 34.84360758743736142, 8.278645275845928353 ) ) ;
#457 = CARTESIAN_POINT ( 'NONE',  ( 1.985576923076922462, 32.77904647435897800, 8.778239247283270430 ) ) ;
#458 = FACE_OUTER_BOUND ( 'NONE', #1441, .T. ) ;
#459 = CARTESIAN_POINT ( 'NONE',  ( 1.949819711538461897, 34.70222355769230660, 8.786250798406339158 ) ) ;
#460 = ORIENTED_EDGE ( 'NONE', *, *, #2038, .T. ) ;
#461 = EDGE_CURVE ( 'NONE', #2562, #1990, #1637, .T. ) ;
#462 = ADVANCED_FACE ( 'NONE', ( #1164 ), #4841, .F. ) ;
#463 = CARTESIAN_POINT ( 'NONE',  ( -0.08724100764860426294, 35.12439954665509134, 8.999443992712031104 ) ) ;
#464 = PLANE ( 'NONE',  #4636 ) ;
#465 = CARTESIAN_POINT ( 'NONE',  ( 1.090475442819866858, 36.08346584550896807, 8.933849869244124164 ) ) ;
#466 = CARTESIAN_POINT ( 'NONE',  ( 1.012393825936241720, 26.34725226324795244, 8.964020324073841195 ) ) ;
#467 = ORIENTED_EDGE ( 'NONE', *, *, #3890, .F. ) ;
#468 = B_SPLINE_CURVE_WITH_KNOTS ( 'NONE', 3,
 ( #3097, #2304, #3440, #52, #1568, #1218, #2725, #2357, #1342, #2074 ),
 .UNSPECIFIED., .F., .F.,
 ( 4, 2, 2, 2, 4 ),
 ( 4.336808689942017736E-19, 0.0002500141435258908880, 0.0005000282870517813423, 0.0007500424305776718509, 0.001000056574103562251 ),
 .UNSPECIFIED. ) ;
#469 = CARTESIAN_POINT ( 'NONE',  ( 0.4847142157781373917, 26.62842381490408172, 8.986937861642449121 ) ) ;
#470 = CARTESIAN_POINT ( 'NONE',  ( 3.499999999999995559, 30.25641025641025905, 8.291561975888502189 ) ) ;
#471 = CARTESIAN_POINT ( 'NONE',  ( 1.201501011645222716, 31.73484127209473016, 8.919546801292296934 ) ) ;
#472 = CARTESIAN_POINT ( 'NONE',  ( 2.125230478852175420, 35.02329959968510309, 8.745410710547666611 ) ) ;
#473 = CARTESIAN_POINT ( 'NONE',  ( 0.3140754542145596240, 35.56450664242205306, 9.014665840367609206 ) ) ;
#474 = CARTESIAN_POINT ( 'NONE',  ( 2.003745585106266436, 32.65885885762869378, 8.794110957532133455 ) ) ;
#475 = CARTESIAN_POINT ( 'NONE',  ( 2.226168857871416051, 29.39880252907314073, 8.740330969416294948 ) ) ;
#476 = CARTESIAN_POINT ( 'NONE',  ( -0.08573927179063825510, 35.38255988432629096, 9.019592480408743285 ) ) ;
#477 = LINE ( 'NONE', #1980, #1239 ) ;
#478 = ORIENTED_EDGE ( 'NONE', *, *, #552, .T. ) ;
#479 = CARTESIAN_POINT ( 'NONE',  ( 0.000000000000000000, 63.79999999999999716, 0.000000000000000000 ) ) ;
#480 = ORIENTED_EDGE ( 'NONE', *, *, #3313, .F. ) ;
#481 = CARTESIAN_POINT ( 'NONE',  ( 0.2727807283724232867, 27.06012194334135046, 8.995865899830102208 ) ) ;
#482 = CARTESIAN_POINT ( 'NONE',  ( 0.9937843284211402839, 33.21696751702882722, 8.944872534599795699 ) ) ;
#483 = CARTESIAN_POINT ( 'NONE',  ( -0.08974358974358936925, 32.47195512820512420, 9.019552549327102042 ) ) ;
#484 = CARTESIAN_POINT ( 'NONE',  ( 2.381865923009739205, 34.26047926431006374, 8.679436429723651258 ) ) ;
#485 = ORIENTED_EDGE ( 'NONE', *, *, #2881, .T. ) ;
#486 = VERTEX_POINT ( 'NONE', #2351 ) ;
#487 = CARTESIAN_POINT ( 'NONE',  ( 0.8974358974358975782, 30.97435897435897445, 8.955144265169234785 ) ) ;
#488 = CARTESIAN_POINT ( 'NONE',  ( 0.000000000000000000, 38.01923076923078781, 0.02000000000000000042 ) ) ;
#489 = EDGE_LOOP ( 'NONE', ( #4361, #2271, #314, #204 ) ) ;
#490 = EDGE_CURVE ( 'NONE', #486, #1923, #4558, .T. ) ;
#491 = CARTESIAN_POINT ( 'NONE',  ( 2.286521649496708886, 29.85726881105085440, 8.704701187845468979 ) ) ;
#492 = CARTESIAN_POINT ( 'NONE',  ( 0.9676850012752077346, 27.94658403395062862, 8.969079645455298788 ) ) ;
#493 = CARTESIAN_POINT ( 'NONE',  ( 2.913946323176916486, 35.84994937584049524, 8.535216780891841992 ) ) ;
#494 = FACE_BOUND ( 'NONE', #4563, .T. ) ;
#495 = CARTESIAN_POINT ( 'NONE',  ( 0.2729008336928377410, 32.55123615835128703, 9.015864722630372086 ) ) ;
#496 = CARTESIAN_POINT ( 'NONE',  ( 0.5747849624882416242, 33.46169940609725302, 8.982162436719285381 ) ) ;
#497 = CARTESIAN_POINT ( 'NONE',  ( 2.113123407157438294, 29.15636012944716171, 8.748737601388503649 ) ) ;
#498 = CARTESIAN_POINT ( 'NONE',  ( 0.9801682692307693845, 36.08974358974359831, 8.946466909567885040 ) ) ;
#499 = CARTESIAN_POINT ( 'NONE',  ( -0.05855875834171427041, 32.20267283204041320, 8.999806840621900506 ) ) ;
#500 = ORIENTED_EDGE ( 'NONE', *, *, #4649, .F. ) ;
#501 = CARTESIAN_POINT ( 'NONE',  ( 2.724180755729778358, 36.22293063164236315, 8.577878788718901859 ) ) ;
#502 = EDGE_CURVE ( 'NONE', #671, #1462, #2310, .T. ) ;
#503 = ADVANCED_FACE ( 'NONE', ( #2690 ), #4764, .F. ) ;
#504 = CARTESIAN_POINT ( 'NONE',  ( 3.570158931063614371, 34.95586901526068146, 8.281708622331564129 ) ) ;
#505 = CARTESIAN_POINT ( 'NONE',  ( 1.024268112006589515, 33.21590514541200179, 8.961717853794938904 ) ) ;
#506 = CARTESIAN_POINT ( 'NONE',  ( 1.772943954514819120, 31.73801225219801481, 8.843642656757429776 ) ) ;
#507 = CARTESIAN_POINT ( 'NONE',  ( 0.3404403377880230730, 27.46632834852796989, 8.994094284153311136 ) ) ;
#508 = ORIENTED_EDGE ( 'NONE', *, *, #3257, .T. ) ;
#509 = CIRCLE ( 'NONE', #3118, 9.000000000000000000 ) ;
#510 = VECTOR ( 'NONE', #2715, 1000.000000000000000 ) ;
#511 = CARTESIAN_POINT ( 'NONE',  ( 0.9281475137921596508, 28.30000343491710879, 8.979613981828306279 ) ) ;
#512 = CARTESIAN_POINT ( 'NONE',  ( 3.229359947020274291, 35.14808708326290088, 8.420803163894897025 ) ) ;
#513 = CC_DESIGN_APPROVAL ( #262, ( #1625 ) ) ;
#514 = VECTOR ( 'NONE', #4138, 1000.000000000000000 ) ;
#515 = ORIENTED_EDGE ( 'NONE', *, *, #1163, .F. ) ;
#516 = CARTESIAN_POINT ( 'NONE',  ( 0.7493248241185226366, 26.44232862427670128, 8.968933133993019169 ) ) ;
#517 = VECTOR ( 'NONE', #1010, 1000.000000000000000 ) ;
#518 = FACE_OUTER_BOUND ( 'NONE', #4535, .T. ) ;
#519 = DIRECTION ( 'NONE',  ( 0.000000000000000000, 0.000000000000000000, 1.000000000000000000 ) ) ;
#520 = CARTESIAN_POINT ( 'NONE',  ( 0.2944711538461538547, 34.29066506410256920, 8.995181306652607844 ) ) ;
#521 = CARTESIAN_POINT ( 'NONE',  ( 1.854879513426940907, 34.52190362438933846, 8.807071563377048662 ) ) ;
#522 = CARTESIAN_POINT ( 'NONE',  ( 3.458341080049418537, 35.73107821498899739, 8.329023827986203443 ) ) ;
#523 = CARTESIAN_POINT ( 'NONE',  ( 1.635655909300453903, 34.74263048943041099, 8.850119993045465705 ) ) ;
#524 = CARTESIAN_POINT ( 'NONE',  ( 1.047868431888420826, 31.37999725780570159, 8.959033871902898127 ) ) ;
#525 = CARTESIAN_POINT ( 'NONE',  ( 1.051175809325954447, 31.38008761662278800, 8.938670731140312853 ) ) ;
#526 = EDGE_CURVE ( 'NONE', #4588, #1891, #218, .T. ) ;
#527 = EDGE_CURVE ( 'NONE', #3650, #3552, #1144, .T. ) ;
#528 = ORIENTED_EDGE ( 'NONE', *, *, #1217, .T. ) ;
#529 = CARTESIAN_POINT ( 'NONE',  ( 2.834122499212245572, 27.81894183983702362, 8.563974867252358791 ) ) ;
#530 = CARTESIAN_POINT ( 'NONE',  ( 2.991051181680228321, 34.62364020868639614, 8.508752779697733359 ) ) ;
#531 = CARTESIAN_POINT ( 'NONE',  ( 2.220452724358973562, 30.19961939102563875, 8.741788216810059353 ) ) ;
#532 = CARTESIAN_POINT ( 'NONE',  ( 0.9128422595811619411, 33.53009443650031329, 8.973812062993294703 ) ) ;
#533 = EDGE_CURVE ( 'NONE', #3341, #2367, #618, .T. ) ;
#534 = CARTESIAN_POINT ( 'NONE',  ( 0.2426552035765737469, 26.38390089340979827, 8.996971675269618274 ) ) ;
#535 = ORIENTED_EDGE ( 'NONE', *, *, #4850, .F. ) ;
#536 = ORIENTED_EDGE ( 'NONE', *, *, #526, .T. ) ;
#537 = CARTESIAN_POINT ( 'NONE',  ( 0.6007845755133243149, 33.11240909660003240, 9.000115074818809902 ) ) ;
#538 = CARTESIAN_POINT ( 'NONE',  ( 3.015073665711257789, 26.62564148712034751, 8.500101108902525127 ) ) ;
#539 = ORIENTED_EDGE ( 'NONE', *, *, #1435, .T. ) ;
#540 = B_SPLINE_CURVE_WITH_KNOTS ( 'NONE', 3,
 ( #3361, #296, #664, #4014, #1040, #2173, #4477, #2569, #4821, #642, #2543, #4845 ),
 .UNSPECIFIED., .F., .F.,
 ( 4, 2, 2, 2, 2, 4 ),
 ( 0.000000000000000000, 0.0002842233970386046906, 0.0005684467940772093813, 0.0008526701911158140719, 0.0009947818896351163630, 0.001136893588154418763 ),
 .UNSPECIFIED. ) ;
#541 = DIRECTION ( 'NONE',  ( 0.000000000000000000, 0.000000000000000000, -1.000000000000000000 ) ) ;
#542 = CARTESIAN_POINT ( 'NONE',  ( 3.589743589743591201, 27.15675080128205110, 8.253104928443287136 ) ) ;
#543 = CARTESIAN_POINT ( 'NONE',  ( 2.772878196647779347, 35.90245186862100724, 8.582192856187841556 ) ) ;
#544 = DIRECTION ( 'NONE',  ( 0.000000000000000000, 0.000000000000000000, -1.000000000000000000 ) ) ;
#545 = DIRECTION ( 'NONE',  ( -1.000000000000000000, 0.000000000000000000, 0.000000000000000000 ) ) ;
#546 = CARTESIAN_POINT ( 'NONE',  ( 3.086630433583221311, 36.12128957305876042, 8.474744549658796089 ) ) ;
#547 = CARTESIAN_POINT ( 'NONE',  ( 1.373788863335931643, 34.44933455032374070, 8.894725824198138397 ) ) ;
#548 = DIRECTION ( 'NONE',  ( -0.000000000000000000, -1.000000000000000000, -0.000000000000000000 ) ) ;
#549 = CARTESIAN_POINT ( 'NONE',  ( 1.798022475982624657, 30.49181439291909967, 8.818702396211557826 ) ) ;
#550 = ORIENTED_EDGE ( 'NONE', *, *, #4040, .T. ) ;
#551 = DIRECTION ( 'NONE',  ( 0.000000000000000000, -1.000000000000000000, 0.000000000000000000 ) ) ;
#552 = EDGE_CURVE ( 'NONE', #3727, #771, #3531, .T. ) ;
#553 = LINE ( 'NONE', #1349, #832 ) ;
#554 = CARTESIAN_POINT ( 'NONE',  ( 2.030493150040752592, 35.85230766360871257, 8.768104455245758544 ) ) ;
#555 = LINE ( 'NONE', #2513, #352 ) ;
#556 = LINE ( 'NONE', #2057, #2485 ) ;
#557 = CARTESIAN_POINT ( 'NONE',  ( 1.039201663700114686, 29.00452332758209550, 8.939988252894394805 ) ) ;
#558 = ORIENTED_EDGE ( 'NONE', *, *, #4618, .F. ) ;
#559 = ORIENTED_EDGE ( 'NONE', *, *, #2732, .T. ) ;
#560 = EDGE_CURVE ( 'NONE', #129, #2350, #4559, .T. ) ;
#561 = EDGE_CURVE ( 'NONE', #3500, #2475, #3910, .T. ) ;
#562 = CARTESIAN_POINT ( 'NONE',  ( 0.2692307692307692180, 35.21614583333333570, 8.995972142736960109 ) ) ;
#563 = FACE_OUTER_BOUND ( 'NONE', #4112, .T. ) ;
#564 = CARTESIAN_POINT ( 'NONE',  ( 1.237768655114176886, 28.68791953921170546, 8.934984883547009815 ) ) ;
#565 = ORIENTED_EDGE ( 'NONE', *, *, #980, .T. ) ;
#566 = EDGE_CURVE ( 'NONE', #3844, #2954, #3430, .T. ) ;
#567 = CARTESIAN_POINT ( 'NONE',  ( 0.2692307692307692180, 27.14623397435897800, 8.995972142736954780 ) ) ;
#568 = CARTESIAN_POINT ( 'NONE',  ( 0.9640898690830663753, 34.34093799475537878, 8.968476356517506076 ) ) ;
#569 = LINE ( 'NONE', #2840, #3365 ) ;
#570 = CARTESIAN_POINT ( 'NONE',  ( 1.118630677197914869, 28.00974682160885010, 8.935061419814619654 ) ) ;
#571 = CARTESIAN_POINT ( 'NONE',  ( 0.9019152104782744983, 36.40125619374666854, 8.975139624704603136 ) ) ;
#572 = ORIENTED_EDGE ( 'NONE', *, *, #3616, .F. ) ;
#573 = CARTESIAN_POINT ( 'NONE',  ( 1.925842214664429841, 29.73589036263300400, 8.791540337020261831 ) ) ;
#574 = CARTESIAN_POINT ( 'NONE',  ( 0.09332408154543904433, 29.21231309126071096, 9.019723307229387643 ) ) ;
#575 = ORIENTED_EDGE ( 'NONE', *, *, #3699, .T. ) ;
#576 = CARTESIAN_POINT ( 'NONE',  ( 2.527576478298379392, 35.88224722334017258, 8.657883133233562845 ) ) ;
#577 = CARTESIAN_POINT ( 'NONE',  ( 3.017081480832532137, 34.27031410580710258, 8.479786769886075604 ) ) ;
#578 = CARTESIAN_POINT ( 'NONE',  ( 0.5370636847766375732, 30.50352738352616910, 8.984054874581191896 ) ) ;
#579 = CARTESIAN_POINT ( 'NONE',  ( 1.570512820512820484, 62.18461538461537685, 8.861912292536235469 ) ) ;
#580 = CARTESIAN_POINT ( 'NONE',  ( 1.685850875732446852, 33.34504925155083299, 8.866289856577699524 ) ) ;
#581 = CARTESIAN_POINT ( 'NONE',  ( 2.288461538461538769, 29.78735977564102910, 8.704191162134611304 ) ) ;
#582 = B_SPLINE_CURVE_WITH_KNOTS ( 'NONE', 3,
 ( #2853, #978, #4028, #1300 ),
 .UNSPECIFIED., .F., .F.,
 ( 4, 4 ),
 ( 0.000000000000000000, 1.000000000000000000 ),
 .UNSPECIFIED. ) ;
#583 = VERTEX_POINT ( 'NONE', #3217 ) ;
#584 = ORIENTED_EDGE ( 'NONE', *, *, #2501, .F. ) ;
#585 = FACE_OUTER_BOUND ( 'NONE', #1572, .T. ) ;
#586 = B_SPLINE_CURVE_WITH_KNOTS ( 'NONE', 3,
 ( #2923, #211, #3234, #4742, #2758, #2552, #3900, #507, #1650, #3158 ),
 .UNSPECIFIED., .F., .F.,
 ( 4, 2, 2, 2, 4 ),
 ( 2.168404344971008868E-19, 0.0004750654302179809700, 0.0009501308604359617231, 0.001425196290653942422, 0.001900261720871923229 ),
 .UNSPECIFIED. ) ;
#587 = CARTESIAN_POINT ( 'NONE',  ( 1.748597756410256832, 28.32692307692307665, 8.828258929785658182 ) ) ;
#588 = EDGE_CURVE ( 'NONE', #3775, #2760, #592, .T. ) ;
#589 = FACE_OUTER_BOUND ( 'NONE', #4316, .T. ) ;
#590 = ORIENTED_EDGE ( 'NONE', *, *, #4430, .T. ) ;
#591 = VECTOR ( 'NONE', #3959, 1000.000000000000000 ) ;
#592 = LINE ( 'NONE', #567, #4076 ) ;
#593 = CARTESIAN_POINT ( 'NONE',  ( 8.572527594031473190E-16, 65.00000000000000000, -7.000000000000000000 ) ) ;
#594 = CARTESIAN_POINT ( 'NONE',  ( 0.7257281889498996552, 36.03885545216837016, 8.990812662048028869 ) ) ;
#595 = AXIS2_PLACEMENT_3D ( 'NONE', #21, #811, #2278 ) ;
#596 = EDGE_CURVE ( 'NONE', #1810, #1679, #1285, .T. ) ;
#597 = EDGE_CURVE ( 'NONE', #2609, #1593, #3826, .T. ) ;
#598 = CIRCLE ( 'NONE', #3355, 9.000000000000000000 ) ;
#599 = CARTESIAN_POINT ( 'NONE',  ( 1.750000000000000000, 28.01282051282051100, 8.827960824663675155 ) ) ;
#600 = CARTESIAN_POINT ( 'NONE',  ( 2.686698717948718063, 35.91025641025641590, 8.589624555181252674 ) ) ;
#601 = ORIENTED_EDGE ( 'NONE', *, *, #4642, .T. ) ;
#602 = VECTOR ( 'NONE', #3498, 1000.000000000000000 ) ;
#603 = CARTESIAN_POINT ( 'NONE',  ( -0.08669968951288152537, 26.94736310521713918, 8.999356037121733820 ) ) ;
#604 = CARTESIAN_POINT ( 'NONE',  ( -0.05569416465847825543, 29.56463758234269434, 8.999696990493729842 ) ) ;
#605 = ORIENTED_EDGE ( 'NONE', *, *, #2610, .T. ) ;
#606 = CARTESIAN_POINT ( 'NONE',  ( 0.8974358974358975782, 65.00000000000000000, 8.975144265169232582 ) ) ;
#607 = VECTOR ( 'NONE', #1361, 1000.000000000000000 ) ;
#608 = CARTESIAN_POINT ( 'NONE',  ( 0.2838518876868255658, 29.00369211785558576, 9.015522669965127633 ) ) ;
#609 = CARTESIAN_POINT ( 'NONE',  ( 0.6012853092821305312, 30.54568344106672839, 8.999891757523668545 ) ) ;
#610 = CARTESIAN_POINT ( 'NONE',  ( 0.09611612824608806172, 33.09740358890167755, 9.019929599951558075 ) ) ;
#611 = DIRECTION ( 'NONE',  ( 0.000000000000000000, 0.000000000000000000, -1.000000000000000000 ) ) ;
#612 = ORIENTED_EDGE ( 'NONE', *, *, #984, .T. ) ;
#613 = CARTESIAN_POINT ( 'NONE',  ( 0.9906850961538462563, 36.40384615384615330, 8.945308437402180957 ) ) ;
#614 = CARTESIAN_POINT ( 'NONE',  ( -0.02688118084646090242, 27.56812515569404454, 9.020702070274630557 ) ) ;
#615 = CARTESIAN_POINT ( 'NONE',  ( 0.7580569469464676358, 34.05294185004931506, 8.968256078079210880 ) ) ;
#616 = ORIENTED_EDGE ( 'NONE', *, *, #2526, .F. ) ;
#617 = ADVANCED_FACE ( 'NONE', ( #2042 ), #3554, .F. ) ;
#618 = LINE ( 'NONE', #240, #4859 ) ;
#619 = CARTESIAN_POINT ( 'NONE',  ( -0.08974358974358974395, 35.21965144230769340, 8.999552549327102469 ) ) ;
#620 = CARTESIAN_POINT ( 'NONE',  ( 0.4982575688463598551, 26.60819455863643412, 9.006363022973717491 ) ) ;
#621 = CARTESIAN_POINT ( 'NONE',  ( 0.6402761360337932972, 30.92167644926758641, 8.998001836941019960 ) ) ;
#622 = DIRECTION ( 'NONE',  ( 0.000000000000000000, 0.000000000000000000, 1.000000000000000000 ) ) ;
#623 = ORIENTED_EDGE ( 'NONE', *, *, #201, .F. ) ;
#624 = CARTESIAN_POINT ( 'NONE',  ( 1.737795949179945509, 35.03636275654583443, 8.850632210607223271 ) ) ;
#625 = CARTESIAN_POINT ( 'NONE',  ( 0.2047209157273174041, 26.39560761672521494, 9.018416545644123872 ) ) ;
#626 = CARTESIAN_POINT ( 'NONE',  ( 0.4004759955151973583, 28.89959079546787635, 9.011842619970099832 ) ) ;
#627 = ORIENTED_EDGE ( 'NONE', *, *, #2349, .T. ) ;
#628 = CARTESIAN_POINT ( 'NONE',  ( 2.971115934969434047, 27.73027513732621330, 8.516587429170639822 ) ) ;
#629 = EDGE_CURVE ( 'NONE', #1714, #3165, #4, .T. ) ;
#630 = CARTESIAN_POINT ( 'NONE',  ( 0.1799105353545161490, 29.09647252518341176, 9.018802518190819129 ) ) ;
#631 = CARTESIAN_POINT ( 'NONE',  ( 0.6899012894627436498, 30.60385232714321901, 8.993958112832951102 ) ) ;
#632 = CARTESIAN_POINT ( 'NONE',  ( 2.198043156763089812, 34.37359111414683355, 8.747729911234404909 ) ) ;
#633 = FACE_OUTER_BOUND ( 'NONE', #3734, .T. ) ;
#634 = EDGE_LOOP ( 'NONE', ( #2212, #739, #213, #2073 ) ) ;
#635 = CARTESIAN_POINT ( 'NONE',  ( 1.724018745615664150, 36.06458111663360455, 8.833559828376237988 ) ) ;
#636 = CARTESIAN_POINT ( 'NONE',  ( 3.589743589743592533, 35.19861778846154010, 8.253104928443292465 ) ) ;
#637 = B_SPLINE_CURVE_WITH_KNOTS ( 'NONE', 3,
 ( #764, #2182, #3046, #4829 ),
 .UNSPECIFIED., .F., .F.,
 ( 4, 4 ),
 ( 0.000000000000000000, 1.000000000000000000 ),
 .UNSPECIFIED. ) ;
#638 = VERTEX_POINT ( 'NONE', #4083 ) ;
#639 = CARTESIAN_POINT ( 'NONE',  ( 1.913946937682686311, 30.04312201686950345, 8.794134813597926481 ) ) ;
#640 = CARTESIAN_POINT ( 'NONE',  ( 0.9822716346153845812, 31.37820512820512775, 8.946236216187790191 ) ) ;
#641 = CARTESIAN_POINT ( 'NONE',  ( 2.543992652722225412, 27.94180966316688952, 8.654300058278687757 ) ) ;
#642 = CARTESIAN_POINT ( 'NONE',  ( 0.2729008336928356315, 32.55123615835128703, 8.995864722630379617 ) ) ;
#643 = DIRECTION ( 'NONE',  ( 0.000000000000000000, -0.000000000000000000, -1.000000000000000000 ) ) ;
#644 = CALENDAR_DATE ( 2026, 1, 3 ) ;
#645 = ORIENTED_EDGE ( 'NONE', *, *, #3699, .F. ) ;
#646 = CARTESIAN_POINT ( 'NONE',  ( 1.053694568986280444, 36.08687620663908291, 8.938053825013819065 ) ) ;
#647 = CARTESIAN_POINT ( 'NONE',  ( 1.657211105687441677, 29.16400674635783474, 8.846402177034923042 ) ) ;
#648 = CARTESIAN_POINT ( 'NONE',  ( 0.000000000000000000, 0.2000000000000000111, -7.000000000000000000 ) ) ;
#649 = ORIENTED_EDGE ( 'NONE', *, *, #767, .T. ) ;
#650 = CARTESIAN_POINT ( 'NONE',  ( 2.552750706716070184, 36.21702309740827275, 8.650873753276624001 ) ) ;
#651 = EDGE_CURVE ( 'NONE', #2418, #3846, #4622, .T. ) ;
#652 = CARTESIAN_POINT ( 'NONE',  ( -0.07339856584273117546, 29.68408051035824968, 9.019700697830533187 ) ) ;
#653 = LINE ( 'NONE', #4441, #3207 ) ;
#654 = CARTESIAN_POINT ( 'NONE',  ( 1.019431089743589869, 34.02564102564103621, 8.942078072420537538 ) ) ;
#655 = CARTESIAN_POINT ( 'NONE',  ( 1.992588141025639858, 33.14082532051281760, 8.796650414608295776 ) ) ;
#656 = B_SPLINE_SURFACE_WITH_KNOTS ( 'NONE', 3, 1, ( 
 ( #78, #2332 ),
 ( #424, #1592 ),
 ( #770, #2282 ),
 ( #1934, #1644 ),
 ( #3489, #2676 ),
 ( #4610, #3894 ),
 ( #1570, #4214 ),
 ( #3127, #3794 ),
 ( #2727, #4191 ),
 ( #401, #1910 ),
 ( #3075, #790 ),
 ( #4587, #2699 ),
 ( #499, #814 ),
 ( #3843, #3465 ),
 ( #4245, #2003 ),
 ( #847, #2359 ) ),
 .UNSPECIFIED., .F., .F., .F.,
 ( 4, 3, 3, 3, 3, 4 ),
 ( 2, 2 ),
 ( 0.000000000000000000, 0.2371758149729492615, 0.4368306437963351829, 0.6364724696681470784, 0.8416874558979912102, 1.000000000000000000 ),
 ( 0.000000000000000000, 1.000000000000000000 ),
 .UNSPECIFIED. ) ;
#657 = EDGE_LOOP ( 'NONE', ( #3870, #4493 ) ) ;
#658 = DIRECTION ( 'NONE',  ( 0.000000000000000000, 0.000000000000000000, -1.000000000000000000 ) ) ;
#659 = CARTESIAN_POINT ( 'NONE',  ( -0.08974358974358974395, 32.47195512820512420, 8.999552549327102469 ) ) ;
#660 = EDGE_LOOP ( 'NONE', ( #181, #4628, #3153, #1354 ) ) ;
#661 = CARTESIAN_POINT ( 'NONE',  ( 1.842020383706952202, 30.36690106790143062, 8.829543296412042608 ) ) ;
#662 = CYLINDRICAL_SURFACE ( 'NONE', #4468, 7.000000000000000000 ) ;
#663 = DIRECTION ( 'NONE',  ( 0.000000000000000000, -1.000000000000000000, 0.000000000000000000 ) ) ;
#664 = CARTESIAN_POINT ( 'NONE',  ( 0.7734441063932478988, 33.19870483078539536, 8.967122701462770351 ) ) ;
#665 = CARTESIAN_POINT ( 'NONE',  ( 3.435735342315323404, 26.60395116305740615, 8.318455599472594386 ) ) ;
#666 = ORIENTED_EDGE ( 'NONE', *, *, #1292, .T. ) ;
#667 = VECTOR ( 'NONE', #1216, 1000.000000000000000 ) ;
#668 = CARTESIAN_POINT ( 'NONE',  ( 1.527283769063295660, 35.82266605297451179, 8.869338632953240875 ) ) ;
#669 = CARTESIAN_POINT ( 'NONE',  ( 2.534221831618402643, 34.54680422660042183, 8.635934722509247763 ) ) ;
#670 = LINE ( 'NONE', #2180, #4858 ) ;
#671 = VERTEX_POINT ( 'NONE', #2168 ) ;
#672 = CARTESIAN_POINT ( 'NONE',  ( 2.916666666666666963, 65.00000000000000000, 8.514285381378494222 ) ) ;
#673 = CARTESIAN_POINT ( 'NONE',  ( 1.216779657717274477, 34.37094280931695778, 8.917510987059102945 ) ) ;
#674 = CIRCLE ( 'NONE', #3594, 7.000000000000000000 ) ;
#675 = ADVANCED_FACE ( 'NONE', ( #2193 ), #4498, .T. ) ;
#676 = CARTESIAN_POINT ( 'NONE',  ( 0.7535179289031556094, 31.72186410307821447, 8.988788477460644799 ) ) ;
#677 = CARTESIAN_POINT ( 'NONE',  ( 1.634335387198208922, 32.26154727256331256, 8.850364277370267985 ) ) ;
#678 = CARTESIAN_POINT ( 'NONE',  ( 2.010406031922455483, 32.59841006270288233, 8.792586140176101850 ) ) ;
#679 = AXIS2_PLACEMENT_3D ( 'NONE', #3961, #4383, #2815 ) ;
#680 = DIRECTION ( 'NONE',  ( 0.000000000000000000, -1.000000000000000000, 0.000000000000000000 ) ) ;
#681 = ADVANCED_FACE ( 'NONE', ( #2986 ), #4423, .F. ) ;
#682 = CARTESIAN_POINT ( 'NONE',  ( 2.007066037711814133, 35.81824837729555355, 8.793546857015751783 ) ) ;
#683 = CARTESIAN_POINT ( 'NONE',  ( 3.017081480832532137, 34.27031410580710258, 8.499786769886075177 ) ) ;
#684 = VERTEX_POINT ( 'NONE', #3754 ) ;
#685 = DIRECTION ( 'NONE',  ( -0.000000000000000000, -1.000000000000000000, -0.000000000000000000 ) ) ;
#686 = CARTESIAN_POINT ( 'NONE',  ( -0.07141221954169266195, 30.15876995876254085, 8.999674498220398888 ) ) ;
#687 = LINE ( 'NONE', #342, #3351 ) ;
#688 = CARTESIAN_POINT ( 'NONE',  ( 1.246968145402201689, 36.03762550090193884, 8.933331326020081065 ) ) ;
#689 = CARTESIAN_POINT ( 'NONE',  ( 2.112738807292334542, 25.96413741474638215, 8.748544689122475404 ) ) ;
#690 = PERSON_AND_ORGANIZATION_ROLE ( 'creator' ) ;
#691 = ORIENTED_EDGE ( 'NONE', *, *, #230, .F. ) ;
#692 = CARTESIAN_POINT ( 'NONE',  ( 1.884615384615385691, 62.18461538461537685, 8.800467308732587313 ) ) ;
#693 = CARTESIAN_POINT ( 'NONE',  ( 0.2712884434414248869, 35.10885307771187058, 9.015910560819875741 ) ) ;
#694 = CARTESIAN_POINT ( 'NONE',  ( 0.4609285415443556966, 33.40421825793436739, 8.988048197462337185 ) ) ;
#695 = EDGE_LOOP ( 'NONE', ( #4881, #3820, #3327, #246, #224 ) ) ;
#696 = CARTESIAN_POINT ( 'NONE',  ( 0.000000000000000000, 64.79999999999999716, 7.000000000000000000 ) ) ;
#697 = CARTESIAN_POINT ( 'NONE',  ( 1.688815430917101956, 29.20310363530526487, 8.860130227564315675 ) ) ;
#698 = CARTESIAN_POINT ( 'NONE',  ( 0.4093480691338381994, 31.98481990772573269, 8.990809947403745284 ) ) ;
#699 = CARTESIAN_POINT ( 'NONE',  ( 0.9062648070545299417, 34.34515632921291939, 8.954409266379704135 ) ) ;
#700 = DIRECTION ( 'NONE',  ( 0.000000000000000000, 0.000000000000000000, 1.000000000000000000 ) ) ;
#701 = CARTESIAN_POINT ( 'NONE',  ( 2.786071084053893365, 32.62182200819334810, 8.557928547419331622 ) ) ;
#702 = ORIENTED_EDGE ( 'NONE', *, *, #4867, .T. ) ;
#703 = CARTESIAN_POINT ( 'NONE',  ( 0.000000000000000000, 64.79999999999999716, 0.000000000000000000 ) ) ;
#704 = CARTESIAN_POINT ( 'NONE',  ( 2.794304987820348085, 36.21985576006853336, 8.555901039344186998 ) ) ;
#705 = ORIENTED_EDGE ( 'NONE', *, *, #882, .F. ) ;
#706 = CARTESIAN_POINT ( 'NONE',  ( 1.215579396707790583, 33.17877104434409574, 8.917680938962286419 ) ) ;
#707 = CARTESIAN_POINT ( 'NONE',  ( 0.000000000000000000, 0.000000000000000000, -7.000000000000000000 ) ) ;
#708 = CARTESIAN_POINT ( 'NONE',  ( 3.413500026018013944, 34.59544350559362158, 8.328019466437007523 ) ) ;
#709 = CARTESIAN_POINT ( 'NONE',  ( -0.07141221954169266195, 30.15876995876254085, 9.019814513793470212 ) ) ;
#710 = CARTESIAN_POINT ( 'NONE',  ( 0.000000000000000000, 1.200000000000006617, -9.000000000000000000 ) ) ;
#711 = EDGE_CURVE ( 'NONE', #1595, #2441, #1381, .T. ) ;
#712 = EDGE_LOOP ( 'NONE', ( #627, #2560, #1136, #1878 ) ) ;
#713 = B_SPLINE_CURVE_WITH_KNOTS ( 'NONE', 3,
 ( #1208, #3806, #1921, #3012, #4897, #3453, #3426, #733, #4572, #465, #65, #2687 ),
 .UNSPECIFIED., .F., .F.,
 ( 4, 2, 2, 2, 2, 4 ),
 ( 0.000000000000000000, 0.0003249640554226993221, 0.0006499281108453986442, 0.0009748921662680980205, 0.001137374193979442992, 0.001299856221690787747 ),
 .UNSPECIFIED. ) ;
#714 = CARTESIAN_POINT ( 'NONE',  ( 1.299991615883011375, 36.00959752259284130, 8.905491349702646886 ) ) ;
#715 = CARTESIAN_POINT ( 'NONE',  ( 2.216675105137439594, 34.80181711212381401, 8.722920298389848170 ) ) ;
#716 = CARTESIAN_POINT ( 'NONE',  ( 0.7869318306546682074, 33.51658567246027332, 8.965389573438658388 ) ) ;
#717 = ORIENTED_EDGE ( 'NONE', *, *, #2096, .T. ) ;
#718 = DIRECTION ( 'NONE',  ( 0.000000000000000000, 0.000000000000000000, 1.000000000000000000 ) ) ;
#719 = CARTESIAN_POINT ( 'NONE',  ( -1.187209849201099898E-13, 32.90830916099484682, 8.999999999999998224 ) ) ;
#720 = CARTESIAN_POINT ( 'NONE',  ( 1.749999999999998668, 30.61538461538461675, 8.848221791504787603 ) ) ;
#721 = LINE ( 'NONE', #3374, #1780 ) ;
#722 = CARTESIAN_POINT ( 'NONE',  ( 2.003745585106266436, 32.65885885762869378, 8.794110957532133455 ) ) ;
#723 = CARTESIAN_POINT ( 'NONE',  ( 2.965755976980013031, 26.56204571112163038, 8.518197027725149084 ) ) ;
#724 = VERTEX_POINT ( 'NONE', #2614 ) ;
#725 = CARTESIAN_POINT ( 'NONE',  ( -1.187209849201099898E-13, 32.90830916099484682, 8.999999999999998224 ) ) ;
#726 = CARTESIAN_POINT ( 'NONE',  ( 3.252815728127209649, 35.99616528196020937, 8.391614257033520374 ) ) ;
#727 = EDGE_LOOP ( 'NONE', ( #4148, #2394, #4899, #3385 ) ) ;
#728 = B_SPLINE_SURFACE_WITH_KNOTS ( 'NONE', 3, 1, ( 
 ( #3390, #3766 ),
 ( #327, #4556 ),
 ( #2626, #2997 ),
 ( #1095, #1496 ),
 ( #1168, #1831 ),
 ( #4118, #4508 ),
 ( #1119, #4141 ),
 ( #740, #375 ),
 ( #1884, #4904 ),
 ( #1517, #3019 ),
 ( #1141, #2672 ),
 ( #49, #473 ),
 ( #4606, #1215 ),
 ( #1586, #3170 ),
 ( #2355, #3865 ),
 ( #3510, #1289 ) ),
 .UNSPECIFIED., .F., .F., .F.,
 ( 4, 3, 3, 3, 3, 4 ),
 ( 2, 2 ),
 ( 0.000000000000000000, 0.1882215375427598592, 0.3770182685211013185, 0.5648921741849717293, 0.7982984354118054515, 1.000000000000000000 ),
 ( 0.000000000000000000, 1.000000000000000000 ),
 .UNSPECIFIED. ) ;
#729 = ADVANCED_FACE ( 'NONE', ( #1014 ), #4018, .F. ) ;
#730 = CARTESIAN_POINT ( 'NONE',  ( 1.660256410256410353, 32.48247195512820440, 8.865679047974325044 ) ) ;
#731 = FACE_OUTER_BOUND ( 'NONE', #4246, .T. ) ;
#732 = DIRECTION ( 'NONE',  ( -0.000000000000000000, -1.000000000000000000, -0.000000000000000000 ) ) ;
#733 = CARTESIAN_POINT ( 'NONE',  ( 1.246968145402197026, 36.03762550090191041, 8.913331326020090373 ) ) ;
#734 = CARTESIAN_POINT ( 'NONE',  ( 3.589743589743591645, 27.15675080128204755, 8.253104928443281807 ) ) ;
#735 = ORIENTED_EDGE ( 'NONE', *, *, #3160, .T. ) ;
#736 = FACE_OUTER_BOUND ( 'NONE', #1490, .T. ) ;
#737 = CARTESIAN_POINT ( 'NONE',  ( 1.124197128314731842, 27.97912139792009967, 8.950901568379734385 ) ) ;
#738 = CARTESIAN_POINT ( 'NONE',  ( 0.7869318306546682074, 33.51658567246027332, 8.985530563993551212 ) ) ;
#739 = ORIENTED_EDGE ( 'NONE', *, *, #319, .T. ) ;
#740 = CARTESIAN_POINT ( 'NONE',  ( 0.4873172489810211894, 35.87323837801379511, 8.986867505868993078 ) ) ;
#741 = CARTESIAN_POINT ( 'NONE',  ( 1.869944798716008272, 29.47110401311875449, 8.823682837329139161 ) ) ;
#742 = AXIS2_PLACEMENT_3D ( 'NONE', #703, #3350, #1480 ) ;
#743 = VECTOR ( 'NONE', #4678, 1000.000000000000000 ) ;
#744 = CARTESIAN_POINT ( 'NONE',  ( 0.3539497846808579151, 32.07152420577599372, 9.013235028251104453 ) ) ;
#745 = DIRECTION ( 'NONE',  ( -1.000000000000000000, 0.000000000000000000, 0.000000000000000000 ) ) ;
#746 = CARTESIAN_POINT ( 'NONE',  ( 0.5528059749094287323, 29.22515616186458232, 9.003244461927382147 ) ) ;
#747 = CARTESIAN_POINT ( 'NONE',  ( 1.430432060185064413, 36.30576652200556254, 8.886111033819444671 ) ) ;
#748 = CC_DESIGN_SECURITY_CLASSIFICATION ( #1625, ( #3752 ) ) ;
#749 = VECTOR ( 'NONE', #1122, 1000.000000000000000 ) ;
#750 = ORIENTED_EDGE ( 'NONE', *, *, #2060, .F. ) ;
#751 = CARTESIAN_POINT ( 'NONE',  ( 2.562804415931337676, 28.25574069467122484, 8.627437624032639363 ) ) ;
#752 = B_SPLINE_CURVE_WITH_KNOTS ( 'NONE', 3,
 ( #780, #466, #2294, #3807, #413, #66 ),
 .UNSPECIFIED., .F., .F.,
 ( 4, 2, 4 ),
 ( 2.168404344971008868E-19, 0.0004520598364467940875, 0.0009041196728935879581 ),
 .UNSPECIFIED. ) ;
#753 = CARTESIAN_POINT ( 'NONE',  ( 0.9633413461538461453, 31.69230769230769340, 8.968294443679782901 ) ) ;
#754 = ORIENTED_EDGE ( 'NONE', *, *, #9, .T. ) ;
#755 = CARTESIAN_POINT ( 'NONE',  ( 0.2022200980618117649, 34.37460188496891078, 9.018201287452800585 ) ) ;
#756 = FACE_OUTER_BOUND ( 'NONE', #2384, .T. ) ;
#757 = DIRECTION ( 'NONE',  ( 1.000000000000000000, 1.932977587517015242E-14, 0.000000000000000000 ) ) ;
#758 = CARTESIAN_POINT ( 'NONE',  ( 2.035113445097182172, 25.95859262217730290, 8.766923916676930162 ) ) ;
#759 = ORIENTED_EDGE ( 'NONE', *, *, #1918, .T. ) ;
#760 = CARTESIAN_POINT ( 'NONE',  ( 2.281562428373169027, 29.92688761317681667, 8.706011347524771793 ) ) ;
#761 = CARTESIAN_POINT ( 'NONE',  ( 1.570512820512820706, 65.00000000000000000, 8.861912292536235469 ) ) ;
#762 = CARTESIAN_POINT ( 'NONE',  ( 0.3113911534178331331, 36.16270960930216205, 8.995040577039326024 ) ) ;
#763 = CARTESIAN_POINT ( 'NONE',  ( 1.504330514323637599E-15, 34.70110131209741411, 9.000000000000001776 ) ) ;
#764 = CARTESIAN_POINT ( 'NONE',  ( 3.589743589743591201, 32.09615384615385381, 8.253104928443281807 ) ) ;
#765 = CARTESIAN_POINT ( 'NONE',  ( 2.007565518758207102, 32.62868145475712822, 8.793237098138543928 ) ) ;
#766 = ADVANCED_FACE ( 'NONE', ( #4818 ), #1798, .F. ) ;
#767 = EDGE_CURVE ( 'NONE', #1094, #3320, #310, .T. ) ;
#768 = CARTESIAN_POINT ( 'NONE',  ( 0.6859197579061028227, 31.75342871467708150, 8.973699667885593811 ) ) ;
#769 = CARTESIAN_POINT ( 'NONE',  ( 1.576056698198477379, 32.08971259064299630, 8.861069471276536547 ) ) ;
#770 = CARTESIAN_POINT ( 'NONE',  ( 0.7128210128339259599, 31.40043226560117873, 8.972598324882078202 ) ) ;
#771 = VERTEX_POINT ( 'NONE', #4250 ) ;
#772 = CARTESIAN_POINT ( 'NONE',  ( 2.479601243462618676, 32.82228573520564652, 8.651964893466532303 ) ) ;
#773 = ORIENTED_EDGE ( 'NONE', *, *, #3542, .T. ) ;
#774 = CARTESIAN_POINT ( 'NONE',  ( 1.817238738481992577, 28.32636505471288046, 8.814694719010899959 ) ) ;
#775 = CARTESIAN_POINT ( 'NONE',  ( 0.9633413461538461453, 31.69230769230769340, 8.968294443679782901 ) ) ;
#776 = ORIENTED_EDGE ( 'NONE', *, *, #2817, .T. ) ;
#777 = CARTESIAN_POINT ( 'NONE',  ( 1.750000000000000222, 26.26282051282051455, 8.848221791504787603 ) ) ;
#778 = CARTESIAN_POINT ( 'NONE',  ( 3.289717807227301005, 34.45854881179374729, 8.377334266582433742 ) ) ;
#779 = DIRECTION ( 'NONE',  ( 0.000000000000000000, 0.000000000000000000, 1.000000000000000000 ) ) ;
#780 = CARTESIAN_POINT ( 'NONE',  ( 0.8700921474358974672, 26.39533253205128105, 8.977842354884931098 ) ) ;
#781 = VERTEX_POINT ( 'NONE', #2339 ) ;
#782 = CARTESIAN_POINT ( 'NONE',  ( 1.019431089743589869, 34.02564102564102910, 8.942078072420537538 ) ) ;
#783 = CARTESIAN_POINT ( 'NONE',  ( 0.9633413461538461453, 31.69230769230769340, 8.968294443679782901 ) ) ;
#784 = CARTESIAN_POINT ( 'NONE',  ( 1.012236478418464536, 31.69342049640760095, 8.943030568777960099 ) ) ;
#785 = EDGE_LOOP ( 'NONE', ( #2747, #2860, #691, #79, #2155, #1070, #1961, #4261, #3402, #3468, #4299, #4550, #160, #535 ) ) ;
#786 = CARTESIAN_POINT ( 'NONE',  ( 0.3841139348703965228, 30.32220656679428217, 8.991971197717251840 ) ) ;
#787 = CARTESIAN_POINT ( 'NONE',  ( 0.4800238579769977587, 33.41946327851701426, 8.987607915506613310 ) ) ;
#788 = CARTESIAN_POINT ( 'NONE',  ( 1.237768655114176886, 28.68791953921170546, 8.914854433859151328 ) ) ;
#789 = CARTESIAN_POINT ( 'NONE',  ( 0.6075929102104010715, 36.33929278407818941, 9.000252836412313329 ) ) ;
#790 = CARTESIAN_POINT ( 'NONE',  ( 0.01452463370503429343, 31.97902776400004399, 9.020191170568693906 ) ) ;
#791 = EDGE_CURVE ( 'NONE', #973, #1012, #4497, .T. ) ;
#792 = EDGE_CURVE ( 'NONE', #2004, #2176, #909, .T. ) ;
#793 = ORIENTED_EDGE ( 'NONE', *, *, #2215, .F. ) ;
#794 = CARTESIAN_POINT ( 'NONE',  ( 0.000000000000000000, 0.2000000000000000944, -8.000000000000000000 ) ) ;
#795 = VERTEX_POINT ( 'NONE', #1963 ) ;
#796 = CARTESIAN_POINT ( 'NONE',  ( 2.125554660976515908, 35.37416076838687928, 8.745402562457520901 ) ) ;
#797 = CARTESIAN_POINT ( 'NONE',  ( 1.613544934356459404, 31.57772207391753483, 8.874710343497332232 ) ) ;
#798 = EDGE_CURVE ( 'NONE', #3025, #1331, #1193, .T. ) ;
#799 = CARTESIAN_POINT ( 'NONE',  ( 0.7291881224072835899, 31.73323090799850377, 8.990516235861996108 ) ) ;
#800 = ORIENTED_EDGE ( 'NONE', *, *, #4892, .T. ) ;
#801 = CARTESIAN_POINT ( 'NONE',  ( 1.748597756410256387, 28.32692307692307665, 8.828499639592052972 ) ) ;
#802 = CARTESIAN_POINT ( 'NONE',  ( 2.835477712642452186, 34.21954405140041899, 8.541682268839453585 ) ) ;
#803 = CARTESIAN_POINT ( 'NONE',  ( 3.221899322397750343, 26.97901293621199059, 8.403538247048697230 ) ) ;
#804 = CARTESIAN_POINT ( 'NONE',  ( 3.200356081990653578, 34.94756818586146352, 8.411644715181459731 ) ) ;
#805 = VERTEX_POINT ( 'NONE', #1623 ) ;
#806 = CARTESIAN_POINT ( 'NONE',  ( 0.8233180043484970012, 34.04195958170063818, 8.982262407657769288 ) ) ;
#807 = CARTESIAN_POINT ( 'NONE',  ( 1.602184151576186544, 26.26422154739685055, 8.857523018960419492 ) ) ;
#808 = CARTESIAN_POINT ( 'NONE',  ( -0.02688118084646090242, 27.56812515569404454, 9.020702070274630557 ) ) ;
#809 = CARTESIAN_POINT ( 'NONE',  ( 2.406754378141273243, 34.60767760531210513, 8.692634650465834056 ) ) ;
#810 = CARTESIAN_POINT ( 'NONE',  ( 1.525641025641025106, 2.680769230769243450, 8.889747429373679566 ) ) ;
#811 = DIRECTION ( 'NONE',  ( 0.000000000000000000, -1.000000000000000000, 0.000000000000000000 ) ) ;
#812 = CARTESIAN_POINT ( 'NONE',  ( 1.769567037080327587, 28.84490029928957355, 8.824190062469201123 ) ) ;
#813 = CARTESIAN_POINT ( 'NONE',  ( 2.691606570512819818, 36.22435897435897090, 8.608087916968024444 ) ) ;
#814 = CARTESIAN_POINT ( 'NONE',  ( -0.05855875834171427041, 32.20267283204041320, 9.019809490862654044 ) ) ;
#815 = EDGE_LOOP ( 'NONE', ( #1966, #1026, #1479, #3808, #2709 ) ) ;
#816 = CARTESIAN_POINT ( 'NONE',  ( 3.157368434400530166, 36.08071667047700970, 8.428813090611589232 ) ) ;
#817 = ORIENTED_EDGE ( 'NONE', *, *, #4697, .F. ) ;
#818 = CIRCLE ( 'NONE', #4777, 9.000000000000000000 ) ;
#819 = AXIS2_PLACEMENT_3D ( 'NONE', #164, #1680, #1707 ) ;
#820 = ADVANCED_FACE ( 'NONE', ( #1201 ), #134, .T. ) ;
#821 = EDGE_CURVE ( 'NONE', #1321, #2917, #1900, .T. ) ;
#822 = B_SPLINE_CURVE_WITH_KNOTS ( 'NONE', 3,
 ( #3461, #73, #1976, #4657 ),
 .UNSPECIFIED., .F., .F.,
 ( 4, 4 ),
 ( 0.000000000000000000, 1.000000000000000000 ),
 .UNSPECIFIED. ) ;
#823 = CARTESIAN_POINT ( 'NONE',  ( 3.490506183369743720, 34.73071809276304833, 8.295676684529960099 ) ) ;
#824 = CARTESIAN_POINT ( 'NONE',  ( 2.010411169539928267, 32.59835529900390583, 8.772584962791132313 ) ) ;
#825 = CARTESIAN_POINT ( 'NONE',  ( 2.691606570512820706, 36.22435897435897090, 8.587959633044846441 ) ) ;
#826 = VECTOR ( 'NONE', #2211, 1000.000000000000000 ) ;
#827 = CIRCLE ( 'NONE', #3753, 9.000000000000000000 ) ;
#828 = CARTESIAN_POINT ( 'NONE',  ( 1.988847014694475890, 34.63304532707120131, 8.777589970628060456 ) ) ;
#829 = EDGE_LOOP ( 'NONE', ( #4223, #3349, #1631, #754 ) ) ;
#830 = ADVANCED_FACE ( 'NONE', ( #1648 ), #3974, .F. ) ;
#831 = EDGE_CURVE ( 'NONE', #583, #3825, #1768, .T. ) ;
#832 = VECTOR ( 'NONE', #4715, 1000.000000000000000 ) ;
#833 = CARTESIAN_POINT ( 'NONE',  ( 2.578221807323966885, 28.30065516662927294, 8.631241347942610886 ) ) ;
#834 = CARTESIAN_POINT ( 'NONE',  ( 2.418961418367532978, 35.82514794183587981, 8.688948620320440241 ) ) ;
#835 = CIRCLE ( 'NONE', #3586, 7.000000000000000000 ) ;
#836 = CARTESIAN_POINT ( 'NONE',  ( 1.910628857792249002, 26.26449968081675124, 8.796380667915554952 ) ) ;
#837 = CARTESIAN_POINT ( 'NONE',  ( 3.180532281720949594, 34.88282064346590516, 8.419210515397951511 ) ) ;
#838 = ORIENTED_EDGE ( 'NONE', *, *, #1683, .F. ) ;
#839 = CARTESIAN_POINT ( 'NONE',  ( 0.4222199284695969945, 26.69289459230496675, 9.010308738103100623 ) ) ;
#840 = CARTESIAN_POINT ( 'NONE',  ( 0.5907214895024399670, 34.10109453165927107, 9.001197823866462500 ) ) ;
#841 = CARTESIAN_POINT ( 'NONE',  ( 3.230769230769231282, 35.21614583333333570, 8.400126602608587234 ) ) ;
#842 = CARTESIAN_POINT ( 'NONE',  ( 3.381361584969002632, 38.42015630852161934, 8.361641135136903102 ) ) ;
#843 = CARTESIAN_POINT ( 'NONE',  ( 0.000000000000000000, 65.00000000000000000, 7.000000000000000000 ) ) ;
#844 = CARTESIAN_POINT ( 'NONE',  ( 2.016074630022304248, 32.53799972641636629, 8.791287072417702575 ) ) ;
#845 = CARTESIAN_POINT ( 'NONE',  ( 1.332353573248004297, 28.69472433867045780, 8.921321681002163828 ) ) ;
#846 = CARTESIAN_POINT ( 'NONE',  ( 1.917711875288140133, 31.93924882001707743, 8.813418187128494452 ) ) ;
#847 = CARTESIAN_POINT ( 'NONE',  ( -0.08974358974358975782, 32.47195512820512420, 8.999549899086350280 ) ) ;
#848 = ORIENTED_EDGE ( 'NONE', *, *, #2493, .F. ) ;
#849 = CARTESIAN_POINT ( 'NONE',  ( 1.750000000000000000, 35.19581330128205110, 8.828221791504788030 ) ) ;
#850 = ORIENTED_EDGE ( 'NONE', *, *, #3776, .F. ) ;
#851 = DIRECTION ( 'NONE',  ( 0.000000000000000000, 0.000000000000000000, 1.000000000000000000 ) ) ;
#852 = CARTESIAN_POINT ( 'NONE',  ( 1.890565892792096081, 30.17411308259577396, 8.819206537326831352 ) ) ;
#853 = CARTESIAN_POINT ( 'NONE',  ( 1.047868431888420826, 31.37999725780570159, 8.959033871902898127 ) ) ;
#854 = CARTESIAN_POINT ( 'NONE',  ( 2.185299142026688290, 34.38708553037218252, 8.730906506292358316 ) ) ;
#855 = EDGE_CURVE ( 'NONE', #4182, #4248, #2489, .T. ) ;
#856 = VERTEX_POINT ( 'NONE', #4393 ) ;
#857 = ORIENTED_EDGE ( 'NONE', *, *, #3399, .F. ) ;
#858 = CARTESIAN_POINT ( 'NONE',  ( -0.08273651269066789604, 35.02857584895688348, 9.019635502702193719 ) ) ;
#859 = CARTESIAN_POINT ( 'NONE',  ( 3.030389565204759439, 34.66566256919333000, 8.474348773625264286 ) ) ;
#860 = EDGE_LOOP ( 'NONE', ( #1199, #3837, #2467, #565 ) ) ;
#861 = DIRECTION ( 'NONE',  ( 0.000000000000000000, 0.000000000000000000, 1.000000000000000000 ) ) ;
#862 = LINE ( 'NONE', #2396, #2011 ) ;
#863 = CARTESIAN_POINT ( 'NONE',  ( 0.9128422595811619411, 33.53009443650031329, 8.973812062993298255 ) ) ;
#864 = EDGE_CURVE ( 'NONE', #4813, #805, #4795, .T. ) ;
#865 = FACE_OUTER_BOUND ( 'NONE', #1535, .T. ) ;
#866 = CARTESIAN_POINT ( 'NONE',  ( 0.3481189815216447769, 32.82702175949151524, 9.013322081755450910 ) ) ;
#867 = CARTESIAN_POINT ( 'NONE',  ( 1.999443931675845443, 32.68894846579949132, 8.775090911307808383 ) ) ;
#868 = CARTESIAN_POINT ( 'NONE',  ( 1.869944798716008272, 29.47110401311875449, 8.823682837329132056 ) ) ;
#869 = CARTESIAN_POINT ( 'NONE',  ( -0.01618185993893068650, 35.70295802641562233, 9.019985452622073296 ) ) ;
#870 = PLANE ( 'NONE',  #2245 ) ;
#871 = ORIENTED_EDGE ( 'NONE', *, *, #3863, .T. ) ;
#872 = CARTESIAN_POINT ( 'NONE',  ( 2.541340398424882352, 32.78189605645449234, 8.672065614166109881 ) ) ;
#873 = CARTESIAN_POINT ( 'NONE',  ( -0.06304950010617875467, 29.56766983547649019, 9.000000000000001776 ) ) ;
#874 = CARTESIAN_POINT ( 'NONE',  ( 1.215579396707790583, 33.17877104434409574, 8.937966166303796811 ) ) ;
#875 = CARTESIAN_POINT ( 'NONE',  ( 2.674742147709756157, 36.22374605746916387, 8.613373423085741720 ) ) ;
#876 = CARTESIAN_POINT ( 'NONE',  ( 2.581592339861327634, 25.99116840520291660, 8.650239114190251044 ) ) ;
#877 = VERTEX_POINT ( 'NONE', #2512 ) ;
#878 = EDGE_LOOP ( 'NONE', ( #4612, #1125, #4854, #4271 ) ) ;
#879 = CARTESIAN_POINT ( 'NONE',  ( 0.5630823648096290324, 28.81059950613873610, 8.982946811673963694 ) ) ;
#880 = DIRECTION ( 'NONE',  ( 0.000000000000000000, 0.000000000000000000, 1.000000000000000000 ) ) ;
#881 = VERTEX_POINT ( 'NONE', #1030 ) ;
#882 = EDGE_CURVE ( 'NONE', #2103, #4614, #827, .T. ) ;
#883 = CARTESIAN_POINT ( 'NONE',  ( 0.2719862225342621342, 29.98898539903236227, 9.015889677740313246 ) ) ;
#884 = CARTESIAN_POINT ( 'NONE',  ( 0.8700921474358974672, 26.39533253205128105, 8.957842354884931524 ) ) ;
#885 = CARTESIAN_POINT ( 'NONE',  ( 0.3360157849189268631, 35.62972610673915597, 9.013767238565513651 ) ) ;
#886 = DIRECTION ( 'NONE',  ( 0.000000000000000000, 1.000000000000000000, 0.000000000000000000 ) ) ;
#887 = CARTESIAN_POINT ( 'NONE',  ( 0.3000341523221538020, 32.69286061006447852, 9.015011769325919744 ) ) ;
#888 = DIRECTION ( 'NONE',  ( -0.000000000000000000, -1.000000000000000000, -0.000000000000000000 ) ) ;
#889 = B_SPLINE_CURVE_WITH_KNOTS ( 'NONE', 3,
 ( #1580, #836, #2346, #3476, #1969, #1605, #2242, #367, #1875, #4202, #803, #1827 ),
 .UNSPECIFIED., .F., .F.,
 ( 4, 2, 2, 2, 2, 4 ),
 ( 4.336808689942017736E-19, 0.0004863210027289156800, 0.0009726420054578309264, 0.001215802506822288550, 0.001458963008186745956, 0.001945284010915660118 ),
 .UNSPECIFIED. ) ;
#890 = EDGE_CURVE ( 'NONE', #2391, #335, #653, .T. ) ;
#891 = EDGE_CURVE ( 'NONE', #4590, #1679, #3205, .T. ) ;
#892 = B_SPLINE_CURVE_WITH_KNOTS ( 'NONE', 3,
 ( #3550, #4328, #1728, #982, #879, #139, #4670, #3928, #1261, #3237 ),
 .UNSPECIFIED., .F., .F.,
 ( 4, 2, 2, 2, 4 ),
 ( 4.336808689942017736E-19, 0.0003570259590811956105, 0.0007140519181623907873, 0.001071077877243586073, 0.001428103836324781141 ),
 .UNSPECIFIED. ) ;
#893 = CARTESIAN_POINT ( 'NONE',  ( 1.563704146123585659, 29.10001950965276052, 8.883425124126432593 ) ) ;
#894 = CARTESIAN_POINT ( 'NONE',  ( 0.07497827978455494369, 35.90799949907644617, 8.999801530375483694 ) ) ;
#895 = CARTESIAN_POINT ( 'NONE',  ( 1.143529647435897356, 28.68589743589743790, 8.927056622730425772 ) ) ;
#896 = ORIENTED_EDGE ( 'NONE', *, *, #2433, .F. ) ;
#897 = CARTESIAN_POINT ( 'NONE',  ( 3.222107809496989717, 27.31150307782624154, 8.403256993965367627 ) ) ;
#898 = ADVANCED_FACE ( 'NONE', ( #3744 ), #1909, .T. ) ;
#899 = CARTESIAN_POINT ( 'NONE',  ( 0.3891935602739473032, 26.74028737568535519, 8.991746735658395551 ) ) ;
#900 = CARTESIAN_POINT ( 'NONE',  ( 1.024268112006589515, 33.21590514541200179, 8.941432626453428512 ) ) ;
#901 = CARTESIAN_POINT ( 'NONE',  ( 2.463852326070246956, 36.19353415453752376, 8.656462927567289967 ) ) ;
#902 = CARTESIAN_POINT ( 'NONE',  ( 3.122591877096878576, 26.26174315395418191, 8.463093716963065560 ) ) ;
#903 = EDGE_LOOP ( 'NONE', ( #800, #4215, #848, #4769 ) ) ;
#904 = VECTOR ( 'NONE', #1338, 1000.000000000000000 ) ;
#905 = AXIS2_PLACEMENT_3D ( 'NONE', #4286, #3911, #145 ) ;
#906 = CARTESIAN_POINT ( 'NONE',  ( 0.9759615384615386580, 33.53205128205127750, 8.946926795019829015 ) ) ;
#907 = DIRECTION ( 'NONE',  ( 0.000000000000000000, -0.000000000000000000, -1.000000000000000000 ) ) ;
#908 = AXIS2_PLACEMENT_3D ( 'NONE', #245, #1758, #1662 ) ;
#909 = CIRCLE ( 'NONE', #1550, 9.000000000000000000 ) ;
#910 = EDGE_LOOP ( 'NONE', ( #2571, #2539, #4684, #1279 ) ) ;
#911 = CARTESIAN_POINT ( 'NONE',  ( 0.5449183578570606645, 26.56631561254281948, 9.003690947494844110 ) ) ;
#912 = AXIS2_PLACEMENT_3D ( 'NONE', #2473, #4037, #643 ) ;
#913 = CARTESIAN_POINT ( 'NONE',  ( 0.9146014420674093426, 34.34427193811791312, 8.973663602722018240 ) ) ;
#914 = CARTESIAN_POINT ( 'NONE',  ( 2.686698717948718507, 35.91025641025641590, 8.589624362466167895 ) ) ;
#915 = CARTESIAN_POINT ( 'NONE',  ( 1.584628101316412296, 32.85271025233176800, 8.859455882403500127 ) ) ;
#916 = CARTESIAN_POINT ( 'NONE',  ( -0.01618185993893068650, 35.70295802641562233, 9.019985452622067967 ) ) ;
#917 = PERSON_AND_ORGANIZATION_ROLE ( 'design_owner' ) ;
#918 = CARTESIAN_POINT ( 'NONE',  ( 0.9759615384615385469, 33.53205128205127750, 8.946743823938076545 ) ) ;
#919 = DIRECTION ( 'NONE',  ( -0.000000000000000000, -1.000000000000000000, -0.000000000000000000 ) ) ;
#920 = CARTESIAN_POINT ( 'NONE',  ( 1.166666666666666297, 2.680769230769236344, 8.924062353485034293 ) ) ;
#921 = ORIENTED_EDGE ( 'NONE', *, *, #3700, .T. ) ;
#922 = LINE ( 'NONE', #606, #2087 ) ;
#923 = ADVANCED_FACE ( 'NONE', ( #3324 ), #1090, .F. ) ;
#924 = ADVANCED_FACE ( 'NONE', ( #3394 ), #4533, .T. ) ;
#925 = DIRECTION ( 'NONE',  ( 0.000000000000000000, 0.000000000000000000, -1.000000000000000000 ) ) ;
#926 = CARTESIAN_POINT ( 'NONE',  ( 0.9633413461538461453, 33.21794871794871540, 8.968435144430548789 ) ) ;
#927 = CARTESIAN_POINT ( 'NONE',  ( 0.9759615384615381029, 33.53205128205127750, 8.966926795019828589 ) ) ;
#928 = CARTESIAN_POINT ( 'NONE',  ( 3.500000000000000000, 38.35226362179489712, 8.291561975888500413 ) ) ;
#929 = CARTESIAN_POINT ( 'NONE',  ( 0.7068286222126383134, 29.10677491134779515, 8.972856422989261560 ) ) ;
#930 = EDGE_CURVE ( 'NONE', #3223, #286, #721, .T. ) ;
#931 = EDGE_CURVE ( 'NONE', #1221, #1321, #3793, .T. ) ;
#932 = ORIENTED_EDGE ( 'NONE', *, *, #1407, .T. ) ;
#933 = ORIENTED_EDGE ( 'NONE', *, *, #588, .T. ) ;
#934 = CARTESIAN_POINT ( 'NONE',  ( 0.9801682692307693845, 36.08974358974359831, 8.946466909567886816 ) ) ;
#935 = CARTESIAN_POINT ( 'NONE',  ( 0.8107011791147131774, 33.20579171772713778, 8.963696168818502841 ) ) ;
#936 = CARTESIAN_POINT ( 'NONE',  ( 3.499999999999996447, 30.25641025641025905, 8.291561975888502189 ) ) ;
#937 = EDGE_LOOP ( 'NONE', ( #2361, #3760, #1842, #186 ) ) ;
#938 = CARTESIAN_POINT ( 'NONE',  ( 0.000000000000000000, 1.200000000000006617, 0.000000000000000000 ) ) ;
#939 = CARTESIAN_POINT ( 'NONE',  ( 0.7227247215425485205, 34.40004065870378724, 8.991289141504745785 ) ) ;
#940 = LINE ( 'NONE', #1733, #3037 ) ;
#941 = PLANE ( 'NONE',  #3749 ) ;
#942 = CARTESIAN_POINT ( 'NONE',  ( 1.225441516061609892, 34.03122265379457900, 8.918344003205701753 ) ) ;
#943 = CARTESIAN_POINT ( 'NONE',  ( 2.691606570512819818, 36.22435897435897090, 8.608087916968024444 ) ) ;
#944 = EDGE_LOOP ( 'NONE', ( #2761, #572, #4434, #1726 ) ) ;
#945 = CARTESIAN_POINT ( 'NONE',  ( 1.992588141025641191, 33.14082532051281760, 8.796650414608297552 ) ) ;
#946 = CARTESIAN_POINT ( 'NONE',  ( 0.000000000000000000, 65.00000000000000000, 0.02000000000000000042 ) ) ;
#947 = CARTESIAN_POINT ( 'NONE',  ( 0.4004759955151973583, 28.89959079546787635, 8.991694521425227293 ) ) ;
#948 = VERTEX_POINT ( 'NONE', #3051 ) ;
#949 = CARTESIAN_POINT ( 'NONE',  ( 0.000000000000000000, 65.00000000000000000, 0.02000000000000000042 ) ) ;
#950 = CARTESIAN_POINT ( 'NONE',  ( 2.724746518778184967, 34.20695330986670513, 8.597749203344225322 ) ) ;
#951 = CARTESIAN_POINT ( 'NONE',  ( 2.128912084112347447, 35.97734844216831362, 8.744729355936827986 ) ) ;
#952 = CARTESIAN_POINT ( 'NONE',  ( 2.060125956192273566, 34.52077195065999859, 8.781353105792923941 ) ) ;
#953 = CARTESIAN_POINT ( 'NONE',  ( 0.000000000000000000, 62.18461538461537685, 0.000000000000000000 ) ) ;
#954 = CARTESIAN_POINT ( 'NONE',  ( 1.156850961538461675, 29.00000000000000355, 8.925340097317723931 ) ) ;
#955 = EDGE_LOOP ( 'NONE', ( #3878, #3180, #1252, #2295 ) ) ;
#956 = VERTEX_POINT ( 'NONE', #3772 ) ;
#957 = CARTESIAN_POINT ( 'NONE',  ( 0.8762573318249277099, 36.08163169793927239, 8.957384425994392885 ) ) ;
#958 = CARTESIAN_POINT ( 'NONE',  ( 0.4147434059291148500, 32.93260808490194336, 9.010552201751281132 ) ) ;
#959 = CARTESIAN_POINT ( 'NONE',  ( 2.380905684723754412, 26.31373921023961771, 8.700847148854633062 ) ) ;
#960 = ORIENTED_EDGE ( 'NONE', *, *, #1128, .T. ) ;
#961 = EDGE_CURVE ( 'NONE', #781, #4298, #2171, .T. ) ;
#962 = DIRECTION ( 'NONE',  ( -0.000000000000000000, -1.000000000000000000, -0.000000000000000000 ) ) ;
#963 = DIRECTION ( 'NONE',  ( -0.000000000000000000, -1.000000000000000000, -0.000000000000000000 ) ) ;
#964 = CARTESIAN_POINT ( 'NONE',  ( 2.977782592564230502, 35.81239595244049667, 8.513371716079879192 ) ) ;
#965 = CARTESIAN_POINT ( 'NONE',  ( 0.9633413461538461453, 33.21794871794871540, 8.948294443679783328 ) ) ;
#966 = CARTESIAN_POINT ( 'NONE',  ( 0.3002967527353780919, 36.15440362241642447, 9.015458984662778619 ) ) ;
#967 = CARTESIAN_POINT ( 'NONE',  ( 3.335148445037647846, 35.92225981105228527, 8.379699878190228546 ) ) ;
#968 = ORIENTED_EDGE ( 'NONE', *, *, #560, .T. ) ;
#969 = PRODUCT_DEFINITION_SHAPE ( 'NONE', 'NONE',  #2591 ) ;
#970 = DIRECTION ( 'NONE',  ( 0.000000000000000000, 0.000000000000000000, 1.000000000000000000 ) ) ;
#971 = CARTESIAN_POINT ( 'NONE',  ( -0.06316922906424778106, 30.20965978566825783, 9.000000000000005329 ) ) ;
#972 = CARTESIAN_POINT ( 'NONE',  ( 0.1799105353545161490, 29.09647252518341176, 8.998654419645946589 ) ) ;
#973 = VERTEX_POINT ( 'NONE', #4269 ) ;
#974 = CARTESIAN_POINT ( 'NONE',  ( 2.108974358974359031, 35.20352564102564230, 8.769412960489903597 ) ) ;
#975 = CARTESIAN_POINT ( 'NONE',  ( 0.9895181787653413163, 28.68948815526670870, 8.966785038031552801 ) ) ;
#976 = CARTESIAN_POINT ( 'NONE',  ( 1.065167603588215606, 34.34170495310359428, 8.956898880057732271 ) ) ;
#977 = DIRECTION ( 'NONE',  ( 0.000000000000000000, -1.000000000000000000, 0.000000000000000000 ) ) ;
#978 = CARTESIAN_POINT ( 'NONE',  ( 2.940612779021787748, 32.15450889677281765, 8.540485905401324018 ) ) ;
#979 = ORIENTED_EDGE ( 'NONE', *, *, #1683, .T. ) ;
#980 = EDGE_CURVE ( 'NONE', #4695, #2588, #3916, .T. ) ;
#981 = CARTESIAN_POINT ( 'NONE',  ( 1.750000000000000444, 26.26282051282051455, 8.848223703610310409 ) ) ;
#982 = CARTESIAN_POINT ( 'NONE',  ( 0.6758536919048142577, 28.76161962237144820, 8.975330378764374117 ) ) ;
#983 = CARTESIAN_POINT ( 'NONE',  ( 0.9801682692307693845, 36.08974358974359831, 8.966466909567886390 ) ) ;
#984 = EDGE_CURVE ( 'NONE', #3902, #2441, #1055, .T. ) ;
#985 = VERTEX_POINT ( 'NONE', #4244 ) ;
#986 = VECTOR ( 'NONE', #700, 1000.000000000000000 ) ;
#987 = CARTESIAN_POINT ( 'NONE',  ( 0.8095330025784864825, 26.41778282587405968, 8.963724579008593096 ) ) ;
#988 = CARTESIAN_POINT ( 'NONE',  ( 0.5166512368404508893, 34.54523046081640558, 9.005463323288461552 ) ) ;
#989 = DIRECTION ( 'NONE',  ( 0.000000000000000000, -1.000000000000000000, 0.000000000000000000 ) ) ;
#990 = VECTOR ( 'NONE', #3696, 1000.000000000000000 ) ;
#991 = AXIS2_PLACEMENT_3D ( 'NONE', #2259, #2582, #2655 ) ;
#992 = CARTESIAN_POINT ( 'NONE',  ( 0.01452463370503429343, 31.97902776400004399, 9.020191170568692129 ) ) ;
#993 = FACE_OUTER_BOUND ( 'NONE', #2743, .T. ) ;
#994 = CARTESIAN_POINT ( 'NONE',  ( 3.569697156405215566, 35.41640863468169442, 8.281795338275605545 ) ) ;
#995 = ADVANCED_FACE ( 'NONE', ( #2358 ), #2861, .F. ) ;
#996 = ORIENTED_EDGE ( 'NONE', *, *, #2769, .F. ) ;
#997 = AXIS2_PLACEMENT_3D ( 'NONE', #3070, #2721, #4634 ) ;
#998 = CARTESIAN_POINT ( 'NONE',  ( 1.635655909300453903, 34.74263048943041099, 8.870120323835742226 ) ) ;
#999 = B_SPLINE_CURVE_WITH_KNOTS ( 'NONE', 3,
 ( #1430, #2521, #4058, #3683, #4035, #641, #2123, #4500, #1845, #4772 ),
 .UNSPECIFIED., .F., .F.,
 ( 4, 2, 2, 2, 4 ),
 ( 0.000000000000000000, 0.0004919980280390505748, 0.0009839960560781011497, 0.001475994084117151616, 0.001967992112156202299 ),
 .UNSPECIFIED. ) ;
#1000 = LINE ( 'NONE', #2528, #3513 ) ;
#1001 = CARTESIAN_POINT ( 'NONE',  ( 1.719500521857822539, 28.81396805872982014, 8.834445755902679664 ) ) ;
#1002 = ORIENTED_EDGE ( 'NONE', *, *, #4892, .F. ) ;
#1003 = CARTESIAN_POINT ( 'NONE',  ( 2.125554660976517685, 35.37416076838685797, 8.765402562457518698 ) ) ;
#1004 = AXIS2_PLACEMENT_3D ( 'NONE', #928, #178, #1697 ) ;
#1005 = CARTESIAN_POINT ( 'NONE',  ( 2.810089599556771844, 34.21535657743153536, 8.550052423375129607 ) ) ;
#1006 = CARTESIAN_POINT ( 'NONE',  ( 2.652548475263659888, 36.22293945549718330, 8.600329177982210638 ) ) ;
#1007 = LINE ( 'NONE', #4786, #2955 ) ;
#1008 = CARTESIAN_POINT ( 'NONE',  ( 0.000000000000000000, 65.00000000000000000, 0.02000000000000000042 ) ) ;
#1009 = ORIENTED_EDGE ( 'NONE', *, *, #2940, .T. ) ;
#1010 = DIRECTION ( 'NONE',  ( 0.000000000000000000, 0.000000000000000000, 1.000000000000000000 ) ) ;
#1011 = CARTESIAN_POINT ( 'NONE',  ( 3.404671619319559639, 35.83047551609057990, 8.331361867282833344 ) ) ;
#1012 = VERTEX_POINT ( 'NONE', #4609 ) ;
#1013 = B_SPLINE_SURFACE_WITH_KNOTS ( 'NONE', 3, 1, ( 
 ( #4122, #1865 ),
 ( #4049, #3773 ),
 ( #1815, #2159 ),
 ( #4835, #3745 ),
 ( #4512, #3671 ),
 ( #282, #2979 ),
 ( #308, #3325 ),
 ( #1501, #746 ),
 ( #2927, #4442 ),
 ( #1448, #1475 ),
 ( #1123, #1031 ),
 ( #2260, #2630 ),
 ( #380, #1099 ),
 ( #3375, #2952 ),
 ( #1792, #1888 ),
 ( #3395, #4490 ) ),
 .UNSPECIFIED., .F., .F., .F.,
 ( 4, 3, 3, 3, 3, 4 ),
 ( 2, 2 ),
 ( 0.000000000000000000, 0.2285314705489107090, 0.4585603721259846610, 0.6722293524768474526, 0.8854191052259701156, 1.000000000000000000 ),
 ( 0.000000000000000000, 1.000000000000000000 ),
 .UNSPECIFIED. ) ;
#1014 = FACE_OUTER_BOUND ( 'NONE', #1839, .T. ) ;
#1015 = CARTESIAN_POINT ( 'NONE',  ( -0.02687937037286967576, 26.74249708266406955, 9.020704888046632064 ) ) ;
#1016 = CARTESIAN_POINT ( 'NONE',  ( 2.263153395629519338, 30.03026196412632132, 8.730808049281975514 ) ) ;
#1017 = CARTESIAN_POINT ( 'NONE',  ( 0.01288965886366464676, 30.39514280161706949, 9.020090354005882105 ) ) ;
#1018 = CARTESIAN_POINT ( 'NONE',  ( 1.745472327736234064, 34.34962721719355017, 8.850602761630151250 ) ) ;
#1019 = DATE_TIME_ROLE ( 'classification_date' ) ;
#1020 = VERTEX_POINT ( 'NONE', #813 ) ;
#1021 = EDGE_CURVE ( 'NONE', #3320, #3902, #2331, .T. ) ;
#1022 = CARTESIAN_POINT ( 'NONE',  ( 1.386329285772486042, 35.96317573965220760, 8.913143351754005295 ) ) ;
#1023 = ADVANCED_FACE ( 'NONE', ( #1615 ), #1054, .F. ) ;
#1024 = CARTESIAN_POINT ( 'NONE',  ( -0.08974358974358974395, 27.15675080128205110, 9.019552549327102042 ) ) ;
#1025 = CARTESIAN_POINT ( 'NONE',  ( 3.221205238263322723, 35.38182052653283449, 8.403830973619708544 ) ) ;
#1026 = ORIENTED_EDGE ( 'NONE', *, *, #930, .F. ) ;
#1027 = DIRECTION ( 'NONE',  ( 0.000000000000000000, -1.000000000000000000, 0.000000000000000000 ) ) ;
#1028 = DESIGN_CONTEXT ( 'detailed design', #1437, 'design' ) ;
#1029 = LINE ( 'NONE', #4046, #438 ) ;
#1030 = CARTESIAN_POINT ( 'NONE',  ( 0.2944711538461532996, 34.29066506410256920, 9.015181306652607418 ) ) ;
#1031 = CARTESIAN_POINT ( 'NONE',  ( 0.8031116475428637935, 29.06147937302697315, 8.984511222886665038 ) ) ;
#1032 = CARTESIAN_POINT ( 'NONE',  ( 0.000000000000000000, 65.00000000000000000, 0.02000000000000000042 ) ) ;
#1033 = ORIENTED_EDGE ( 'NONE', *, *, #2526, .T. ) ;
#1034 = DIRECTION ( 'NONE',  ( 0.000000000000000000, 0.000000000000000000, -1.000000000000000000 ) ) ;
#1035 = CARTESIAN_POINT ( 'NONE',  ( 3.356382522181409200, 34.53349720481727303, 8.370730289306136385 ) ) ;
#1036 = ORIENTED_EDGE ( 'NONE', *, *, #4833, .T. ) ;
#1037 = CARTESIAN_POINT ( 'NONE',  ( 1.470738335980215306, 32.99970052882165561, 8.899156904534256896 ) ) ;
#1038 = CARTESIAN_POINT ( 'NONE',  ( 1.750000000000000222, 28.01282051282051100, 8.828221791504789806 ) ) ;
#1039 = CARTESIAN_POINT ( 'NONE',  ( 3.589207472261280785, 35.18204995442281557, 8.253338116354033360 ) ) ;
#1040 = CARTESIAN_POINT ( 'NONE',  ( 0.5246144370656712352, 33.05489317430360074, 8.984918240908317699 ) ) ;
#1041 = CARTESIAN_POINT ( 'NONE',  ( 3.507317459547407257, 26.74445055040966679, 8.288505724430583754 ) ) ;
#1042 = ORIENTED_EDGE ( 'NONE', *, *, #2038, .F. ) ;
#1043 = EDGE_CURVE ( 'NONE', #141, #684, #4387, .T. ) ;
#1044 = LINE ( 'NONE', #1492, #3508 ) ;
#1045 = CARTESIAN_POINT ( 'NONE',  ( 2.612043345984257137, 34.52538988754356808, 8.612716086229223578 ) ) ;
#1046 = CARTESIAN_POINT ( 'NONE',  ( 3.140678462097000079, 35.61665392488497872, 8.434378013948768071 ) ) ;
#1047 = VERTEX_POINT ( 'NONE', #1762 ) ;
#1048 = DIRECTION ( 'NONE',  ( 0.000000000000000000, 0.000000000000000000, -1.000000000000000000 ) ) ;
#1049 = CARTESIAN_POINT ( 'NONE',  ( 2.691606570512819818, 36.22435897435897090, 8.608087916968024444 ) ) ;
#1050 = CARTESIAN_POINT ( 'NONE',  ( 0.8275085062937314051, 31.70086882072195422, 8.962062400596261469 ) ) ;
#1051 = CARTESIAN_POINT ( 'NONE',  ( 0.2876340140360946207, 30.09152159333531174, 9.015476202179822707 ) ) ;
#1052 = CARTESIAN_POINT ( 'NONE',  ( 1.985576923076922906, 32.77904647435897800, 8.798239247283270004 ) ) ;
#1053 = CARTESIAN_POINT ( 'NONE',  ( 2.071597995869939535, 26.26618240600548049, 8.784697100179451823 ) ) ;
#1054 = B_SPLINE_SURFACE_WITH_KNOTS ( 'NONE', 3, 1, ( 
 ( #2726, #4638 ),
 ( #1250, #2751 ),
 ( #2845, #4363 ),
 ( #4021, #1786 ),
 ( #2870, #625 ),
 ( #2075, #3938 ),
 ( #603, #1343 ),
 ( #2820, #1024 ) ),
 .UNSPECIFIED., .F., .F., .F.,
 ( 4, 2, 2, 4 ),
 ( 2, 2 ),
 ( 0.000000000000000000, 0.5000000000000001110, 0.7500000000000000000, 1.000000000000000000 ),
 ( 0.000000000000000000, 1.000000000000000000 ),
 .UNSPECIFIED. ) ;
#1055 = B_SPLINE_CURVE_WITH_KNOTS ( 'NONE', 3,
 ( #451, #1957, #3126, #1643, #846, #1195, #53, #1569, #3842, #1171, #3151, #3074, #2675, #2002, #524, #4660 ),
 .UNSPECIFIED., .F., .F.,
 ( 4, 3, 3, 3, 3, 4 ),
 ( 0.000000000000000000, 0.2242658378021044896, 0.4503952099110088980, 0.6567301019527558292, 0.8803619523408796610, 1.000000000000000000 ),
 .UNSPECIFIED. ) ;
#1056 = CARTESIAN_POINT ( 'NONE',  ( 2.007066037711814133, 35.81824837729555355, 8.773418573092573780 ) ) ;
#1057 = B_SPLINE_CURVE_WITH_KNOTS ( 'NONE', 3,
 ( #1254, #3155, #4566, #530, #2680, #106, #1984, #2337, #3847, #4249 ),
 .UNSPECIFIED., .F., .F.,
 ( 4, 2, 2, 2, 4 ),
 ( 0.000000000000000000, 0.0002500141435258905627, 0.0005000282870517811255, 0.0007500424305776716340, 0.001000056574103562251 ),
 .UNSPECIFIED. ) ;
#1058 = CARTESIAN_POINT ( 'NONE',  ( 3.569697156405215566, 35.41640863468169442, 8.261795338275607747 ) ) ;
#1059 = ORIENTED_EDGE ( 'NONE', *, *, #4005, .F. ) ;
#1060 = CARTESIAN_POINT ( 'NONE',  ( 1.642589359543143779, 32.70514191851927421, 8.869087514556550644 ) ) ;
#1061 = DIRECTION ( 'NONE',  ( -0.9796516281416215444, 0.2007054744631295295, 0.000000000000000000 ) ) ;
#1062 = CARTESIAN_POINT ( 'NONE',  ( 3.561088467302784277, 34.94296448362747043, 8.265517937755101130 ) ) ;
#1063 = CARTESIAN_POINT ( 'NONE',  ( 0.8974358974358971341, 30.97435897435897445, 8.975144265169230806 ) ) ;
#1064 = CARTESIAN_POINT ( 'NONE',  ( 2.467247507629299452, 26.01259316929135679, 8.655250489984499751 ) ) ;
#1065 = EDGE_LOOP ( 'NONE', ( #303, #2625, #173, #4195 ) ) ;
#1066 = CARTESIAN_POINT ( 'NONE',  ( 1.601603737728353183, 35.73765405856772759, 8.876796139546289766 ) ) ;
#1067 = CARTESIAN_POINT ( 'NONE',  ( 2.686698717948718063, 35.91025641025641590, 8.609624555181252248 ) ) ;
#1068 = CARTESIAN_POINT ( 'NONE',  ( -0.08550930478402023194, 32.60244894030115859, 9.019594773641054886 ) ) ;
#1069 = EDGE_CURVE ( 'NONE', #3450, #1555, #3991, .T. ) ;
#1070 = ORIENTED_EDGE ( 'NONE', *, *, #798, .F. ) ;
#1071 = DIRECTION ( 'NONE',  ( 0.000000000000000000, 0.000000000000000000, 1.000000000000000000 ) ) ;
#1072 = CARTESIAN_POINT ( 'NONE',  ( 2.007066037711814133, 35.81824837729555355, 8.793546857015751783 ) ) ;
#1073 = CYLINDRICAL_SURFACE ( 'NONE', #1388, 9.000000000000000000 ) ;
#1074 = CARTESIAN_POINT ( 'NONE',  ( 1.634335387198208922, 32.26154727256331256, 8.870364376876585411 ) ) ;
#1075 = CARTESIAN_POINT ( 'NONE',  ( 2.007565518758207102, 32.62868145475712822, 8.793237098138543928 ) ) ;
#1076 = EDGE_CURVE ( 'NONE', #2077, #2917, #1000, .T. ) ;
#1077 = AXIS2_PLACEMENT_3D ( 'NONE', #3935, #545, #1712 ) ;
#1078 = FACE_OUTER_BOUND ( 'NONE', #4429, .T. ) ;
#1079 = ORIENTED_EDGE ( 'NONE', *, *, #4378, .F. ) ;
#1080 = CARTESIAN_POINT ( 'NONE',  ( 2.848713908428404107, 28.16859186336284537, 8.537408139188485734 ) ) ;
#1081 = EDGE_CURVE ( 'NONE', #8, #141, #2120, .T. ) ;
#1082 = CARTESIAN_POINT ( 'NONE',  ( 2.681790865384615419, 34.20512820512820440, 8.611158114849221334 ) ) ;
#1083 = ORIENTED_EDGE ( 'NONE', *, *, #3553, .T. ) ;
#1084 = CARTESIAN_POINT ( 'NONE',  ( 1.660256410256410353, 32.48247195512820440, 8.845393820632814652 ) ) ;
#1085 = FACE_OUTER_BOUND ( 'NONE', #3027, .T. ) ;
#1086 = CARTESIAN_POINT ( 'NONE',  ( 2.247401337562477508, 30.09839628402324152, 8.734883087450024064 ) ) ;
#1087 = CARTESIAN_POINT ( 'NONE',  ( -0.03109425039914107472, 32.08933151862929378, 9.019988193254654618 ) ) ;
#1088 = CARTESIAN_POINT ( 'NONE',  ( -0.08273651269066789604, 35.02857584895688348, 9.019635502702193719 ) ) ;
#1089 = ORIENTED_EDGE ( 'NONE', *, *, #890, .F. ) ;
#1090 = B_SPLINE_SURFACE_WITH_KNOTS ( 'NONE', 3, 1, ( 
 ( #1887, #3416 ),
 ( #1500, #24 ),
 ( #3023, #2629 ),
 ( #4489, #332 ),
 ( #2978, #4834 ),
 ( #2, #1098 ),
 ( #4145, #4861 ),
 ( #2606, #3695 ),
 ( #355, #400 ),
 ( #3000, #4170 ),
 ( #769, #379 ),
 ( #1835, #2281 ),
 ( #677, #1074 ),
 ( #4121, #1864 ),
 ( #4511, #4561 ),
 ( #1545, #1474 ) ),
 .UNSPECIFIED., .F., .F., .F.,
 ( 4, 3, 3, 3, 3, 4 ),
 ( 2, 2 ),
 ( 0.000000000000000000, 0.1940414405782321661, 0.3884870569240643778, 0.5799645655112539711, 0.8107647592694242622, 1.000000000000000000 ),
 ( 0.000000000000000000, 1.000000000000000000 ),
 .UNSPECIFIED. ) ;
#1091 = CARTESIAN_POINT ( 'NONE',  ( 1.750000000000000000, 35.19581330128205110, 8.828095711818615854 ) ) ;
#1092 = CARTESIAN_POINT ( 'NONE',  ( 2.108974358974359031, 35.20352564102564230, 8.769412960489903597 ) ) ;
#1093 = CARTESIAN_POINT ( 'NONE',  ( 0.6738807648714147946, 33.49684586945368636, 8.975312408626077598 ) ) ;
#1094 = VERTEX_POINT ( 'NONE', #1715 ) ;
#1095 = CARTESIAN_POINT ( 'NONE',  ( 0.7494488643059947774, 36.04639397182682359, 8.968613795489966733 ) ) ;
#1096 = CARTESIAN_POINT ( 'NONE',  ( 1.490729066300429562, 29.06720769043293728, 8.895681768229811937 ) ) ;
#1097 = CARTESIAN_POINT ( 'NONE',  ( 0.9633413461538461453, 31.69230769230769340, 8.968426001596638386 ) ) ;
#1098 = CARTESIAN_POINT ( 'NONE',  ( 1.321869090546643255, 31.79785487786916676, 8.922586447136790611 ) ) ;
#1099 = CARTESIAN_POINT ( 'NONE',  ( 0.9966143280427395279, 29.01229751616779495, 8.964649790860450551 ) ) ;
#1100 = CARTESIAN_POINT ( 'NONE',  ( 3.165088351963949886, 26.81817503608639441, 8.445986260679525515 ) ) ;
#1101 = ORIENTED_EDGE ( 'NONE', *, *, #287, .F. ) ;
#1102 = CARTESIAN_POINT ( 'NONE',  ( 1.930856636660777559, 28.32411810522561169, 8.790482084093001802 ) ) ;
#1103 = CARTESIAN_POINT ( 'NONE',  ( 3.175791060491830020, 36.06530601418347715, 8.441471092996650327 ) ) ;
#1104 = ORIENTED_EDGE ( 'NONE', *, *, #3108, .F. ) ;
#1105 = EDGE_CURVE ( 'NONE', #1375, #3418, #4013, .T. ) ;
#1106 = ADVANCED_FACE ( 'NONE', ( #1690 ), #4042, .F. ) ;
#1107 = DIRECTION ( 'NONE',  ( 0.000000000000000000, 0.000000000000000000, 1.000000000000000000 ) ) ;
#1108 = CARTESIAN_POINT ( 'NONE',  ( 0.8515053286464757676, 30.96724641905697339, 8.959607161620882110 ) ) ;
#1109 = CARTESIAN_POINT ( 'NONE',  ( 3.141025641025641413, 28.82051282051282826, 8.454094967595482402 ) ) ;
#1110 = CARTESIAN_POINT ( 'NONE',  ( 2.681790865384615419, 34.20512820512820440, 8.611158114849221334 ) ) ;
#1111 = CARTESIAN_POINT ( 'NONE',  ( 2.898015709794001360, 26.14942225191302327, 8.520780282560538765 ) ) ;
#1112 = DATE_AND_TIME ( #3293, #1700 ) ;
#1113 = VERTEX_POINT ( 'NONE', #3588 ) ;
#1114 = CARTESIAN_POINT ( 'NONE',  ( 1.089925974626546390, 36.08118865438112266, 8.953888650255017012 ) ) ;
#1115 = CARTESIAN_POINT ( 'NONE',  ( 1.436093359273912906, 28.01166699579800223, 8.906082256588002011 ) ) ;
#1116 = FACE_OUTER_BOUND ( 'NONE', #3527, .T. ) ;
#1117 = ORIENTED_EDGE ( 'NONE', *, *, #3700, .F. ) ;
#1118 = B_SPLINE_CURVE_WITH_KNOTS ( 'NONE', 3,
 ( #4792, #1398, #774, #1892, #3005, #4538, #1102, #2611, #1840, #1525, #3328, #3028, #4149, #2213, #2586, #4838, #1818, #4470, #4516, #1795, #2288, #2634, #2263, #3778, #751, #4175, #2660, #1126, #3400, #1080, #6, #1154, #288, #3305, #3725, #4814, #1424, #4494, #4868, #2930, #336, #1869 ),
 .UNSPECIFIED., .F., .F.,
 ( 4, 1, 2, 2, 1, 2, 2, 2, 2, 2, 2, 2, 2, 2, 2, 2, 2, 2, 2, 2, 2, 4 ),
 ( 0.000000000000000000, 0.03124999999999941713, 0.04687499999999936162, 0.06249999999999930611, 0.09374999999999919509, 0.1093749999999991396, 0.1249999999999990841, 0.1562499999999992506, 0.1874999999999994449, 0.2187499999999996392, 0.2499999999999998335, 0.2812500000000000000, 0.3125000000000002220, 0.3437500000000003886, 0.3750000000000006106, 0.4375000000000009437, 0.5000000000000013323, 0.5625000000000016653, 0.6250000000000021094, 0.6875000000000024425, 0.7500000000000028866, 1.000000000000000000 ),
 .UNSPECIFIED. ) ;
#1119 = CARTESIAN_POINT ( 'NONE',  ( 0.5469005129432900070, 35.92425365769819479, 8.983240122711118048 ) ) ;
#1120 = CARTESIAN_POINT ( 'NONE',  ( 2.224221483609285954, 36.06639587997624119, 8.741087263801594176 ) ) ;
#1121 = CARTESIAN_POINT ( 'NONE',  ( 3.001884376040920177, 32.11444429718989824, 8.484840288483423976 ) ) ;
#1122 = DIRECTION ( 'NONE',  ( 0.000000000000000000, 0.000000000000000000, 1.000000000000000000 ) ) ;
#1123 = CARTESIAN_POINT ( 'NONE',  ( 0.8031116475428637935, 29.06147937302697315, 8.964379721874333740 ) ) ;
#1124 = CARTESIAN_POINT ( 'NONE',  ( 2.385814174443265490, 26.28779847013414539, 8.683290634204530178 ) ) ;
#1125 = ORIENTED_EDGE ( 'NONE', *, *, #891, .F. ) ;
#1126 = CARTESIAN_POINT ( 'NONE',  ( 2.708014197753838115, 28.21807047396419676, 8.583082505433937470 ) ) ;
#1127 = CARTESIAN_POINT ( 'NONE',  ( 0.000000000000000000, 63.53076923076922355, 0.000000000000000000 ) ) ;
#1128 = EDGE_CURVE ( 'NONE', #583, #1221, #2362, .T. ) ;
#1129 = ORIENTED_EDGE ( 'NONE', *, *, #3713, .F. ) ;
#1130 = CARTESIAN_POINT ( 'NONE',  ( 0.7601397638002778123, 30.94943760965256985, 8.967701839605329184 ) ) ;
#1131 = CARTESIAN_POINT ( 'NONE',  ( 2.713306812845641236, 34.20654274033527997, 8.581257629945485021 ) ) ;
#1132 = ADVANCED_FACE ( 'NONE', ( #4755 ), #274, .T. ) ;
#1133 = EDGE_CURVE ( 'NONE', #3844, #2418, #3834, .T. ) ;
#1134 = CARTESIAN_POINT ( 'NONE',  ( 2.060125956192273566, 34.52077195065999859, 8.781353105792923941 ) ) ;
#1135 = CARTESIAN_POINT ( 'NONE',  ( 3.571888387505655071, 26.94451803629492659, 8.260915930293391440 ) ) ;
#1136 = ORIENTED_EDGE ( 'NONE', *, *, #502, .F. ) ;
#1137 = CARTESIAN_POINT ( 'NONE',  ( 0.7063881999874284112, 34.06161289176692719, 8.993004161112027717 ) ) ;
#1138 = CARTESIAN_POINT ( 'NONE',  ( 2.387446577731614727, 34.61964827805765310, 8.677893199237674438 ) ) ;
#1139 = DIRECTION ( 'NONE',  ( 0.000000000000000000, 0.000000000000000000, 1.000000000000000000 ) ) ;
#1140 = CARTESIAN_POINT ( 'NONE',  ( 2.693709935897436125, 34.51923076923077360, 8.587303447493749076 ) ) ;
#1141 = CARTESIAN_POINT ( 'NONE',  ( 0.3477775886713631581, 35.65865592618290947, 8.993284497994237014 ) ) ;
#1142 = CARTESIAN_POINT ( 'NONE',  ( 1.929487179487179072, 29.84415064102564585, 8.810738263888566735 ) ) ;
#1143 = CIRCLE ( 'NONE', #4870, 7.000000000000000000 ) ;
#1144 = CIRCLE ( 'NONE', #1543, 9.000000000000000000 ) ;
#1145 = CARTESIAN_POINT ( 'NONE',  ( 0.7757578427271523136, 31.39304294777601356, 8.967065023772569532 ) ) ;
#1146 = CARTESIAN_POINT ( 'NONE',  ( 1.570512820512820706, 65.00000000000000000, 8.861912292536235469 ) ) ;
#1147 = CARTESIAN_POINT ( 'NONE',  ( -0.08974358974358974395, 27.15675080128205110, 8.999552549327102469 ) ) ;
#1148 = ORIENTED_EDGE ( 'NONE', *, *, #1105, .F. ) ;
#1149 = CARTESIAN_POINT ( 'NONE',  ( 1.750000000000000000, 26.26282051282051455, 8.828020998082402926 ) ) ;
#1150 = AXIS2_PLACEMENT_3D ( 'NONE', #3228, #1027, #3941 ) ;
#1151 = ORIENTED_EDGE ( 'NONE', *, *, #250, .T. ) ;
#1152 = B_SPLINE_CURVE_WITH_KNOTS ( 'NONE', 3,
 ( #3913, #1736, #3193, #1269, #3536, #3962, #2024, #4705 ),
 .UNSPECIFIED., .F., .F.,
 ( 4, 2, 2, 4 ),
 ( 0.000000000000000000, 0.2500000000000000000, 0.5000000000000000000, 1.000000000000000000 ),
 .UNSPECIFIED. ) ;
#1153 = VECTOR ( 'NONE', #146, 1000.000000000000000 ) ;
#1154 = CARTESIAN_POINT ( 'NONE',  ( 2.984914503460204482, 28.10605785458267647, 8.490739846239463873 ) ) ;
#1155 = CARTESIAN_POINT ( 'NONE',  ( 2.496681551112780895, 34.56215180061830949, 8.666849953425673547 ) ) ;
#1156 = ORIENTED_EDGE ( 'NONE', *, *, #2579, .F. ) ;
#1157 = B_SPLINE_CURVE_WITH_KNOTS ( 'NONE', 3,
 ( #619, #4011, #3532, #4771, #143, #2470 ),
 .UNSPECIFIED., .F., .F.,
 ( 4, 2, 4 ),
 ( 0.000000000000000000, 0.0002673553931764611601, 0.0005347107863529223203 ),
 .UNSPECIFIED. ) ;
#1158 = CARTESIAN_POINT ( 'NONE',  ( 3.230769230769231282, 27.14623397435897445, 8.400126795323675566 ) ) ;
#1159 = CARTESIAN_POINT ( 'NONE',  ( 2.375443262977077197, 35.78750137835636025, 8.700856997013927341 ) ) ;
#1160 = CARTESIAN_POINT ( 'NONE',  ( 0.000000000000000000, 62.49871794871794606, 0.02000000000000000042 ) ) ;
#1161 = LINE ( 'NONE', #3088, #4158 ) ;
#1162 = ORIENTED_EDGE ( 'NONE', *, *, #4010, .T. ) ;
#1163 = EDGE_CURVE ( 'NONE', #3718, #4277, #1653, .T. ) ;
#1164 = FACE_OUTER_BOUND ( 'NONE', #2368, .T. ) ;
#1165 = CARTESIAN_POINT ( 'NONE',  ( 0.2692307692307692180, 35.21614583333333570, 9.016098616170379998 ) ) ;
#1166 = LINE ( 'NONE', #1515, #2734 ) ;
#1167 = VERTEX_POINT ( 'NONE', #1439 ) ;
#1168 = CARTESIAN_POINT ( 'NONE',  ( 0.6760106050011787104, 36.01795204183397914, 8.974750466866177945 ) ) ;
#1169 = CARTESIAN_POINT ( 'NONE',  ( 0.6307894648264185111, 29.15915240603495562, 8.998284759378817554 ) ) ;
#1170 = DIRECTION ( 'NONE',  ( 0.000000000000000000, 1.000000000000000000, 0.000000000000000000 ) ) ;
#1171 = CARTESIAN_POINT ( 'NONE',  ( 1.517865711178777888, 31.51990817351385488, 8.891081314181757733 ) ) ;
#1172 = CARTESIAN_POINT ( 'NONE',  ( -0.05729121676130362328, 26.86482594334590956, 8.999999999999998224 ) ) ;
#1173 = VERTEX_POINT ( 'NONE', #2574 ) ;
#1174 = CARTESIAN_POINT ( 'NONE',  ( 2.936752953481999828, 30.37194811210625645, 8.549317499943633436 ) ) ;
#1175 = EDGE_LOOP ( 'NONE', ( #1705, #1871, #1392, #1162 ) ) ;
#1176 = CARTESIAN_POINT ( 'NONE',  ( 2.176864799160247443, 35.53521110208007627, 8.732814378452166792 ) ) ;
#1177 = CARTESIAN_POINT ( 'NONE',  ( 2.019230769230769162, 32.41656650641025550, 8.790559109919486858 ) ) ;
#1178 = CARTESIAN_POINT ( 'NONE',  ( 0.5241886193020490747, 31.85516077265033275, 9.004940956777661043 ) ) ;
#1179 = ORIENTED_EDGE ( 'NONE', *, *, #4438, .T. ) ;
#1180 = CARTESIAN_POINT ( 'NONE',  ( 0.03950621462715053767, 30.43666603254838421, 9.000000000000003553 ) ) ;
#1181 = CARTESIAN_POINT ( 'NONE',  ( 2.573669634454110344, 35.89895352593283206, 8.624338020144305617 ) ) ;
#1182 = CARTESIAN_POINT ( 'NONE',  ( 2.060125956192273566, 34.52077195065999859, 8.761213292357100002 ) ) ;
#1183 = CARTESIAN_POINT ( 'NONE',  ( 2.113123407157438294, 29.15636012944716171, 8.768868051076362136 ) ) ;
#1184 = ORIENTED_EDGE ( 'NONE', *, *, #2763, .F. ) ;
#1185 = CARTESIAN_POINT ( 'NONE',  ( 0.8233180043484970012, 34.04195958170063818, 8.962141136913562178 ) ) ;
#1186 = LINE ( 'NONE', #1952, #2412 ) ;
#1187 = CARTESIAN_POINT ( 'NONE',  ( 1.645742665328244536, 32.28478219589452891, 8.848309156204386738 ) ) ;
#1188 = CARTESIAN_POINT ( 'NONE',  ( 2.344130094739821146, 34.65370094176807214, 8.689400733402100840 ) ) ;
#1189 = CARTESIAN_POINT ( 'NONE',  ( 1.745472327736234064, 34.34962721719355017, 8.830354668683812136 ) ) ;
#1190 = CARTESIAN_POINT ( 'NONE',  ( 0.8700921474358974672, 26.39533253205128105, 8.957842354884929748 ) ) ;
#1191 = EDGE_CURVE ( 'NONE', #1938, #3798, #2600, .T. ) ;
#1192 = B_SPLINE_CURVE_WITH_KNOTS ( 'NONE', 3,
 ( #3985, #4703, #1997, #915, #2422, #3147, #1315, #3220, #4358, #3960, #2814, #965 ),
 .UNSPECIFIED., .F., .F.,
 ( 4, 2, 2, 2, 2, 4 ),
 ( 7.023086426956682172E-18, 0.0002833315864596988392, 0.0005666631729193906310, 0.0008499947593790824771, 0.0009916605526089281291, 0.001133326345838774106 ),
 .UNSPECIFIED. ) ;
#1193 = B_SPLINE_CURVE_WITH_KNOTS ( 'NONE', 3,
 ( #531, #2032, #1298, #3874, #3156, #3447, #1255, #107, #4592, #3496 ),
 .UNSPECIFIED., .F., .F.,
 ( 4, 3, 3, 4 ),
 ( 0.000000000000000000, 0.2498264523794988534, 0.4998616653468130333, 1.000000000000000000 ),
 .UNSPECIFIED. ) ;
#1194 = CARTESIAN_POINT ( 'NONE',  ( 1.769567037080327587, 28.84490029928957355, 8.844320512157061387 ) ) ;
#1195 = CARTESIAN_POINT ( 'NONE',  ( 1.852671784994299742, 31.83062859925686539, 8.827622858522861549 ) ) ;
#1196 = DIRECTION ( 'NONE',  ( -1.224646799147353454E-16, 0.000000000000000000, -1.000000000000000000 ) ) ;
#1197 = ORIENTED_EDGE ( 'NONE', *, *, #3009, .T. ) ;
#1198 = CARTESIAN_POINT ( 'NONE',  ( 3.589743589743590313, 32.09615384615385381, 8.273104928443279604 ) ) ;
#1199 = ORIENTED_EDGE ( 'NONE', *, *, #3890, .T. ) ;
#1200 = CARTESIAN_POINT ( 'NONE',  ( 3.431201340437079583, 34.62364678254429151, 8.320658599139687084 ) ) ;
#1201 = FACE_OUTER_BOUND ( 'NONE', #657, .T. ) ;
#1202 = CARTESIAN_POINT ( 'NONE',  ( 2.300993022818189626, 36.11862861009016257, 8.701167726633023847 ) ) ;
#1203 = CARTESIAN_POINT ( 'NONE',  ( 0.5384615384615391021, 62.49871794871794606, 9.003877735788572423 ) ) ;
#1204 = EDGE_CURVE ( 'NONE', #4503, #4248, #2274, .T. ) ;
#1205 = ORIENTED_EDGE ( 'NONE', *, *, #2855, .F. ) ;
#1206 = CARTESIAN_POINT ( 'NONE',  ( -0.08273651269066789604, 35.02857584895688348, 8.999501990324086265 ) ) ;
#1207 = CARTESIAN_POINT ( 'NONE',  ( 2.681790865384614975, 34.20512820512820440, 8.591158114849219984 ) ) ;
#1208 = CARTESIAN_POINT ( 'NONE',  ( 1.750000000000000000, 35.19581330128205110, 8.828221791504788030 ) ) ;
#1209 = DIRECTION ( 'NONE',  ( -0.000000000000000000, -1.000000000000000000, -0.000000000000000000 ) ) ;
#1210 = VERTEX_POINT ( 'NONE', #4901 ) ;
#1211 = CARTESIAN_POINT ( 'NONE',  ( 0.2733732457797658499, 27.04574913640933076, 9.015848388205037978 ) ) ;
#1212 = CARTESIAN_POINT ( 'NONE',  ( 3.141025641025640081, 30.01101762820512775, 8.454094967595482402 ) ) ;
#1213 = CARTESIAN_POINT ( 'NONE',  ( 3.218567048890383475, 35.40925827919269153, 8.424873638437873069 ) ) ;
#1214 = VERTEX_POINT ( 'NONE', #1493 ) ;
#1215 = CARTESIAN_POINT ( 'NONE',  ( 0.2942027215636766058, 35.46910529147874058, 9.015315811293422854 ) ) ;
#1216 = DIRECTION ( 'NONE',  ( 0.000000000000000000, 0.000000000000000000, 1.000000000000000000 ) ) ;
#1217 = EDGE_CURVE ( 'NONE', #3650, #2004, #1881, .T. ) ;
#1218 = CARTESIAN_POINT ( 'NONE',  ( 3.149524278899690000, 34.81048790896149825, 8.431084357367321758 ) ) ;
#1219 = CARTESIAN_POINT ( 'NONE',  ( 2.019230769230769162, 32.41656650641025550, 8.770559109919487284 ) ) ;
#1220 = LINE ( 'NONE', #3869, #1460 ) ;
#1221 = VERTEX_POINT ( 'NONE', #372 ) ;
#1222 = DIRECTION ( 'NONE',  ( -1.000000000000000000, 0.000000000000000000, 0.000000000000000000 ) ) ;
#1223 = ORIENTED_EDGE ( 'NONE', *, *, #68, .T. ) ;
#1224 = VECTOR ( 'NONE', #3828, 1000.000000000000000 ) ;
#1225 = CIRCLE ( 'NONE', #3203, 8.000000000000000000 ) ;
#1226 = EDGE_CURVE ( 'NONE', #956, #1797, #292, .T. ) ;
#1227 = EDGE_CURVE ( 'NONE', #2981, #4182, #2646, .T. ) ;
#1228 = CARTESIAN_POINT ( 'NONE',  ( 0.7893763612289488307, 26.42525523193004133, 8.965682431654593998 ) ) ;
#1229 = CARTESIAN_POINT ( 'NONE',  ( 2.003750478571366234, 32.65882254324996836, 8.774109840527970050 ) ) ;
#1230 = CARTESIAN_POINT ( 'NONE',  ( 2.686698717948718063, 35.91025641025641590, 8.589624555181250898 ) ) ;
#1231 = VECTOR ( 'NONE', #4763, 1000.000000000000000 ) ;
#1232 = AXIS2_PLACEMENT_3D ( 'NONE', #1808, #1828, #3339 ) ;
#1233 = CARTESIAN_POINT ( 'NONE',  ( 2.311708290696183887, 34.29607510195382503, 8.698290955152478077 ) ) ;
#1234 = VERTEX_POINT ( 'NONE', #324 ) ;
#1235 = ORIENTED_EDGE ( 'NONE', *, *, #711, .F. ) ;
#1236 = AXIS2_PLACEMENT_3D ( 'NONE', #672, #2651, #1071 ) ;
#1237 = EDGE_CURVE ( 'NONE', #2551, #3031, #598, .T. ) ;
#1238 = CARTESIAN_POINT ( 'NONE',  ( 0.1165993107176991200, 34.47024244689943373, 9.019443865752297285 ) ) ;
#1239 = VECTOR ( 'NONE', #102, 1000.000000000000000 ) ;
#1240 = CARTESIAN_POINT ( 'NONE',  ( 1.424418464085599911, 28.71308444572161989, 8.906564692791691940 ) ) ;
#1241 = ORIENTED_EDGE ( 'NONE', *, *, #3457, .T. ) ;
#1242 = CARTESIAN_POINT ( 'NONE',  ( 0.2944711538461537992, 34.29066506410256920, 8.995060035908398532 ) ) ;
#1243 = CARTESIAN_POINT ( 'NONE',  ( 1.158167166683003124, 26.31107252859378320, 8.926421568670358297 ) ) ;
#1244 = CARTESIAN_POINT ( 'NONE',  ( 0.8492762870632141192, 33.52747161395522113, 8.959917411265704956 ) ) ;
#1245 = ORIENTED_EDGE ( 'NONE', *, *, #2579, .T. ) ;
#1246 = CARTESIAN_POINT ( 'NONE',  ( 0.2717202237393509523, 29.97926775103295327, 8.995897638532003526 ) ) ;
#1247 = CARTESIAN_POINT ( 'NONE',  ( 1.985576923076923350, 32.77904647435897800, 8.798239247283270004 ) ) ;
#1248 = B_SPLINE_CURVE_WITH_KNOTS ( 'NONE', 3,
 ( #3148, #4187, #97, #3120, #3437, #2748, #866, #887, #3887, #495, #2327, #2399 ),
 .UNSPECIFIED., .F., .F.,
 ( 4, 2, 2, 2, 2, 4 ),
 ( 0.000000000000000000, 0.0002842233970386052327, 0.0005684467940772104655, 0.0008526701911158156982, 0.0009947818896351183146, 0.001136893588154420931 ),
 .UNSPECIFIED. ) ;
#1249 = CARTESIAN_POINT ( 'NONE',  ( 1.831710255297043011, 29.39638431415240305, 8.831630810501550854 ) ) ;
#1250 = CARTESIAN_POINT ( 'NONE',  ( 1.344014823036808526, 25.95364932992901075, 8.908405620451073759 ) ) ;
#1251 = CARTESIAN_POINT ( 'NONE',  ( 1.884615384615386580, 61.15256410256409225, 8.800467308732587313 ) ) ;
#1252 = ORIENTED_EDGE ( 'NONE', *, *, #4759, .F. ) ;
#1253 = CARTESIAN_POINT ( 'NONE',  ( 3.585558128158375713, 35.28848874003350033, 8.254924183784400071 ) ) ;
#1254 = CARTESIAN_POINT ( 'NONE',  ( 2.693709935897436125, 34.51923076923077360, 8.607428414912545733 ) ) ;
#1255 = CARTESIAN_POINT ( 'NONE',  ( 2.269286106551245297, 29.99583131472998332, 8.729210100038551801 ) ) ;
#1256 = CARTESIAN_POINT ( 'NONE',  ( 2.552750706716070184, 36.21702309740827275, 8.650873753276624001 ) ) ;
#1257 = CARTESIAN_POINT ( 'NONE',  ( 0.1826930694485353890, 26.44397203932665619, 8.998298191339653584 ) ) ;
#1258 = EDGE_CURVE ( 'NONE', #4753, #1810, #1413, .T. ) ;
#1259 = ADVANCED_FACE ( 'NONE', ( #4163 ), #2920, .T. ) ;
#1260 = VERTEX_POINT ( 'NONE', #1092 ) ;
#1261 = CARTESIAN_POINT ( 'NONE',  ( 0.04509475237486978982, 29.29790936140251745, 9.000000000000001776 ) ) ;
#1262 = CARTESIAN_POINT ( 'NONE',  ( 3.119829342867213029, 34.76487543927350998, 8.441895038799419382 ) ) ;
#1263 = ORIENTED_EDGE ( 'NONE', *, *, #2315, .T. ) ;
#1264 = CARTESIAN_POINT ( 'NONE',  ( 0.3516630199865430351, 30.25675645405669201, 9.013169542604186901 ) ) ;
#1265 = LINE ( 'NONE', #45, #4232 ) ;
#1266 = DIRECTION ( 'NONE',  ( 0.000000000000000000, 0.000000000000000000, 1.000000000000000000 ) ) ;
#1267 = DIRECTION ( 'NONE',  ( 0.000000000000000000, 0.000000000000000000, 1.000000000000000000 ) ) ;
#1268 = CARTESIAN_POINT ( 'NONE',  ( 0.4951484077450398202, 30.46572633625896032, 8.986540913490896898 ) ) ;
#1269 = CARTESIAN_POINT ( 'NONE',  ( 3.288483846722471071, 26.39138061916207789, 8.398675262211419579 ) ) ;
#1270 = CARTESIAN_POINT ( 'NONE',  ( 1.688815430917101956, 29.20310363530526487, 8.860130227564308569 ) ) ;
#1271 = CARTESIAN_POINT ( 'NONE',  ( 0.07497827978455494369, 35.90799949907644617, 9.019955213630442614 ) ) ;
#1272 = CARTESIAN_POINT ( 'NONE',  ( 1.120433095649351785, 31.38384082313616119, 8.930241735760791499 ) ) ;
#1273 = ORIENTED_EDGE ( 'NONE', *, *, #4583, .T. ) ;
#1274 = CARTESIAN_POINT ( 'NONE',  ( 2.816303894196712232, 36.21168845125761493, 8.548021520603672485 ) ) ;
#1275 = CARTESIAN_POINT ( 'NONE',  ( 0.4982575688463598551, 26.60819455863643412, 8.986363022973723247 ) ) ;
#1276 = CARTESIAN_POINT ( 'NONE',  ( 0.8974358974358976893, 30.66025641025641590, 8.955007161200034815 ) ) ;
#1277 = CARTESIAN_POINT ( 'NONE',  ( 1.178217582742184133, 31.39451842428892547, 8.922406525554340107 ) ) ;
#1278 = CARTESIAN_POINT ( 'NONE',  ( 1.415088019908157246, 25.95278303281474663, 8.894555526865721262 ) ) ;
#1279 = ORIENTED_EDGE ( 'NONE', *, *, #2316, .T. ) ;
#1280 = EDGE_CURVE ( 'NONE', #1378, #3274, #4115, .T. ) ;
#1281 = FACE_OUTER_BOUND ( 'NONE', #695, .T. ) ;
#1282 = CARTESIAN_POINT ( 'NONE',  ( 2.619565503329988498, 30.43701221098896781, 8.610358659670549031 ) ) ;
#1283 = ORIENTED_EDGE ( 'NONE', *, *, #4225, .T. ) ;
#1284 = EDGE_CURVE ( 'NONE', #391, #1368, #2225, .T. ) ;
#1285 = LINE ( 'NONE', #2067, #3831 ) ;
#1286 = FACE_OUTER_BOUND ( 'NONE', #4652, .T. ) ;
#1287 = CARTESIAN_POINT ( 'NONE',  ( 2.772878196647779347, 35.90245186862100724, 8.562192663472753651 ) ) ;
#1288 = DIRECTION ( 'NONE',  ( 0.000000000000000000, 0.000000000000000000, 1.000000000000000000 ) ) ;
#1289 = CARTESIAN_POINT ( 'NONE',  ( 0.2692307692307692180, 35.21614583333333570, 9.016097863841482152 ) ) ;
#1290 = EDGE_CURVE ( 'NONE', #2508, #2760, #1530, .T. ) ;
#1291 = CARTESIAN_POINT ( 'NONE',  ( 1.307222908646618054, 34.40886214258902243, 8.924844011078572947 ) ) ;
#1292 = EDGE_CURVE ( 'NONE', #2929, #5, #1265, .T. ) ;
#1293 = CARTESIAN_POINT ( 'NONE',  ( 1.569557319212139257, 29.09884829703569409, 8.862659483176514641 ) ) ;
#1294 = DIRECTION ( 'NONE',  ( 0.000000000000000000, 0.000000000000000000, 1.000000000000000000 ) ) ;
#1295 = ORIENTED_EDGE ( 'NONE', *, *, #1370, .T. ) ;
#1296 = FACE_OUTER_BOUND ( 'NONE', #2945, .T. ) ;
#1297 = CARTESIAN_POINT ( 'NONE',  ( 2.724746518778184967, 34.20695330986670513, 8.577749203344215090 ) ) ;
#1298 = CARTESIAN_POINT ( 'NONE',  ( 2.239036928074385369, 30.13230544566393121, 8.737040108362732482 ) ) ;
#1299 = CARTESIAN_POINT ( 'NONE',  ( 1.570512820512820484, 62.18461538461537685, 8.881912292536235043 ) ) ;
#1300 = CARTESIAN_POINT ( 'NONE',  ( 1.985576923076922906, 32.77904647435897800, 8.798239247283270004 ) ) ;
#1301 = CARTESIAN_POINT ( 'NONE',  ( 0.2692307692307691069, 29.88832131410256565, 8.995972142736958332 ) ) ;
#1302 = VERTEX_POINT ( 'NONE', #2323 ) ;
#1303 = ORIENTED_EDGE ( 'NONE', *, *, #561, .T. ) ;
#1304 = CC_DESIGN_APPROVAL ( #50, ( #2591 ) ) ;
#1305 = AXIS2_PLACEMENT_3D ( 'NONE', #189, #3609, #3957 ) ;
#1306 = CARTESIAN_POINT ( 'NONE',  ( 0.5047292806857894831, 35.89557581563792610, 8.986053249797214093 ) ) ;
#1307 = CARTESIAN_POINT ( 'NONE',  ( 0.7396303473864104250, 33.17953274580591483, 8.969556675180617944 ) ) ;
#1308 = DIRECTION ( 'NONE',  ( 0.000000000000000000, -1.000000000000000000, 0.000000000000000000 ) ) ;
#1309 = AXIS2_PLACEMENT_3D ( 'NONE', #1146, #745, #3345 ) ;
#1310 = ORIENTED_EDGE ( 'NONE', *, *, #2882, .T. ) ;
#1311 = CARTESIAN_POINT ( 'NONE',  ( 0.8095330025784864825, 26.41778282587405968, 8.983724800199372140 ) ) ;
#1312 = CIRCLE ( 'NONE', #3212, 9.000000000000000000 ) ;
#1313 = LINE ( 'NONE', #1732, #3283 ) ;
#1314 = CARTESIAN_POINT ( 'NONE',  ( 2.870494130104370711, 35.87551131139489513, 8.530086128377051935 ) ) ;
#1315 = CARTESIAN_POINT ( 'NONE',  ( 1.324996407576835233, 33.12689425539006294, 8.902353198362787268 ) ) ;
#1316 = CARTESIAN_POINT ( 'NONE',  ( 0.2692307692307689404, 29.88832131410256565, 9.015972142736952577 ) ) ;
#1317 = ORIENTED_EDGE ( 'NONE', *, *, #4697, .T. ) ;
#1318 = CARTESIAN_POINT ( 'NONE',  ( 1.348438499226978671, 33.51893863610333568, 8.906112756310198719 ) ) ;
#1319 = CARTESIAN_POINT ( 'NONE',  ( 3.045025295140010080, 35.74898724982914899, 8.489381006686370412 ) ) ;
#1320 = CARTESIAN_POINT ( 'NONE',  ( 1.651541143141207924, 28.78171783134029127, 8.847451130079019066 ) ) ;
#1321 = VERTEX_POINT ( 'NONE', #1973 ) ;
#1322 = CARTESIAN_POINT ( 'NONE',  ( 2.971115934969434047, 27.73027513732621330, 8.495876254171470521 ) ) ;
#1323 = EDGE_CURVE ( 'NONE', #360, #2497, #4206, .T. ) ;
#1324 = CARTESIAN_POINT ( 'NONE',  ( 2.767754056236155336, 34.20884378912036539, 8.563966568468742935 ) ) ;
#1325 = CARTESIAN_POINT ( 'NONE',  ( 0.2719862225342621342, 29.98898539903236227, 8.995752573771115479 ) ) ;
#1326 = CARTESIAN_POINT ( 'NONE',  ( 2.681790865384615419, 34.20512820512820440, 8.611158114849221334 ) ) ;
#1327 = B_SPLINE_CURVE_WITH_KNOTS ( 'NONE', 3,
 ( #734, #4087, #1135, #3384, #1041, #4452, #665, #4478, #2222, #4898, #1847, #3406, #4160, #389, #3336, #1111, #3758, #1511, #3013, #1876, #1899, #1488, #3732, #1803, #3709, #2990, #1064, #2174, #3685, #1409, #4846, #2915, #3315, #4523, #2570, #689, #4502, #758, #2243, #344, #2618, #4135, #2641, #2270, #2688 ),
 .UNSPECIFIED., .F., .F.,
 ( 4, 2, 2, 2, 2, 2, 2, 2, 2, 2, 2, 2, 2, 2, 2, 2, 2, 2, 2, 1, 2, 2, 4 ),
 ( 0.000000000000000000, 0.1250000000000007216, 0.1875000000000009992, 0.2500000000000012768, 0.3125000000000015543, 0.3750000000000018874, 0.4375000000000021649, 0.5000000000000024425, 0.5625000000000027756, 0.5937500000000026645, 0.6250000000000024425, 0.6562500000000023315, 0.6875000000000022204, 0.7187500000000019984, 0.7500000000000018874, 0.7812500000000017764, 0.8125000000000015543, 0.8437500000000014433, 0.8750000000000012212, 0.9062500000000011102, 0.9218750000000013323, 0.9375000000000013323, 1.000000000000000000 ),
 .UNSPECIFIED. ) ;
#1328 = CARTESIAN_POINT ( 'NONE',  ( 1.348438499226978671, 33.51893863610333568, 8.926295727391950763 ) ) ;
#1329 = CARTESIAN_POINT ( 'NONE',  ( 1.748597756410256610, 25.94871794871794890, 8.828499639592054749 ) ) ;
#1330 = ORIENTED_EDGE ( 'NONE', *, *, #3649, .F. ) ;
#1331 = VERTEX_POINT ( 'NONE', #1903 ) ;
#1332 = CARTESIAN_POINT ( 'NONE',  ( 1.233287693183234834, 26.30211162939326996, 8.915099632973415567 ) ) ;
#1333 = CARTESIAN_POINT ( 'NONE',  ( 0.3757611633875497237, 28.03752602135239158, 9.014044622736347989 ) ) ;
#1334 = CARTESIAN_POINT ( 'NONE',  ( 0.3970789775915324338, 34.20696636342790242, 8.991822281056363053 ) ) ;
#1335 = ORIENTED_EDGE ( 'NONE', *, *, #1226, .T. ) ;
#1336 = CARTESIAN_POINT ( 'NONE',  ( -0.08730796408743589365, 32.54701717049685072, 8.999576837400139695 ) ) ;
#1337 = CARTESIAN_POINT ( 'NONE',  ( 0.4600966164563721761, 34.61270725865275466, 8.988103828772365134 ) ) ;
#1338 = DIRECTION ( 'NONE',  ( -0.000000000000000000, -1.000000000000000000, -0.000000000000000000 ) ) ;
#1339 = LINE ( 'NONE', #3934, #743 ) ;
#1340 = CARTESIAN_POINT ( 'NONE',  ( 1.019431089743589203, 34.02564102564102910, 8.962078072420537111 ) ) ;
#1341 = ORIENTED_EDGE ( 'NONE', *, *, #3004, .T. ) ;
#1342 = CARTESIAN_POINT ( 'NONE',  ( 3.229038156146045502, 35.13254678862718805, 8.400792583205809905 ) ) ;
#1343 = CARTESIAN_POINT ( 'NONE',  ( -0.08669968951288152537, 26.94736310521713918, 9.019582903117697725 ) ) ;
#1344 = CARTESIAN_POINT ( 'NONE',  ( 2.151884178608572284, 29.21230032114840824, 8.739152653670196003 ) ) ;
#1345 = EDGE_CURVE ( 'NONE', #2028, #948, #674, .T. ) ;
#1346 = EDGE_CURVE ( 'NONE', #3274, #4136, #2884, .T. ) ;
#1347 = ORIENTED_EDGE ( 'NONE', *, *, #3712, .F. ) ;
#1348 = CARTESIAN_POINT ( 'NONE',  ( 2.112004323689851137, 35.28927256090371856, 8.768684834473857492 ) ) ;
#1349 = CARTESIAN_POINT ( 'NONE',  ( 1.884615384615384803, 65.00000000000000000, 8.820467308732586886 ) ) ;
#1350 = CARTESIAN_POINT ( 'NONE',  ( 0.2692307692307690514, 29.88832131410256565, 9.015972142736947248 ) ) ;
#1351 = CARTESIAN_POINT ( 'NONE',  ( 3.141025641025641857, 28.82051282051282470, 8.434094967595482828 ) ) ;
#1352 = EDGE_CURVE ( 'NONE', #3194, #877, #1609, .T. ) ;
#1353 = CYLINDRICAL_SURFACE ( 'NONE', #3133, 9.000000000000000000 ) ;
#1354 = ORIENTED_EDGE ( 'NONE', *, *, #3188, .T. ) ;
#1355 = CARTESIAN_POINT ( 'NONE',  ( 1.663667620216068954, 26.26363879212157926, 8.865337191262746330 ) ) ;
#1356 = CARTESIAN_POINT ( 'NONE',  ( 0.2812800057904578654, 32.60390041060820465, 8.995603457152974158 ) ) ;
#1357 = PLANE ( 'NONE',  #4713 ) ;
#1358 = VERTEX_POINT ( 'NONE', #2745 ) ;
#1359 = DIRECTION ( 'NONE',  ( 0.000000000000000000, 0.000000000000000000, 1.000000000000000000 ) ) ;
#1360 = CARTESIAN_POINT ( 'NONE',  ( 0.7938042327921749353, 34.37108744812022110, 8.985349720849107769 ) ) ;
#1361 = DIRECTION ( 'NONE',  ( 0.000000000000000000, 0.000000000000000000, 1.000000000000000000 ) ) ;
#1362 = CARTESIAN_POINT ( 'NONE',  ( 1.436051082982152227, 28.01201834564157522, 8.910629938950858531 ) ) ;
#1363 = CARTESIAN_POINT ( 'NONE',  ( 3.230769230769231282, 27.14623397435897445, 8.400126795323673790 ) ) ;
#1364 = ORIENTED_EDGE ( 'NONE', *, *, #1400, .F. ) ;
#1365 = CARTESIAN_POINT ( 'NONE',  ( 1.013120993589743613, 34.33974358974359120, 8.942794861561370823 ) ) ;
#1366 = CARTESIAN_POINT ( 'NONE',  ( 0.000000000000000000, 63.79999999999999716, 0.000000000000000000 ) ) ;
#1367 = CARTESIAN_POINT ( 'NONE',  ( 2.015535773020462607, 32.27909277846537606, 8.771409802554535062 ) ) ;
#1368 = VERTEX_POINT ( 'NONE', #783 ) ;
#1369 = CARTESIAN_POINT ( 'NONE',  ( 2.489255293261074531, 35.86501318921390435, 8.668986379582646506 ) ) ;
#1370 = EDGE_CURVE ( 'NONE', #404, #1868, #3877, .T. ) ;
#1371 = CARTESIAN_POINT ( 'NONE',  ( -0.08974358974358936925, 29.90655048076923350, 9.019552549327100266 ) ) ;
#1372 = CARTESIAN_POINT ( 'NONE',  ( 0.5370636847766375732, 30.50352738352616910, 9.004191978550389663 ) ) ;
#1373 = CARTESIAN_POINT ( 'NONE',  ( 1.646993666254616295, 32.67163955892338123, 8.868074175494511380 ) ) ;
#1374 = LINE ( 'NONE', #2514, #990 ) ;
#1375 = VERTEX_POINT ( 'NONE', #4236 ) ;
#1376 = CARTESIAN_POINT ( 'NONE',  ( 1.395900043896016740, 36.32246467456316452, 8.891649060423398865 ) ) ;
#1377 = CYLINDRICAL_SURFACE ( 'NONE', #3042, 9.000000000000000000 ) ;
#1378 = VERTEX_POINT ( 'NONE', #4631 ) ;
#1379 = VECTOR ( 'NONE', #3647, 1000.000000000000000 ) ;
#1380 = CLOSED_SHELL ( 'NONE', ( #4677, #4552, #2856, #1259, #110, #1743, #2983, #3164, #820, #2369, #1589, #3543, #4575, #2375, #898, #2831, #405, #183, #82, #1106, #2128, #2059, #681, #617, #4019, #2830, #1893, #2286, #318, #2163, #2090, #1132, #1626, #1914, #1023, #1677, #4611, #4422, #4576, #159, #503, #3123, #675, #2257, #830, #3479, #4696, #729, #3891, #1562, #1684, #1527, #4132, #2973, #3711, #1505, #4467, #4254, #4211, #4791, #3197, #3607, #3795, #3030, #4765, #2065, #2897, #1706, #2887, #923, #766, #924, #1652, #995, #4439, #3182, #1748, #2824, #291, #2285, #462, #4255, #4218, #34, #2509, #3882, #382, #2153, #1436, #3008, #449, #75, #2462, #4283, #1498, #3580, #4259, #2580, #4373 ) ) ;
#1381 = LINE ( 'NONE', #1428, #3433 ) ;
#1382 = DIRECTION ( 'NONE',  ( 0.000000000000000000, 0.000000000000000000, 1.000000000000000000 ) ) ;
#1383 = CARTESIAN_POINT ( 'NONE',  ( 0.7096635586520027017, 26.45986418055563760, 8.992271026386630339 ) ) ;
#1384 = APPROVAL_PERSON_ORGANIZATION ( #2545, #50, #1489 ) ;
#1385 = CARTESIAN_POINT ( 'NONE',  ( 0.07994231504651504172, 30.50735882840954005, 9.020036286824200999 ) ) ;
#1386 = DIRECTION ( 'NONE',  ( 0.000000000000000000, 0.000000000000000000, 1.000000000000000000 ) ) ;
#1387 = ORIENTED_EDGE ( 'NONE', *, *, #3956, .F. ) ;
#1388 = AXIS2_PLACEMENT_3D ( 'NONE', #1499, #1833, #3721 ) ;
#1389 = CARTESIAN_POINT ( 'NONE',  ( 1.013120993589743613, 34.33974358974359120, 8.962795192351647344 ) ) ;
#1390 = CARTESIAN_POINT ( 'NONE',  ( 3.500000000000000000, 65.00000000000000000, 8.291561975888500413 ) ) ;
#1391 = CARTESIAN_POINT ( 'NONE',  ( 2.686698717948718063, 35.91025641025641590, 8.589624555181252674 ) ) ;
#1392 = ORIENTED_EDGE ( 'NONE', *, *, #3160, .F. ) ;
#1393 = CARTESIAN_POINT ( 'NONE',  ( 2.176864799160240338, 35.53521110208004785, 8.752814378452164590 ) ) ;
#1394 = DIRECTION ( 'NONE',  ( -1.000000000000000000, 0.000000000000000000, 0.000000000000000000 ) ) ;
#1395 = CARTESIAN_POINT ( 'NONE',  ( 1.613800215889199974, 34.69574130812857504, 8.874385004928267762 ) ) ;
#1396 = DIRECTION ( 'NONE',  ( 0.000000000000000000, 0.000000000000000000, 1.000000000000000000 ) ) ;
#1397 = CARTESIAN_POINT ( 'NONE',  ( 0.000000000000000000, 65.00000000000000000, 9.000000000000000000 ) ) ;
#1398 = CARTESIAN_POINT ( 'NONE',  ( 1.776758730035854272, 28.32675841131910133, 8.822921997035530595 ) ) ;
#1399 = CARTESIAN_POINT ( 'NONE',  ( 2.691606570512820706, 36.22435897435897090, 8.608087916968024444 ) ) ;
#1400 = EDGE_CURVE ( 'NONE', #4813, #2765, #1186, .T. ) ;
#1401 = ORIENTED_EDGE ( 'NONE', *, *, #931, .T. ) ;
#1402 = B_SPLINE_SURFACE_WITH_KNOTS ( 'NONE', 3, 1, ( 
 ( #2363, #3495 ),
 ( #3897, #3056 ),
 ( #2755, #504 ),
 ( #456, #58 ),
 ( #823, #4591 ),
 ( #1200, #4219 ),
 ( #1598, #1962 ),
 ( #1622, #3132 ),
 ( #4643, #4273 ),
 ( #2007, #3668 ),
 ( #577, #4686 ),
 ( #4319, #2904 ),
 ( #1005, #1720 ),
 ( #1324, #3230 ),
 ( #1297, #950 ),
 ( #3276, #4415 ) ),
 .UNSPECIFIED., .F., .F., .F.,
 ( 4, 3, 3, 3, 3, 4 ),
 ( 2, 2 ),
 ( 0.000000000000000000, 0.2364505135764685961, 0.4738529553743491274, 0.6945972448023902679, 0.9130570711727742372, 1.000000000000000000 ),
 ( 0.000000000000000000, 1.000000000000000000 ),
 .UNSPECIFIED. ) ;
#1403 = CARTESIAN_POINT ( 'NONE',  ( 1.470738335980215306, 32.99970052882165561, 8.878871677192746503 ) ) ;
#1404 = CARTESIAN_POINT ( 'NONE',  ( 0.01288965886366464676, 30.39514280161706949, 9.020090354005883881 ) ) ;
#1405 = CARTESIAN_POINT ( 'NONE',  ( 2.286525363449295689, 29.85713496893534113, 8.704699479270759710 ) ) ;
#1406 = EDGE_CURVE ( 'NONE', #795, #2932, #862, .T. ) ;
#1407 = EDGE_CURVE ( 'NONE', #2448, #881, #2036, .T. ) ;
#1408 = CARTESIAN_POINT ( 'NONE',  ( 0.2948162385144457165, 31.61987804271050706, 9.015170003146588229 ) ) ;
#1409 = CARTESIAN_POINT ( 'NONE',  ( 2.341731677688090763, 25.99041518025509490, 8.690047943607771330 ) ) ;
#1410 = PERSON_AND_ORGANIZATION ( #2266, #2959 ) ;
#1411 = ORIENTED_EDGE ( 'NONE', *, *, #47, .T. ) ;
#1412 = CARTESIAN_POINT ( 'NONE',  ( -0.08974358974358936925, 35.21965144230769340, 9.019552549327102042 ) ) ;
#1413 = LINE ( 'NONE', #4064, #2250 ) ;
#1414 = CARTESIAN_POINT ( 'NONE',  ( -0.02070478284810833500, 32.85750999745518186, 9.019976183966669225 ) ) ;
#1415 = ORIENTED_EDGE ( 'NONE', *, *, #855, .F. ) ;
#1416 = B_SPLINE_CURVE_WITH_KNOTS ( 'NONE', 3,
 ( #934, #2140, #957, #1674, #3952, #3236, #1306, #4350, #2908, #2537, #2438, #562 ),
 .UNSPECIFIED., .F., .F.,
 ( 4, 2, 2, 2, 2, 4 ),
 ( 1.517883041479706208E-18, 0.0001559113379699997022, 0.0003118226759399978865, 0.0006236453518799942551, 0.0009354680278199906237, 0.001247290703759986992 ),
 .UNSPECIFIED. ) ;
#1417 = CARTESIAN_POINT ( 'NONE',  ( 0.8974358974358975782, 30.66025641025641590, 8.955144265169233009 ) ) ;
#1418 = CARTESIAN_POINT ( 'NONE',  ( 1.688815430917101956, 29.20310363530526487, 8.839996037342389812 ) ) ;
#1419 = CARTESIAN_POINT ( 'NONE',  ( 0.4789844109544905137, 31.49118151225711060, 8.987668454767694826 ) ) ;
#1420 = CARTESIAN_POINT ( 'NONE',  ( 2.613407253907054972, 36.22106607920077437, 8.612299358216946032 ) ) ;
#1421 = DIRECTION ( 'NONE',  ( 0.000000000000000000, 1.000000000000000000, 0.000000000000000000 ) ) ;
#1422 = CARTESIAN_POINT ( 'NONE',  ( 2.276894820240524364, 32.95487254476142169, 8.708353768364970549 ) ) ;
#1423 = ORIENTED_EDGE ( 'NONE', *, *, #319, .F. ) ;
#1424 = CARTESIAN_POINT ( 'NONE',  ( 3.270835734048969545, 27.90369538873397559, 8.384695102746292150 ) ) ;
#1425 = CARTESIAN_POINT ( 'NONE',  ( 3.510716459121644206, 35.63407758831687744, 8.307224405000011913 ) ) ;
#1426 = ORIENTED_EDGE ( 'NONE', *, *, #2501, .T. ) ;
#1427 = EDGE_CURVE ( 'NONE', #3251, #3025, #330, .T. ) ;
#1428 = CARTESIAN_POINT ( 'NONE',  ( 0.9822716346153845812, 31.37820512820512775, 8.946236216187788415 ) ) ;
#1429 = CARTESIAN_POINT ( 'NONE',  ( 0.6402761360337932972, 30.92167644926758641, 8.977861821367948636 ) ) ;
#1430 = CARTESIAN_POINT ( 'NONE',  ( 3.230769230769231282, 27.14623397435897445, 8.420126795323675140 ) ) ;
#1431 = CARTESIAN_POINT ( 'NONE',  ( 0.2081386019786990171, 31.69287873677823697, 9.018010858267485830 ) ) ;
#1432 = DIRECTION ( 'NONE',  ( 0.000000000000000000, 0.000000000000000000, 1.000000000000000000 ) ) ;
#1433 = COORDINATED_UNIVERSAL_TIME_OFFSET ( 5, 0, .BEHIND. ) ;
#1434 = VERTEX_POINT ( 'NONE', #4603 ) ;
#1435 = EDGE_CURVE ( 'NONE', #4204, #1378, #3145, .T. ) ;
#1436 = ADVANCED_FACE ( 'NONE', ( #4553 ), #2547, .F. ) ;
#1437 = APPLICATION_CONTEXT ( 'configuration controlled 3d designs of mechanical parts and assemblies' ) ;
#1438 = CARTESIAN_POINT ( 'NONE',  ( 0.8700921474358974672, 26.39533253205128105, 8.957842354884931524 ) ) ;
#1439 = CARTESIAN_POINT ( 'NONE',  ( 1.570512820512820484, 63.53076923076922355, 8.881912292536235043 ) ) ;
#1440 = CARTESIAN_POINT ( 'NONE',  ( -0.08974358974358974395, 32.47195512820512420, 9.019552549327103819 ) ) ;
#1441 = EDGE_LOOP ( 'NONE', ( #612, #1235, #1117, #2181 ) ) ;
#1442 = CARTESIAN_POINT ( 'NONE',  ( 0.9759615384615386580, 33.53205128205127750, 8.946926795019829015 ) ) ;
#1443 = CARTESIAN_POINT ( 'NONE',  ( 1.270603099065927166, 29.00223684496993926, 8.930596203164576252 ) ) ;
#1444 = EDGE_CURVE ( 'NONE', #2418, #4101, #2863, .T. ) ;
#1445 = EDGE_CURVE ( 'NONE', #2391, #5, #1157, .T. ) ;
#1446 = CARTESIAN_POINT ( 'NONE',  ( 1.040949779275250140E-15, 64.79999999999999716, -8.000000000000000000 ) ) ;
#1447 = CARTESIAN_POINT ( 'NONE',  ( 0.5258680874643620884, 34.53311538199965014, 8.984886842477949997 ) ) ;
#1448 = CARTESIAN_POINT ( 'NONE',  ( 0.7170739127417669057, 29.11024597044750095, 8.971256630356482020 ) ) ;
#1449 = CARTESIAN_POINT ( 'NONE',  ( 1.909283357814385962, 35.79139490061916007, 8.795044182125327126 ) ) ;
#1450 = EDGE_LOOP ( 'NONE', ( #4514, #2967, #3089, #1310 ) ) ;
#1451 = CARTESIAN_POINT ( 'NONE',  ( 2.224221483609285954, 36.06639587997624119, 8.720958979878417949 ) ) ;
#1452 = CARTESIAN_POINT ( 'NONE',  ( 3.458341080049418537, 35.73107821498899739, 8.329023827986205220 ) ) ;
#1453 = ORIENTED_EDGE ( 'NONE', *, *, #1771, .T. ) ;
#1454 = B_SPLINE_CURVE_WITH_KNOTS ( 'NONE', 3,
 ( #4406, #2101, #1018, #2866, #4731, #1340 ),
 .UNSPECIFIED., .F., .F.,
 ( 4, 2, 4 ),
 ( 0.000000000000000000, 0.5000000000000000000, 1.000000000000000000 ),
 .UNSPECIFIED. ) ;
#1455 = CARTESIAN_POINT ( 'NONE',  ( 1.642589359543143779, 32.70514191851927421, 8.848802287215040252 ) ) ;
#1456 = CARTESIAN_POINT ( 'NONE',  ( -0.02944831917404104604, 30.27643194464938858, 8.999811806325626051 ) ) ;
#1457 = CARTESIAN_POINT ( 'NONE',  ( 2.220452724358974450, 30.19961939102564230, 8.741788216810059353 ) ) ;
#1458 = CARTESIAN_POINT ( 'NONE',  ( 0.07495491134592414950, 31.87928553277461674, 9.019687870213333625 ) ) ;
#1459 = CARTESIAN_POINT ( 'NONE',  ( -0.08974358974358936925, 35.21965144230769340, 9.019552549327102042 ) ) ;
#1460 = VECTOR ( 'NONE', #4562, 1000.000000000000000 ) ;
#1461 = AXIS2_PLACEMENT_3D ( 'NONE', #123, #1639, #4656 ) ;
#1462 = VERTEX_POINT ( 'NONE', #3167 ) ;
#1463 = VECTOR ( 'NONE', #2133, 1000.000000000000000 ) ;
#1464 = CARTESIAN_POINT ( 'NONE',  ( 0.3485648411162803884, 32.08226125450671873, 8.993305628832036547 ) ) ;
#1465 = VECTOR ( 'NONE', #3043, 1000.000000000000000 ) ;
#1466 = DIRECTION ( 'NONE',  ( 0.000000000000000000, 0.000000000000000000, 1.000000000000000000 ) ) ;
#1467 = DIRECTION ( 'NONE',  ( 0.000000000000000000, 0.000000000000000000, 1.000000000000000000 ) ) ;
#1468 = VERTEX_POINT ( 'NONE', #593 ) ;
#1469 = PLANE ( 'NONE',  #3286 ) ;
#1470 = PLANE ( 'NONE',  #2723 ) ;
#1471 = EDGE_CURVE ( 'NONE', #877, #1210, #29, .T. ) ;
#1472 = VECTOR ( 'NONE', #2975, 1000.000000000000000 ) ;
#1473 = CARTESIAN_POINT ( 'NONE',  ( 0.4093480691338381994, 31.98481990772573269, 9.011065664862977442 ) ) ;
#1474 = CARTESIAN_POINT ( 'NONE',  ( 1.660256410256410575, 32.48247195512821150, 8.865538446729878785 ) ) ;
#1475 = CARTESIAN_POINT ( 'NONE',  ( 0.7170739127417669057, 29.11024597044750095, 8.991388131368813319 ) ) ;
#1476 = CIRCLE ( 'NONE', #1620, 9.000000000000000000 ) ;
#1477 = CARTESIAN_POINT ( 'NONE',  ( 2.696952904057692280E-15, 29.41039598459150994, 9.000000000000000000 ) ) ;
#1478 = EDGE_CURVE ( 'NONE', #1692, #3526, #241, .T. ) ;
#1479 = ORIENTED_EDGE ( 'NONE', *, *, #3855, .F. ) ;
#1480 = DIRECTION ( 'NONE',  ( 0.000000000000000000, 0.000000000000000000, 1.000000000000000000 ) ) ;
#1481 = CARTESIAN_POINT ( 'NONE',  ( 3.086630433583221311, 36.12128957305876042, 8.454744549658798292 ) ) ;
#1482 = EDGE_CURVE ( 'NONE', #1673, #1012, #165, .T. ) ;
#1483 = ORIENTED_EDGE ( 'NONE', *, *, #864, .T. ) ;
#1484 = CARTESIAN_POINT ( 'NONE',  ( 2.916666666666666963, 62.49871794871794606, 8.514285381378494222 ) ) ;
#1485 = CARTESIAN_POINT ( 'NONE',  ( 0.8054863693707418060, 30.95994016504501190, 8.983998148007366069 ) ) ;
#1486 = DIRECTION ( 'NONE',  ( 0.000000000000000000, 0.000000000000000000, 1.000000000000000000 ) ) ;
#1487 = CARTESIAN_POINT ( 'NONE',  ( 1.748044804083000336, 35.30577645475428028, 8.848609365915077518 ) ) ;
#1488 = CARTESIAN_POINT ( 'NONE',  ( 2.638588736349707364, 26.05426169666594305, 8.604560189501450296 ) ) ;
#1489 = APPROVAL_ROLE ( '' ) ;
#1490 = EDGE_LOOP ( 'NONE', ( #2052, #3704, #3431, #1651 ) ) ;
#1491 = B_SPLINE_SURFACE_WITH_KNOTS ( 'NONE', 3, 1, ( 
 ( #918, #3937 ),
 ( #1318, #3618 ),
 ( #2049, #3560 ),
 ( #2819, #945 ) ),
 .UNSPECIFIED., .F., .F., .F.,
 ( 4, 4 ),
 ( 2, 2 ),
 ( 0.000000000000000000, 1.000000000000000000 ),
 ( 0.000000000000000000, 1.000000000000000000 ),
 .UNSPECIFIED. ) ;
#1492 = CARTESIAN_POINT ( 'NONE',  ( 0.2692307692307692180, 35.21614583333333570, 8.995972142736958332 ) ) ;
#1493 = CARTESIAN_POINT ( 'NONE',  ( -0.08974358974358936925, 29.90655048076923350, 9.019552549327100266 ) ) ;
#1494 = CARTESIAN_POINT ( 'NONE',  ( 0.1853782835168377718, 33.19398262030788516, 8.997949634238816330 ) ) ;
#1495 = EDGE_LOOP ( 'NONE', ( #2683, #3980, #2161, #414 ) ) ;
#1496 = CARTESIAN_POINT ( 'NONE',  ( 0.7494488643059947774, 36.04639397182682359, 8.988867349663784978 ) ) ;
#1497 = CARTESIAN_POINT ( 'NONE',  ( 2.158922686949866332, 36.00316794949669230, 8.757222260638478417 ) ) ;
#1498 = ADVANCED_FACE ( 'NONE', ( #1286 ), #4699, .F. ) ;
#1499 = CARTESIAN_POINT ( 'NONE',  ( 0.000000000000000000, 65.00000000000000000, 0.02000000000000000042 ) ) ;
#1500 = CARTESIAN_POINT ( 'NONE',  ( 1.038491923774435888, 31.69401804397285716, 8.940204001521795618 ) ) ;
#1501 = CARTESIAN_POINT ( 'NONE',  ( 0.5528059749094287323, 29.22515616186458232, 8.983112960915052625 ) ) ;
#1502 = CARTESIAN_POINT ( 'NONE',  ( 2.385814174443265490, 26.28779847013414539, 8.703716436531582445 ) ) ;
#1503 = VERTEX_POINT ( 'NONE', #219 ) ;
#1504 = EDGE_CURVE ( 'NONE', #349, #4089, #1313, .T. ) ;
#1505 = ADVANCED_FACE ( 'NONE', ( #518 ), #3263, .F. ) ;
#1506 = CARTESIAN_POINT ( 'NONE',  ( 2.693709935897436125, 34.51923076923077360, 8.607428414912545733 ) ) ;
#1507 = ORIENTED_EDGE ( 'NONE', *, *, #2972, .T. ) ;
#1508 = CARTESIAN_POINT ( 'NONE',  ( 2.543992652722229852, 27.94180966316688242, 8.634300058278695289 ) ) ;
#1509 = CARTESIAN_POINT ( 'NONE',  ( 2.734957762478725130, 34.20772692824411365, 8.574383819255102068 ) ) ;
#1510 = CARTESIAN_POINT ( 'NONE',  ( 2.364406946181805136, 34.27314600768531250, 8.703868941482660659 ) ) ;
#1511 = CARTESIAN_POINT ( 'NONE',  ( 2.781608408565482193, 26.10142975923906761, 8.559394525686377264 ) ) ;
#1512 = VERTEX_POINT ( 'NONE', #707 ) ;
#1513 = CARTESIAN_POINT ( 'NONE',  ( 1.016867905400337779, 36.08848991219036861, 8.942320045003242512 ) ) ;
#1514 = CARTESIAN_POINT ( 'NONE',  ( 2.693709935897436125, 34.51923076923077360, 8.587428414912547936 ) ) ;
#1515 = CARTESIAN_POINT ( 'NONE',  ( 1.884615384615384803, 63.53076923076922355, 8.800467308732587313 ) ) ;
#1516 = CARTESIAN_POINT ( 'NONE',  ( 2.669616658012857080, 34.52037429021982717, 8.615086922326442576 ) ) ;
#1517 = CARTESIAN_POINT ( 'NONE',  ( 0.3968684480118085389, 35.74281148482093329, 8.991117655460255875 ) ) ;
#1518 = CARTESIAN_POINT ( 'NONE',  ( 1.949819711538461675, 35.71324118589743790, 8.806250798406338731 ) ) ;
#1519 = CARTESIAN_POINT ( 'NONE',  ( 1.884615384615384803, 62.49871794871794606, 8.800467308732587313 ) ) ;
#1520 = CARTESIAN_POINT ( 'NONE',  ( 0.2692307692307692180, 35.21614583333333570, 8.995972142736960109 ) ) ;
#1521 = DIRECTION ( 'NONE',  ( 0.000000000000000000, 0.000000000000000000, 1.000000000000000000 ) ) ;
#1522 = CARTESIAN_POINT ( 'NONE',  ( 1.723433623354049926, 36.07344691572053819, 8.854127280253690557 ) ) ;
#1523 = B_SPLINE_CURVE_WITH_KNOTS ( 'NONE', 3,
 ( #4193, #3467, #1174, #4613 ),
 .UNSPECIFIED., .F., .F.,
 ( 4, 4 ),
 ( 0.000000000000000000, 1.000000000000000000 ),
 .UNSPECIFIED. ) ;
#1524 = ORIENTED_EDGE ( 'NONE', *, *, #2220, .T. ) ;
#1525 = CARTESIAN_POINT ( 'NONE',  ( 2.033722365112519803, 28.32030758847128027, 8.767219491989926894 ) ) ;
#1526 = DIRECTION ( 'NONE',  ( -0.000000000000000000, -1.000000000000000000, -0.000000000000000000 ) ) ;
#1527 = ADVANCED_FACE ( 'NONE', ( #3333 ), #4895, .F. ) ;
#1528 = ORIENTED_EDGE ( 'NONE', *, *, #2948, .T. ) ;
#1529 = B_SPLINE_SURFACE_WITH_KNOTS ( 'NONE', 3, 1, ( 
 ( #3792, #4212 ),
 ( #3867, #4189 ),
 ( #4585, #4560 ),
 ( #23, #475 ),
 ( #4659, #1544 ),
 ( #497, #399 ),
 ( #1614, #1908 ),
 ( #4608, #1956 ),
 ( #1932, #126 ),
 ( #812, #1194 ),
 ( #422, #3073 ),
 ( #2330, #100 ),
 ( #3414, #4268 ),
 ( #4637, #845 ),
 ( #788, #3841 ),
 ( #3815, #3050 ) ),
 .UNSPECIFIED., .F., .F., .F.,
 ( 4, 3, 3, 3, 3, 4 ),
 ( 2, 2 ),
 ( 0.000000000000000000, 0.2204409511328044857, 0.4440843390912066480, 0.6326823881959577900, 0.8420738254301889381, 1.000000000000000000 ),
 ( 0.000000000000000000, 1.000000000000000000 ),
 .UNSPECIFIED. ) ;
#1530 = B_SPLINE_CURVE_WITH_KNOTS ( 'NONE', 3,
 ( #2623, #4505, #1115, #737, #492, #3907, #2767, #3810, #94, #3116 ),
 .UNSPECIFIED., .F., .F.,
 ( 4, 2, 2, 2, 4 ),
 ( 2.168404344971008627E-19, 0.0004750654302179970162, 0.0009501308604359938155, 0.001425196290653990561, 0.001900261720871987414 ),
 .UNSPECIFIED. ) ;
#1531 = CARTESIAN_POINT ( 'NONE',  ( 1.085432176126577053, 28.28683064948593540, 8.935871731602455625 ) ) ;
#1532 = CARTESIAN_POINT ( 'NONE',  ( 2.686698717948718063, 35.91025641025641590, 8.589624555181252674 ) ) ;
#1533 = DIRECTION ( 'NONE',  ( 1.932977587517015242E-14, -1.000000000000000000, 0.000000000000000000 ) ) ;
#1534 = CARTESIAN_POINT ( 'NONE',  ( 3.230769230769231726, 35.21614583333333570, 8.420261139865440114 ) ) ;
#1535 = EDGE_LOOP ( 'NONE', ( #2985, #3881, #408, #3239 ) ) ;
#1536 = CARTESIAN_POINT ( 'NONE',  ( 1.949819711538461897, 34.70222355769230660, 8.786250798406339158 ) ) ;
#1537 = DIRECTION ( 'NONE',  ( 0.000000000000000000, -1.000000000000000000, 0.000000000000000000 ) ) ;
#1538 = CARTESIAN_POINT ( 'NONE',  ( 0.9633413461538461453, 31.69230769230769340, 8.948294443679785104 ) ) ;
#1539 = EDGE_LOOP ( 'NONE', ( #1241, #4691, #4413, #3930 ) ) ;
#1540 = CARTESIAN_POINT ( 'NONE',  ( 1.525641025641025106, 1.334615384615392308, 8.869747429373679992 ) ) ;
#1541 = LINE ( 'NONE', #1190, #667 ) ;
#1542 = VECTOR ( 'NONE', #4366, 1000.000000000000000 ) ;
#1543 = AXIS2_PLACEMENT_3D ( 'NONE', #4748, #3633, #1359 ) ;
#1544 = CARTESIAN_POINT ( 'NONE',  ( 2.182928072245720053, 29.27390284180437874, 8.751369689240970473 ) ) ;
#1545 = CARTESIAN_POINT ( 'NONE',  ( 1.660256410256410575, 32.48247195512821150, 8.845538347223561360 ) ) ;
#1546 = CARTESIAN_POINT ( 'NONE',  ( 8.809142651444723526E-16, 26.73253279485969358, 9.000000000000000000 ) ) ;
#1547 = ORIENTED_EDGE ( 'NONE', *, *, #1105, .T. ) ;
#1548 = CARTESIAN_POINT ( 'NONE',  ( 2.845686868851948326, 36.20628459297818580, 8.538284709800596062 ) ) ;
#1549 = CIRCLE ( 'NONE', #1779, 7.000000000000000000 ) ;
#1550 = AXIS2_PLACEMENT_3D ( 'NONE', #1872, #3848, #3521 ) ;
#1551 = ORIENTED_EDGE ( 'NONE', *, *, #4310, .T. ) ;
#1552 = CIRCLE ( 'NONE', #4318, 7.000000000000000000 ) ;
#1553 = LINE ( 'NONE', #3057, #4150 ) ;
#1554 = CARTESIAN_POINT ( 'NONE',  ( 2.111457772504420127, 35.11888296621317807, 8.768814353991242427 ) ) ;
#1555 = VERTEX_POINT ( 'NONE', #2912 ) ;
#1556 = CARTESIAN_POINT ( 'NONE',  ( 3.119127252185120547, 28.04183654285518656, 8.444372913853626983 ) ) ;
#1557 = CARTESIAN_POINT ( 'NONE',  ( 3.144779645181488448, 34.34350385289155838, 8.432860752732016962 ) ) ;
#1558 = FACE_OUTER_BOUND ( 'NONE', #1752, .T. ) ;
#1559 = CARTESIAN_POINT ( 'NONE',  ( 2.285619978009004516, 29.65610941613664764, 8.724938250713398347 ) ) ;
#1560 = ORIENTED_EDGE ( 'NONE', *, *, #2732, .F. ) ;
#1561 = CARTESIAN_POINT ( 'NONE',  ( 0.2733732457797658499, 27.04574913640933076, 8.995848167014258934 ) ) ;
#1562 = ADVANCED_FACE ( 'NONE', ( #731 ), #4797, .F. ) ;
#1563 = CARTESIAN_POINT ( 'NONE',  ( 0.000000000000000000, 0.2000000000000000111, 0.000000000000000000 ) ) ;
#1564 = CARTESIAN_POINT ( 'NONE',  ( 0.9128422595811619411, 33.53009443650031329, 8.953671072438403655 ) ) ;
#1565 = CARTESIAN_POINT ( 'NONE',  ( 2.292935548612454966, 34.70956499237024673, 8.702888681307101137 ) ) ;
#1566 = FACE_OUTER_BOUND ( 'NONE', #712, .T. ) ;
#1567 = FACE_OUTER_BOUND ( 'NONE', #4662, .T. ) ;
#1568 = CARTESIAN_POINT ( 'NONE',  ( 3.052206242862034902, 34.67926610098979978, 8.466801265853391101 ) ) ;
#1569 = CARTESIAN_POINT ( 'NONE',  ( 1.699859099504813509, 31.65311276031864551, 8.858327674827302545 ) ) ;
#1570 = CARTESIAN_POINT ( 'NONE',  ( 0.2948162385144457165, 31.61987804271050706, 8.995167352905836466 ) ) ;
#1571 = ORIENTED_EDGE ( 'NONE', *, *, #3851, .F. ) ;
#1572 = EDGE_LOOP ( 'NONE', ( #1033, #1945, #4337, #2436 ) ) ;
#1573 = CARTESIAN_POINT ( 'NONE',  ( 2.135994066240888056, 35.41531022555827235, 8.742867160123426018 ) ) ;
#1574 = CARTESIAN_POINT ( 'NONE',  ( 1.990361166115192315, 32.74903105235336653, 8.777157084641812546 ) ) ;
#1575 = CARTESIAN_POINT ( 'NONE',  ( 0.9822716346153845812, 31.37820512820512775, 8.946098075128396943 ) ) ;
#1576 = CARTESIAN_POINT ( 'NONE',  ( 0.2720757654339624465, 32.35907109439406071, 9.015886997907239575 ) ) ;
#1577 = ORIENTED_EDGE ( 'NONE', *, *, #711, .T. ) ;
#1578 = CARTESIAN_POINT ( 'NONE',  ( -0.003375628799739891373, 34.68955111330200936, 9.000066519665203657 ) ) ;
#1579 = CARTESIAN_POINT ( 'NONE',  ( 2.630777636544448850, 35.90808012214801437, 8.607115785065628799 ) ) ;
#1580 = CARTESIAN_POINT ( 'NONE',  ( 1.750000000000000000, 26.26282051282051455, 8.828221791504788030 ) ) ;
#1581 = CARTESIAN_POINT ( 'NONE',  ( 2.182928072245720053, 29.27390284180437874, 8.751369689240968697 ) ) ;
#1582 = ORIENTED_EDGE ( 'NONE', *, *, #4790, .F. ) ;
#1583 = CARTESIAN_POINT ( 'NONE',  ( 0.3701663982736325686, 26.76944133997425723, 8.992459317378614259 ) ) ;
#1584 = CARTESIAN_POINT ( 'NONE',  ( 0.8880817262313057681, 34.03107423459717751, 8.976312890021553414 ) ) ;
#1585 = DIRECTION ( 'NONE',  ( -0.000000000000000000, -1.000000000000000000, -0.000000000000000000 ) ) ;
#1586 = CARTESIAN_POINT ( 'NONE',  ( 0.2769241669837178565, 35.38615759232561686, 8.995627381117111909 ) ) ;
#1587 = CARTESIAN_POINT ( 'NONE',  ( 0.3230264000629821664, 29.57478984088800900, 9.014201128776251792 ) ) ;
#1588 = EDGE_CURVE ( 'NONE', #1656, #3109, #4113, .T. ) ;
#1589 = ADVANCED_FACE ( 'NONE', ( #1085 ), #662, .T. ) ;
#1590 = FACE_BOUND ( 'NONE', #1774, .T. ) ;
#1591 = CARTESIAN_POINT ( 'NONE',  ( 0.3921902702689890052, 36.21630199027183039, 8.991297077992665976 ) ) ;
#1592 = CARTESIAN_POINT ( 'NONE',  ( 0.8491452727836417136, 31.38317256840829472, 8.980853117182450163 ) ) ;
#1593 = VERTEX_POINT ( 'NONE', #4034 ) ;
#1594 = CARTESIAN_POINT ( 'NONE',  ( 3.257634973149222901, 36.00312139204277173, 8.390191676913731911 ) ) ;
#1595 = VERTEX_POINT ( 'NONE', #640 ) ;
#1596 = EDGE_CURVE ( 'NONE', #2041, #2585, #2684, .T. ) ;
#1597 = CC_DESIGN_PERSON_AND_ORGANIZATION_ASSIGNMENT ( #4407, #3363, ( #3752 ) ) ;
#1598 = CARTESIAN_POINT ( 'NONE',  ( 3.356382522181409200, 34.53349720481727303, 8.350730289306136811 ) ) ;
#1599 = CARTESIAN_POINT ( 'NONE',  ( 1.929487179487179738, 29.84415064102564585, 8.810738263888564958 ) ) ;
#1600 = CARTESIAN_POINT ( 'NONE',  ( 1.297299439069176108, 31.41528732405038227, 8.906681825689846121 ) ) ;
#1601 = DIRECTION ( 'NONE',  ( 0.000000000000000000, 0.000000000000000000, 1.000000000000000000 ) ) ;
#1602 = VERTEX_POINT ( 'NONE', #777 ) ;
#1603 = CARTESIAN_POINT ( 'NONE',  ( 3.521222547474712528, 27.57795810955227367, 8.283547853014287199 ) ) ;
#1604 = CARTESIAN_POINT ( 'NONE',  ( 2.132650920683355267, 35.41765216653345760, 8.763683892232293715 ) ) ;
#1605 = CARTESIAN_POINT ( 'NONE',  ( 2.754031276069984102, 26.44464845194885783, 8.568615062132080240 ) ) ;
#1606 = CARTESIAN_POINT ( 'NONE',  ( 1.663793136887763868, 28.78197616844380846, 8.865531664551888014 ) ) ;
#1607 = ORIENTED_EDGE ( 'NONE', *, *, #1860, .F. ) ;
#1608 = CARTESIAN_POINT ( 'NONE',  ( 0.000000000000000000, 38.01923076923078781, 0.000000000000000000 ) ) ;
#1609 = LINE ( 'NONE', #3067, #4155 ) ;
#1610 = CARTESIAN_POINT ( 'NONE',  ( 0.000000000000000000, 63.79999999999999716, -9.000000000000000000 ) ) ;
#1611 = CARTESIAN_POINT ( 'NONE',  ( 2.406754378141273243, 34.60767760531210513, 8.672380918739829525 ) ) ;
#1612 = CARTESIAN_POINT ( 'NONE',  ( 0.2692307692307691069, 29.88832131410256565, 8.995972142736958332 ) ) ;
#1613 = CARTESIAN_POINT ( 'NONE',  ( 0.7214943708329454308, 33.50423509207071504, 8.971167751248149358 ) ) ;
#1614 = CARTESIAN_POINT ( 'NONE',  ( 2.026070797368706877, 29.05833542982864515, 8.768851083195517759 ) ) ;
#1615 = FACE_OUTER_BOUND ( 'NONE', #3059, .T. ) ;
#1616 = CARTESIAN_POINT ( 'NONE',  ( 0.000000000000000000, 0.000000000000000000, 0.000000000000000000 ) ) ;
#1617 = EDGE_CURVE ( 'NONE', #402, #3418, #3424, .T. ) ;
#1618 = EDGE_LOOP ( 'NONE', ( #4595, #4017, #705, #271 ) ) ;
#1619 = CARTESIAN_POINT ( 'NONE',  ( 2.691606570512819818, 36.22435897435897090, 8.588087916968024871 ) ) ;
#1620 = AXIS2_PLACEMENT_3D ( 'NONE', #2906, #1722, #4740 ) ;
#1621 = CIRCLE ( 'NONE', #2246, 8.000000000000000000 ) ;
#1622 = CARTESIAN_POINT ( 'NONE',  ( 3.286669630016481491, 34.44949978361606924, 8.378749770803786134 ) ) ;
#1623 = CARTESIAN_POINT ( 'NONE',  ( 2.691606570512819818, 36.22435897435897090, 8.588087916968024871 ) ) ;
#1624 = CARTESIAN_POINT ( 'NONE',  ( 2.691606570512820706, 36.22435897435897090, 8.608087916968024444 ) ) ;
#1625 = SECURITY_CLASSIFICATION ( '', '', #270 ) ;
#1626 = ADVANCED_FACE ( 'NONE', ( #4200 ), #2149, .F. ) ;
#1627 = EDGE_CURVE ( 'NONE', #3418, #2562, #3570, .T. ) ;
#1628 = VECTOR ( 'NONE', #101, 1000.000000000000000 ) ;
#1629 = CARTESIAN_POINT ( 'NONE',  ( 2.164168125858975777, 25.95370323420106473, 8.746190589887865130 ) ) ;
#1630 = ORIENTED_EDGE ( 'NONE', *, *, #3072, .T. ) ;
#1631 = ORIENTED_EDGE ( 'NONE', *, *, #490, .F. ) ;
#1632 = VECTOR ( 'NONE', #4594, 1000.000000000000000 ) ;
#1633 = CARTESIAN_POINT ( 'NONE',  ( 0.1165993107176991200, 34.47024244689943373, 8.999310353374189830 ) ) ;
#1634 = VECTOR ( 'NONE', #3665, 1000.000000000000000 ) ;
#1635 = CARTESIAN_POINT ( 'NONE',  ( 3.180532281720949594, 34.88282064346590516, 8.439471827207677634 ) ) ;
#1636 = ORIENTED_EDGE ( 'NONE', *, *, #99, .T. ) ;
#1637 = LINE ( 'NONE', #2273, #510 ) ;
#1638 = CARTESIAN_POINT ( 'NONE',  ( 0.8233180043484970012, 34.04195958170063818, 8.982262407657765735 ) ) ;
#1639 = DIRECTION ( 'NONE',  ( 0.000000000000000000, 1.000000000000000000, -0.000000000000000000 ) ) ;
#1640 = DIRECTION ( 'NONE',  ( 0.000000000000000000, 0.000000000000000000, 1.000000000000000000 ) ) ;
#1641 = CARTESIAN_POINT ( 'NONE',  ( 0.2692307692307689404, 29.88832131410256565, 9.015972142736952577 ) ) ;
#1642 = CARTESIAN_POINT ( 'NONE',  ( 1.631586612435918404, 29.14691168302944746, 8.871063201316529145 ) ) ;
#1643 = CARTESIAN_POINT ( 'NONE',  ( 1.959375784117501240, 32.05487190684797838, 8.804124688125426701 ) ) ;
#1644 = CARTESIAN_POINT ( 'NONE',  ( 0.5878604234193800515, 31.44817011597815437, 9.000780596505915554 ) ) ;
#1645 = ORIENTED_EDGE ( 'NONE', *, *, #2949, .F. ) ;
#1646 = CARTESIAN_POINT ( 'NONE',  ( 3.141025641025641413, 65.00000000000000000, 8.434094967595482828 ) ) ;
#1647 = CARTESIAN_POINT ( 'NONE',  ( 2.108974358974359031, 35.20352564102564230, 8.749412960489904023 ) ) ;
#1648 = FACE_OUTER_BOUND ( 'NONE', #2290, .T. ) ;
#1649 = CARTESIAN_POINT ( 'NONE',  ( 2.000714035840601479, 32.16959125034483691, 8.794903829786122174 ) ) ;
#1650 = CARTESIAN_POINT ( 'NONE',  ( 0.2774117984125084035, 27.30983183710925744, 8.995727301518607888 ) ) ;
#1651 = ORIENTED_EDGE ( 'NONE', *, *, #891, .T. ) ;
#1652 = ADVANCED_FACE ( 'NONE', ( #3451 ), #339, .F. ) ;
#1653 = B_SPLINE_CURVE_WITH_KNOTS ( 'NONE', 3,
 ( #2050, #171, #3198, #4709, #3225, #1319, #2450, #4879, #2179, #1067 ),
 .UNSPECIFIED., .F., .F.,
 ( 4, 2, 2, 2, 4 ),
 ( 0.000000000000000000, 0.0002467944958304823535, 0.0004935889916609647069, 0.0007403834874914470062, 0.0009871779833219294139 ),
 .UNSPECIFIED. ) ;
#1654 = B_SPLINE_CURVE_WITH_KNOTS ( 'NONE', 3,
 ( #483, #3497, #108, #4417, #177, #610, #3256, #2111, #4717, #1670, #1746, #1696, #2137, #4394, #532, #927 ),
 .UNSPECIFIED., .F., .F.,
 ( 4, 3, 3, 3, 3, 4 ),
 ( 0.000000000000000000, 0.2353649762074864760, 0.4726579113580701708, 0.6802799897645014360, 0.8869878273238963606, 1.000000000000000000 ),
 .UNSPECIFIED. ) ;
#1655 = CARTESIAN_POINT ( 'NONE',  ( 1.143529647435897356, 28.68589743589743790, 8.947056622730420017 ) ) ;
#1656 = VERTEX_POINT ( 'NONE', #1158 ) ;
#1657 = CARTESIAN_POINT ( 'NONE',  ( 0.7944904229917670868, 30.63643592113563230, 8.985460901228806918 ) ) ;
#1658 = CARTESIAN_POINT ( 'NONE',  ( 0.2872909316550313896, 34.96182123202186887, 9.015640095316433289 ) ) ;
#1659 = CARTESIAN_POINT ( 'NONE',  ( 0.2810663174769945094, 35.42800932591284635, 9.015652142807041969 ) ) ;
#1660 = CARTESIAN_POINT ( 'NONE',  ( 0.03127833459045264997, 34.62186125212441112, 8.999999999999992895 ) ) ;
#1661 = CARTESIAN_POINT ( 'NONE',  ( 3.589743589743591201, 32.09615384615385381, 8.253104928443281807 ) ) ;
#1662 = DIRECTION ( 'NONE',  ( 1.000000000000000000, 0.000000000000000000, 0.000000000000000000 ) ) ;
#1663 = LINE ( 'NONE', #4681, #3756 ) ;
#1664 = CARTESIAN_POINT ( 'NONE',  ( 0.6075929102104010715, 36.33929278407818941, 8.980099153157352632 ) ) ;
#1665 = CARTESIAN_POINT ( 'NONE',  ( 1.143529647435897578, 28.68589743589743790, 8.947056622730423570 ) ) ;
#1666 = ORIENTED_EDGE ( 'NONE', *, *, #3523, .F. ) ;
#1667 = CARTESIAN_POINT ( 'NONE',  ( 2.382917548241950012, 35.80196859967331591, 8.699120531206965268 ) ) ;
#1668 = DIRECTION ( 'NONE',  ( 0.000000000000000000, -1.000000000000000000, 0.000000000000000000 ) ) ;
#1669 = CARTESIAN_POINT ( 'NONE',  ( 1.913946937682686311, 30.04312201686950345, 8.814134813597926055 ) ) ;
#1670 = CARTESIAN_POINT ( 'NONE',  ( 0.4609285415443556966, 33.40421825793436739, 9.008189188017226456 ) ) ;
#1671 = LINE ( 'NONE', #4689, #4081 ) ;
#1672 = ORIENTED_EDGE ( 'NONE', *, *, #3034, .F. ) ;
#1673 = VERTEX_POINT ( 'NONE', #4178 ) ;
#1674 = CARTESIAN_POINT ( 'NONE',  ( 0.7754389047582030958, 36.05797550428157905, 8.966674811300521242 ) ) ;
#1675 = CARTESIAN_POINT ( 'NONE',  ( 0.9633413461538461453, 33.21794871794871540, 8.948294443679783328 ) ) ;
#1676 = EDGE_CURVE ( 'NONE', #4519, #1047, #2568, .T. ) ;
#1677 = ADVANCED_FACE ( 'NONE', ( #1281 ), #4100, .F. ) ;
#1678 = CARTESIAN_POINT ( 'NONE',  ( 2.604526168626728921, 30.44009727565777013, 8.614915350390438320 ) ) ;
#1679 = VERTEX_POINT ( 'NONE', #3214 ) ;
#1680 = DIRECTION ( 'NONE',  ( -1.000000000000000000, 0.000000000000000000, 0.000000000000000000 ) ) ;
#1681 = CARTESIAN_POINT ( 'NONE',  ( -0.08974358974358936925, 27.15675080128204755, 9.019552549327100266 ) ) ;
#1682 = CARTESIAN_POINT ( 'NONE',  ( 3.589743589743591201, 35.19861778846154010, 8.253104928443287136 ) ) ;
#1683 = EDGE_CURVE ( 'NONE', #1503, #4421, #892, .T. ) ;
#1684 = ADVANCED_FACE ( 'NONE', ( #2783 ), #2762, .F. ) ;
#1685 = CARTESIAN_POINT ( 'NONE',  ( 0.2312639098287586903, 34.34817568090186057, 8.997250493414128414 ) ) ;
#1686 = CARTESIAN_POINT ( 'NONE',  ( 1.426696615132422075, 34.09318427773468585, 8.907674361101040716 ) ) ;
#1687 = CARTESIAN_POINT ( 'NONE',  ( 1.049568564634837387, 29.00380436002266293, 8.958749621244844974 ) ) ;
#1688 = ORIENTED_EDGE ( 'NONE', *, *, #1237, .F. ) ;
#1689 = FACE_OUTER_BOUND ( 'NONE', #955, .T. ) ;
#1690 = FACE_OUTER_BOUND ( 'NONE', #944, .T. ) ;
#1691 = CARTESIAN_POINT ( 'NONE',  ( 1.906902084573567357, 30.10911950645929736, 8.795727567183359241 ) ) ;
#1692 = VERTEX_POINT ( 'NONE', #906 ) ;
#1693 = CARTESIAN_POINT ( 'NONE',  ( 0.000000000000000000, 1.200000000000006617, 0.000000000000000000 ) ) ;
#1694 = CARTESIAN_POINT ( 'NONE',  ( 0.3194682214944217225, 32.16459724535979348, 8.994204056364978328 ) ) ;
#1695 = CARTESIAN_POINT ( 'NONE',  ( 0.4341406095058849557, 30.38678010644533956, 8.989385793892392229 ) ) ;
#1696 = CARTESIAN_POINT ( 'NONE',  ( 0.6738807648714147946, 33.49684586945368636, 8.995453399180968646 ) ) ;
#1697 = DIRECTION ( 'NONE',  ( 0.8679300138597081382, -0.4966865118376849186, 0.000000000000000000 ) ) ;
#1698 = CARTESIAN_POINT ( 'NONE',  ( 0.4411027860160573466, 26.22232821294239002, 8.990158609606137219 ) ) ;
#1699 = ORIENTED_EDGE ( 'NONE', *, *, #3821, .F. ) ;
#1700 = LOCAL_TIME ( 22, 48, 33.00000000000000000, #2896 ) ;
#1701 = CARTESIAN_POINT ( 'NONE',  ( 0.8700921474358974672, 26.39533253205128105, 8.977844266990450350 ) ) ;
#1702 = CARTESIAN_POINT ( 'NONE',  ( 0.000000000000000000, 0.2000000000000000944, 0.000000000000000000 ) ) ;
#1703 = CARTESIAN_POINT ( 'NONE',  ( 0.5111286812099472554, 34.13648407416044961, 8.986313176829321847 ) ) ;
#1704 = AXIS2_PLACEMENT_3D ( 'NONE', #1702, #3953, #3162 ) ;
#1705 = ORIENTED_EDGE ( 'NONE', *, *, #791, .T. ) ;
#1706 = ADVANCED_FACE ( 'NONE', ( #563 ), #2113, .F. ) ;
#1707 = DIRECTION ( 'NONE',  ( 0.000000000000000000, 0.000000000000000000, 1.000000000000000000 ) ) ;
#1708 = TOROIDAL_SURFACE ( 'NONE', #2968, 8.000000000000000000, 1.000000000000000000 ) ;
#1709 = CARTESIAN_POINT ( 'NONE',  ( 0.3297053553049290597, 34.84327327290338161, 8.993830788159325351 ) ) ;
#1710 = CARTESIAN_POINT ( 'NONE',  ( 2.821974663241627823, 35.89248506843512843, 8.546292703726793505 ) ) ;
#1711 = CARTESIAN_POINT ( 'NONE',  ( 0.2857149487412157240, 27.47587178363612992, 9.015653513637417404 ) ) ;
#1712 = DIRECTION ( 'NONE',  ( 0.000000000000000000, 0.000000000000000000, 1.000000000000000000 ) ) ;
#1713 = CARTESIAN_POINT ( 'NONE',  ( 1.103363187027721182, 29.00144619191442175, 8.952272873290249677 ) ) ;
#1714 = VERTEX_POINT ( 'NONE', #659 ) ;
#1715 = CARTESIAN_POINT ( 'NONE',  ( 1.985576923076922462, 32.77904647435897800, 8.778239247283270430 ) ) ;
#1716 = CARTESIAN_POINT ( 'NONE',  ( 0.2838518876868255658, 29.00369211785558576, 9.015522669965127633 ) ) ;
#1717 = VERTEX_POINT ( 'NONE', #1819 ) ;
#1718 = CARTESIAN_POINT ( 'NONE',  ( 1.750000000000000222, 28.01282051282051100, 8.828020724556937537 ) ) ;
#1719 = CC_DESIGN_DATE_AND_TIME_ASSIGNMENT ( #2198, #1019, ( #1625 ) ) ;
#1720 = CARTESIAN_POINT ( 'NONE',  ( 2.810089599556771844, 34.21535657743153536, 8.570052423375138062 ) ) ;
#1721 = CARTESIAN_POINT ( 'NONE',  ( 0.7944904229917670868, 30.63643592113563230, 8.965323797259609151 ) ) ;
#1722 = DIRECTION ( 'NONE',  ( 0.000000000000000000, 1.000000000000000000, 0.000000000000000000 ) ) ;
#1723 = CARTESIAN_POINT ( 'NONE',  ( -3.661079685940427098E-13, 27.57699738265930023, 9.000000000000000000 ) ) ;
#1724 = CARTESIAN_POINT ( 'NONE',  ( 8.809142651444723526E-16, 26.73253279485969358, 9.000000000000000000 ) ) ;
#1725 = B_SPLINE_SURFACE_WITH_KNOTS ( 'NONE', 3, 1, ( 
 ( #1091, #371 ),
 ( #3317, #2200 ),
 ( #4504, #3015 ),
 ( #2548, #4114 ),
 ( #4063, #3715 ),
 ( #346, #1066 ),
 ( #668, #2573 ),
 ( #4041, #300 ),
 ( #2224, #1022 ),
 ( #714, #1853 ),
 ( #2527, #3762 ),
 ( #1880, #4455 ),
 ( #2178, #1114 ),
 ( #646, #4824 ),
 ( #1513, #2622 ),
 ( #3386, #3338 ) ),
 .UNSPECIFIED., .F., .F., .F.,
 ( 4, 3, 3, 3, 3, 4 ),
 ( 2, 2 ),
 ( 0.000000000000000000, 0.2584582993924354199, 0.5202454375237846040, 0.7467768886014470864, 0.9167724739130326261, 1.000000000000000000 ),
 ( 0.000000000000000000, 1.000000000000000000 ),
 .UNSPECIFIED. ) ;
#1726 = ORIENTED_EDGE ( 'NONE', *, *, #1504, .T. ) ;
#1727 = CARTESIAN_POINT ( 'NONE',  ( 1.404584496182623932, 26.27859670517774049, 8.910149212170553668 ) ) ;
#1728 = CARTESIAN_POINT ( 'NONE',  ( 0.9059028827107064030, 28.70185882236699726, 8.955036213658125632 ) ) ;
#1729 = CARTESIAN_POINT ( 'NONE',  ( 0.8974358974358975782, 30.97435897435897445, 8.955144265169234785 ) ) ;
#1730 = ORIENTED_EDGE ( 'NONE', *, *, #1804, .F. ) ;
#1731 = CARTESIAN_POINT ( 'NONE',  ( 0.2692307692307689404, 29.88832131410256565, 9.015972142736952577 ) ) ;
#1732 = CARTESIAN_POINT ( 'NONE',  ( 1.884615384615384803, 62.18461538461537685, 8.800467308732587313 ) ) ;
#1733 = CARTESIAN_POINT ( 'NONE',  ( 2.693709935897436125, 34.51923076923077360, 8.587428414912546160 ) ) ;
#1734 = FACE_BOUND ( 'NONE', #3549, .T. ) ;
#1735 = DIRECTION ( 'NONE',  ( 0.000000000000000000, -1.000000000000000000, 0.000000000000000000 ) ) ;
#1736 = CARTESIAN_POINT ( 'NONE',  ( 3.585989876890677941, 26.94255821653671390, 8.274737631137394800 ) ) ;
#1737 = EDGE_LOOP ( 'NONE', ( #87, #251, #2127, #3987 ) ) ;
#1738 = CARTESIAN_POINT ( 'NONE',  ( 1.088916748030741566, 34.34259993361707330, 8.934208030665946154 ) ) ;
#1739 = CARTESIAN_POINT ( 'NONE',  ( 3.383516834910205162, 38.41892293306698036, 8.340731369906157155 ) ) ;
#1740 = CARTESIAN_POINT ( 'NONE',  ( 1.143529647435896912, 28.68589743589743790, 8.927056622730413338 ) ) ;
#1741 = ORIENTED_EDGE ( 'NONE', *, *, #1292, .F. ) ;
#1742 = CARTESIAN_POINT ( 'NONE',  ( 1.156850961538461453, 29.00000000000000355, 8.925205907095799418 ) ) ;
#1743 = ADVANCED_FACE ( 'NONE', ( #4399 ), #1377, .T. ) ;
#1744 = CARTESIAN_POINT ( 'NONE',  ( -0.02064849492494423913, 29.44612746674386372, 9.020131825683796123 ) ) ;
#1745 = CARTESIAN_POINT ( 'NONE',  ( 1.666818994035411228, 34.78851547155673529, 8.864370389325410216 ) ) ;
#1746 = CARTESIAN_POINT ( 'NONE',  ( 0.5625441467741512103, 33.45821622194200273, 9.002978179243717349 ) ) ;
#1747 = CARTESIAN_POINT ( 'NONE',  ( 2.109954321109949849, 35.24671486953648980, 8.749176748640485002 ) ) ;
#1748 = ADVANCED_FACE ( 'NONE', ( #4869 ), #2632, .F. ) ;
#1749 = ORIENTED_EDGE ( 'NONE', *, *, #2888, .F. ) ;
#1750 = CARTESIAN_POINT ( 'NONE',  ( 1.095649310638199925, 36.40137645298671742, 8.933683742329133537 ) ) ;
#1751 = CARTESIAN_POINT ( 'NONE',  ( -0.08622357950139186711, 27.36409767420300199, 9.019587650889466346 ) ) ;
#1752 = EDGE_LOOP ( 'NONE', ( #2902, #105, #3490, #528 ) ) ;
#1753 = DIRECTION ( 'NONE',  ( 0.000000000000000000, 0.000000000000000000, 1.000000000000000000 ) ) ;
#1754 = CARTESIAN_POINT ( 'NONE',  ( 0.5166512368404508893, 34.54523046081640558, 8.985208866778908288 ) ) ;
#1755 = FACE_OUTER_BOUND ( 'NONE', #829, .T. ) ;
#1756 = CARTESIAN_POINT ( 'NONE',  ( 0.9906850961538464784, 36.40384615384615330, 8.965308437402178754 ) ) ;
#1757 = CARTESIAN_POINT ( 'NONE',  ( 0.2944711538461532996, 34.29066506410256920, 9.015181306652607418 ) ) ;
#1758 = DIRECTION ( 'NONE',  ( 0.000000000000000000, 0.000000000000000000, 1.000000000000000000 ) ) ;
#1759 = ORIENTED_EDGE ( 'NONE', *, *, #1617, .F. ) ;
#1760 = B_SPLINE_SURFACE_WITH_KNOTS ( 'NONE', 3, 1, ( 
 ( #182, #1701 ),
 ( #3213, #3651 ),
 ( #4721, #2516 ),
 ( #1332, #4419 ),
 ( #4052, #2833 ),
 ( #4374, #1727 ),
 ( #236, #2089 ),
 ( #3603, #214 ),
 ( #4744, #1355 ),
 ( #2857, #981 ) ),
 .UNSPECIFIED., .F., .F., .F.,
 ( 4, 3, 3, 4 ),
 ( 2, 2 ),
 ( 0.000000000000000000, 0.4182815527434885494, 0.7079345486357290218, 1.000000000000000000 ),
 ( 0.000000000000000000, 1.000000000000000000 ),
 .UNSPECIFIED. ) ;
#1761 = CARTESIAN_POINT ( 'NONE',  ( 1.431770927244793379, 34.49846074143883357, 8.885382722960503799 ) ) ;
#1762 = CARTESIAN_POINT ( 'NONE',  ( 1.040949779275250140E-15, 0.2000000000000000944, 8.000000000000000000 ) ) ;
#1763 = CARTESIAN_POINT ( 'NONE',  ( -0.08906951419141068138, 29.83219698598351144, 8.999411172667507230 ) ) ;
#1764 = ORIENTED_EDGE ( 'NONE', *, *, #4260, .T. ) ;
#1765 = DIRECTION ( 'NONE',  ( -0.000000000000000000, 1.000000000000000000, -0.000000000000000000 ) ) ;
#1766 = EDGE_CURVE ( 'NONE', #2115, #1555, #3548, .T. ) ;
#1767 = CARTESIAN_POINT ( 'NONE',  ( 0.6865901848730330270, 28.76411938953259906, 8.993772557739358575 ) ) ;
#1768 = LINE ( 'NONE', #2826, #4865 ) ;
#1769 = CARTESIAN_POINT ( 'NONE',  ( 1.660256410256410575, 32.48247195512821150, 8.865538347223557381 ) ) ;
#1770 = FACE_BOUND ( 'NONE', #3436, .T. ) ;
#1771 = EDGE_CURVE ( 'NONE', #3450, #671, #3143, .T. ) ;
#1772 = CARTESIAN_POINT ( 'NONE',  ( 1.901495160402103313, 35.80695781145491452, 8.796974844932959670 ) ) ;
#1773 = CARTESIAN_POINT ( 'NONE',  ( 3.490506183369743720, 34.73071809276304833, 8.315676684529959672 ) ) ;
#1774 = EDGE_LOOP ( 'NONE', ( #3078, #1699 ) ) ;
#1775 = VECTOR ( 'NONE', #1585, 1000.000000000000000 ) ;
#1776 = CARTESIAN_POINT ( 'NONE',  ( 1.599027191336564346, 32.80544988067638457, 8.856667091670436420 ) ) ;
#1777 = CARTESIAN_POINT ( 'NONE',  ( 0.4167727083654074738, 30.81245786973804002, 9.010344849313698390 ) ) ;
#1778 = CARTESIAN_POINT ( 'NONE',  ( 2.269286106551245297, 29.99583131472998332, 8.729210100038553577 ) ) ;
#1779 = AXIS2_PLACEMENT_3D ( 'NONE', #1816, #680, #4173 ) ;
#1780 = VECTOR ( 'NONE', #4885, 1000.000000000000000 ) ;
#1781 = CARTESIAN_POINT ( 'NONE',  ( -0.08974358974358936925, 29.90655048076923350, 9.019552549327100266 ) ) ;
#1782 = APPROVAL_STATUS ( 'not_yet_approved' ) ;
#1783 = EDGE_LOOP ( 'NONE', ( #3331, #4743, #4757, #4889 ) ) ;
#1784 = VECTOR ( 'NONE', #3393, 1000.000000000000000 ) ;
#1785 = CARTESIAN_POINT ( 'NONE',  ( 0.7739441505445247005, 31.71772796326255417, 8.966782459952600703 ) ) ;
#1786 = CARTESIAN_POINT ( 'NONE',  ( 0.3718085448025942874, 26.26438558129413181, 9.014205363375001667 ) ) ;
#1787 = CARTESIAN_POINT ( 'NONE',  ( 2.986004449249942461, 35.80699952066657943, 8.490535565741927471 ) ) ;
#1788 = EDGE_LOOP ( 'NONE', ( #137, #3364, #1335, #1341 ) ) ;
#1789 = CARTESIAN_POINT ( 'NONE',  ( 1.911718700776683155, 29.63572093679028541, 8.794485279036852177 ) ) ;
#1790 = DIRECTION ( 'NONE',  ( -0.000000000000000000, -1.000000000000000000, -0.000000000000000000 ) ) ;
#1791 = CARTESIAN_POINT ( 'NONE',  ( 0.4804628258876031399, 30.44817464894228110, 8.987148705730747977 ) ) ;
#1792 = CARTESIAN_POINT ( 'NONE',  ( 1.103363187027721182, 29.00144619191442175, 8.932141372277920155 ) ) ;
#1793 = CARTESIAN_POINT ( 'NONE',  ( 2.112061367438998971, 35.29010525063112169, 8.768671662245898446 ) ) ;
#1794 = EDGE_CURVE ( 'NONE', #1938, #4588, #279, .T. ) ;
#1795 = CARTESIAN_POINT ( 'NONE',  ( 2.389292883581768834, 28.28773560011676835, 8.677096099102930893 ) ) ;
#1796 = CARTESIAN_POINT ( 'NONE',  ( 3.252815728127209649, 35.99616528196020937, 8.411614257033518172 ) ) ;
#1797 = VERTEX_POINT ( 'NONE', #4893 ) ;
#1798 = B_SPLINE_SURFACE_WITH_KNOTS ( 'NONE', 3, 1, ( 
 ( #1084, #730 ),
 ( #4033, #265 ),
 ( #1455, #1060 ),
 ( #1776, #2565 ),
 ( #3288, #4872 ),
 ( #4796, #3705 ),
 ( #1403, #1037 ),
 ( #315, #3332 ),
 ( #2961, #4474 ),
 ( #2592, #4106 ),
 ( #706, #874 ),
 ( #4665, #4687 ),
 ( #4274, #2799 ),
 ( #900, #505 ),
 ( #482, #1985 ),
 ( #4220, #926 ) ),
 .UNSPECIFIED., .F., .F., .F.,
 ( 4, 3, 3, 3, 3, 4 ),
 ( 2, 2 ),
 ( 0.000000000000000000, 0.2928286682380504269, 0.4989026779254235322, 0.7037074070041505758, 0.9202504421149889646, 1.000000000000000000 ),
 ( 0.000000000000000000, 1.000000000000000000 ),
 .UNSPECIFIED. ) ;
#1799 = CARTESIAN_POINT ( 'NONE',  ( 1.904298334317840791, 30.10890764371999850, 8.796234726239077872 ) ) ;
#1800 = CARTESIAN_POINT ( 'NONE',  ( 2.833681940505332619, 27.81919240511776081, 8.543610640329418970 ) ) ;
#1801 = CARTESIAN_POINT ( 'NONE',  ( 0.2727807283724232867, 27.06012194334135046, 9.015865899830098229 ) ) ;
#1802 = CARTESIAN_POINT ( 'NONE',  ( 1.668219161268757356, 35.62101461332534313, 8.864107345384118375 ) ) ;
#1803 = CARTESIAN_POINT ( 'NONE',  ( 2.565854524381319557, 26.03478902764758018, 8.626531115815216921 ) ) ;
#1804 = EDGE_CURVE ( 'NONE', #1260, #1434, #3079, .T. ) ;
#1805 = EDGE_CURVE ( 'NONE', #1368, #1234, #2837, .T. ) ;
#1806 = ORIENTED_EDGE ( 'NONE', *, *, #4515, .F. ) ;
#1807 = DIRECTION ( 'NONE',  ( 0.000000000000000000, 0.000000000000000000, 1.000000000000000000 ) ) ;
#1808 = CARTESIAN_POINT ( 'NONE',  ( 0.000000000000000000, 64.79999999999999716, 0.000000000000000000 ) ) ;
#1809 = CARTESIAN_POINT ( 'NONE',  ( 0.09611612824608806172, 33.09740358890167755, 9.019929599951561627 ) ) ;
#1810 = VERTEX_POINT ( 'NONE', #1203 ) ;
#1811 = DIRECTION ( 'NONE',  ( 0.000000000000000000, 0.000000000000000000, 1.000000000000000000 ) ) ;
#1812 = CARTESIAN_POINT ( 'NONE',  ( 1.745858947851808507, 29.25911364331012621, 8.829098463533723518 ) ) ;
#1813 = CARTESIAN_POINT ( 'NONE',  ( 0.09494776743315334888, 31.83846908381337926, 8.999737245902894145 ) ) ;
#1814 = CARTESIAN_POINT ( 'NONE',  ( 0.3885128592470649123, 34.69928211159705711, 8.991873362973175077 ) ) ;
#1815 = CARTESIAN_POINT ( 'NONE',  ( 0.2861101926852948063, 29.67418691943481335, 8.995395471983151481 ) ) ;
#1816 = CARTESIAN_POINT ( 'NONE',  ( 0.000000000000000000, 0.000000000000000000, 0.000000000000000000 ) ) ;
#1817 = B_SPLINE_CURVE_WITH_KNOTS ( 'NONE', 3,
 ( #1546, #1172, #3817, #1147 ),
 .UNSPECIFIED., .F., .F.,
 ( 4, 4 ),
 ( 0.002021641590972651260, 0.002449662761605745070 ),
 .UNSPECIFIED. ) ;
#1818 = CARTESIAN_POINT ( 'NONE',  ( 2.263848678177320384, 28.30349337410246591, 8.710664345778740270 ) ) ;
#1819 = CARTESIAN_POINT ( 'NONE',  ( -0.08974358974358936925, 32.47195512820512420, 9.019552549327102042 ) ) ;
#1820 = ORIENTED_EDGE ( 'NONE', *, *, #3250, .F. ) ;
#1821 = CARTESIAN_POINT ( 'NONE',  ( 1.874343976292815350, 30.23853491395833615, 8.822660657922403615 ) ) ;
#1822 = CARTESIAN_POINT ( 'NONE',  ( 0.5223538904282004625, 30.87625327912098783, 8.985310321245469467 ) ) ;
#1823 = CARTESIAN_POINT ( 'NONE',  ( 2.239036928074385369, 30.13230544566393121, 8.717039376241499937 ) ) ;
#1824 = CARTESIAN_POINT ( 'NONE',  ( 1.035446621567559289, 36.08785525414310769, 8.960410654346292247 ) ) ;
#1825 = CARTESIAN_POINT ( 'NONE',  ( 0.2022200980618117649, 34.37460188496891078, 9.018201287452800585 ) ) ;
#1826 = ORIENTED_EDGE ( 'NONE', *, *, #2940, .F. ) ;
#1827 = CARTESIAN_POINT ( 'NONE',  ( 3.230769230769231282, 27.14623397435897445, 8.400126795323675566 ) ) ;
#1828 = DIRECTION ( 'NONE',  ( -0.000000000000000000, 1.000000000000000000, -0.000000000000000000 ) ) ;
#1829 = CARTESIAN_POINT ( 'NONE',  ( 0.5625441467741512103, 33.45821622194200273, 8.982837188688826302 ) ) ;
#1830 = ORIENTED_EDGE ( 'NONE', *, *, #2164, .F. ) ;
#1831 = CARTESIAN_POINT ( 'NONE',  ( 0.6760106050011787104, 36.01795204183397914, 8.995004021039994413 ) ) ;
#1832 = CARTESIAN_POINT ( 'NONE',  ( 1.746348392966867280, 35.09057823565387935, 8.828948826943225470 ) ) ;
#1833 = DIRECTION ( 'NONE',  ( -0.000000000000000000, -1.000000000000000000, -0.000000000000000000 ) ) ;
#1834 = B_SPLINE_CURVE_WITH_KNOTS ( 'NONE', 3,
 ( #2124, #1487, #2989, #1802, #3314, #3636, #4086, #688, #1846, #2196, #1824, #2522 ),
 .UNSPECIFIED., .F., .F.,
 ( 4, 2, 2, 2, 2, 4 ),
 ( 0.000000000000000000, 0.0003249640554226953105, 0.0006499281108453906211, 0.0009748921662680858774, 0.001137374193979433668, 0.001299856221690781242 ),
 .UNSPECIFIED. ) ;
#1835 = CARTESIAN_POINT ( 'NONE',  ( 1.612739310802822734, 32.17439517516910996, 8.854352275013242846 ) ) ;
#1836 = CARTESIAN_POINT ( 'NONE',  ( -0.02963462326393586505, 32.09582435516156806, 9.000000000000001776 ) ) ;
#1837 = CARTESIAN_POINT ( 'NONE',  ( 1.949819711538461675, 35.71324118589743790, 8.786116534029732250 ) ) ;
#1838 = B_SPLINE_SURFACE_WITH_KNOTS ( 'NONE', 3, 1, ( 
 ( #2893, #1457 ),
 ( #3266, #4085 ),
 ( #1823, #4798 ),
 ( #4404, #1086 ),
 ( #2594, #4450 ),
 ( #3707, #1016 ),
 ( #2963, #1778 ),
 ( #267, #4820 ),
 ( #1405, #2988 ),
 ( #2913, #4425 ) ),
 .UNSPECIFIED., .F., .F., .F.,
 ( 4, 3, 3, 4 ),
 ( 2, 2 ),
 ( 0.000000000000000000, 0.2498264523794988534, 0.4998616653468130333, 1.000000000000000000 ),
 ( 0.000000000000000000, 1.000000000000000000 ),
 .UNSPECIFIED. ) ;
#1839 = EDGE_LOOP ( 'NONE', ( #26, #2487, #3211, #1401 ) ) ;
#1840 = CARTESIAN_POINT ( 'NONE',  ( 2.008742903598105034, 28.32139954344025057, 8.772976474739415664 ) ) ;
#1841 = CARTESIAN_POINT ( 'NONE',  ( 2.898082050250043284, 36.20158248581368099, 8.541215408052950764 ) ) ;
#1842 = ORIENTED_EDGE ( 'NONE', *, *, #3777, .F. ) ;
#1843 = CARTESIAN_POINT ( 'NONE',  ( 1.923597401330718215, 29.97732370632885690, 8.792034496086554185 ) ) ;
#1844 = CARTESIAN_POINT ( 'NONE',  ( 0.07685896845389418586, 27.72688320921754013, 8.999826554254262589 ) ) ;
#1845 = CARTESIAN_POINT ( 'NONE',  ( 1.911158087544440276, 28.01242361234167788, 8.816275759805156653 ) ) ;
#1846 = CARTESIAN_POINT ( 'NONE',  ( 1.195639080842092694, 36.05739335917146349, 8.940384373217854730 ) ) ;
#1847 = CARTESIAN_POINT ( 'NONE',  ( 3.236484589148882041, 26.36854144903019659, 8.398028281629970948 ) ) ;
#1848 = CIRCLE ( 'NONE', #1866, 9.000000000000000000 ) ;
#1849 = VECTOR ( 'NONE', #962, 1000.000000000000000 ) ;
#1850 = ORIENTED_EDGE ( 'NONE', *, *, #4825, .F. ) ;
#1851 = EDGE_CURVE ( 'NONE', #2216, #1368, #3584, .T. ) ;
#1852 = VECTOR ( 'NONE', #3486, 1000.000000000000000 ) ;
#1853 = CARTESIAN_POINT ( 'NONE',  ( 1.299991615883011375, 36.00959752259284130, 8.925746436029868391 ) ) ;
#1854 = AXIS2_PLACEMENT_3D ( 'NONE', #417, #1926, #1995 ) ;
#1855 = CARTESIAN_POINT ( 'NONE',  ( 3.500000000000000000, 65.00000000000000000, 8.311561975888498210 ) ) ;
#1856 = CARTESIAN_POINT ( 'NONE',  ( 2.916666666666666963, 62.49871794871794606, 8.514285381378494222 ) ) ;
#1857 = ORIENTED_EDGE ( 'NONE', *, *, #2349, .F. ) ;
#1858 = DIRECTION ( 'NONE',  ( -0.7863974287229316129, 0.6177208787939433288, 0.000000000000000000 ) ) ;
#1859 = CARTESIAN_POINT ( 'NONE',  ( 1.729918676509300202, 34.98638776425914898, 8.832182712731004415 ) ) ;
#1860 = EDGE_CURVE ( 'NONE', #4673, #1468, #4222, .T. ) ;
#1861 = EDGE_CURVE ( 'NONE', #2176, #2576, #3449, .T. ) ;
#1862 = VECTOR ( 'NONE', #1386, 1000.000000000000000 ) ;
#1863 = CARTESIAN_POINT ( 'NONE',  ( 0.9016871788375219188, 31.69501496332615531, 8.954593046015816071 ) ) ;
#1864 = CARTESIAN_POINT ( 'NONE',  ( 1.652156009142755622, 32.33346332578065585, 8.867073566221444381 ) ) ;
#1865 = CARTESIAN_POINT ( 'NONE',  ( 0.2692307692307692180, 29.88832131410256565, 9.015972142736957906 ) ) ;
#1866 = AXIS2_PLACEMENT_3D ( 'NONE', #366, #732, #411 ) ;
#1867 = CARTESIAN_POINT ( 'NONE',  ( 2.692327561272803926, 32.68313968174401651, 8.587976613371118617 ) ) ;
#1868 = VERTEX_POINT ( 'NONE', #4198 ) ;
#1869 = CARTESIAN_POINT ( 'NONE',  ( 3.589743589743591645, 27.15675080128204755, 8.253104928443281807 ) ) ;
#1870 = CARTESIAN_POINT ( 'NONE',  ( 0.2692307692307692180, 32.45512820512820440, 8.995972142736958332 ) ) ;
#1871 = ORIENTED_EDGE ( 'NONE', *, *, #1482, .F. ) ;
#1872 = CARTESIAN_POINT ( 'NONE',  ( 0.000000000000000000, 2.680769230769243450, 0.02000000000000000042 ) ) ;
#1873 = CARTESIAN_POINT ( 'NONE',  ( 2.971957524405107520, 27.72914464534423828, 8.495771698531687122 ) ) ;
#1874 = CARTESIAN_POINT ( 'NONE',  ( 1.985576923076923572, 32.77904647435897800, 8.778239247283270430 ) ) ;
#1875 = CARTESIAN_POINT ( 'NONE',  ( 3.015073665711260009, 26.62564148712034751, 8.480101108902534435 ) ) ;
#1876 = CARTESIAN_POINT ( 'NONE',  ( 2.710845924096485504, 26.07650901440025137, 8.582070536574175179 ) ) ;
#1877 = APPROVAL_STATUS ( 'not_yet_approved' ) ;
#1878 = ORIENTED_EDGE ( 'NONE', *, *, #433, .T. ) ;
#1879 = B_SPLINE_SURFACE_WITH_KNOTS ( 'NONE', 3, 1, ( 
 ( #3502, #440 ),
 ( #2713, #2372 ),
 ( #1949, #91 ),
 ( #3904, #4651 ),
 ( #4600, #4231 ),
 ( #2017, #4203 ),
 ( #859, #3112 ),
 ( #4181, #3880 ),
 ( #1262, #115 ),
 ( #3427, #2666 ),
 ( #837, #1635 ),
 ( #804, #2764 ),
 ( #14, #3830 ),
 ( #4549, #4280 ),
 ( #2393, #512 ),
 ( #3454, #1534 ) ),
 .UNSPECIFIED., .F., .F., .F.,
 ( 4, 3, 3, 3, 3, 4 ),
 ( 2, 2 ),
 ( 0.000000000000000000, 0.2130871368718309511, 0.3917181770455121503, 0.5962314169248327245, 0.7962730915863289738, 1.000000000000000000 ),
 ( 0.000000000000000000, 1.000000000000000000 ),
 .UNSPECIFIED. ) ;
#1880 = CARTESIAN_POINT ( 'NONE',  ( 1.163063567023863820, 36.06970762372747430, 8.924710717908261870 ) ) ;
#1881 = LINE ( 'NONE', #2943, #3996 ) ;
#1882 = CARTESIAN_POINT ( 'NONE',  ( 1.570512820512820484, 62.49871794871794606, 8.861912292536235469 ) ) ;
#1883 = CARTESIAN_POINT ( 'NONE',  ( 2.657575518161817918, 34.52124256712198758, 8.598554719909877520 ) ) ;
#1884 = CARTESIAN_POINT ( 'NONE',  ( 0.4364242666749940103, 35.81062129833222230, 8.989371684183781852 ) ) ;
#1885 = CARTESIAN_POINT ( 'NONE',  ( 1.065167603588215606, 34.34170495310359428, 8.936898880057736250 ) ) ;
#1886 = CARTESIAN_POINT ( 'NONE',  ( 0.9427849936110284101, 31.69285212014542097, 8.970639024922506977 ) ) ;
#1887 = CARTESIAN_POINT ( 'NONE',  ( 0.9633413461538461453, 31.69230769230769340, 8.948294443679785104 ) ) ;
#1888 = CARTESIAN_POINT ( 'NONE',  ( 1.103363187027721182, 29.00144619191442175, 8.952272873290249677 ) ) ;
#1889 = EDGE_CURVE ( 'NONE', #3473, #486, #4890, .T. ) ;
#1890 = CARTESIAN_POINT ( 'NONE',  ( 1.218910590773804037, 36.38553533810692642, 8.937714480912775983 ) ) ;
#1891 = VERTEX_POINT ( 'NONE', #3029 ) ;
#1892 = CARTESIAN_POINT ( 'NONE',  ( 1.855088421150544953, 28.32575216080633851, 8.806747736165274176 ) ) ;
#1893 = ADVANCED_FACE ( 'NONE', ( #432 ), #1943, .T. ) ;
#1894 = CARTESIAN_POINT ( 'NONE',  ( 1.154877611002098847, 31.71796464846725172, 8.945722361080870044 ) ) ;
#1895 = ORIENTED_EDGE ( 'NONE', *, *, #3480, .F. ) ;
#1896 = CARTESIAN_POINT ( 'NONE',  ( 3.119127252185120547, 28.04183654285518656, 8.464372913853626557 ) ) ;
#1897 = CARTESIAN_POINT ( 'NONE',  ( 2.724665640021532997, 34.20713625083240572, 8.577657612116352581 ) ) ;
#1898 = CARTESIAN_POINT ( 'NONE',  ( 2.198043156763089812, 34.37359111414683355, 8.727590097798582747 ) ) ;
#1899 = CARTESIAN_POINT ( 'NONE',  ( 2.685642063299059412, 26.06840975380306702, 8.589990295814278198 ) ) ;
#1900 = B_SPLINE_CURVE_WITH_KNOTS ( 'NONE', 3,
 ( #1599, #154, #2735, #1669, #3176, #852, #3134, #2756, #2387, #3898 ),
 .UNSPECIFIED., .F., .F.,
 ( 4, 3, 3, 4 ),
 ( 0.000000000000000000, 0.2504702539737148070, 0.5006768664120678780, 1.000000000000000000 ),
 .UNSPECIFIED. ) ;
#1901 = ORIENTED_EDGE ( 'NONE', *, *, #4005, .T. ) ;
#1902 = CARTESIAN_POINT ( 'NONE',  ( 2.288461538461538769, 29.78735977564102910, 8.704191162134611304 ) ) ;
#1903 = CARTESIAN_POINT ( 'NONE',  ( 2.288461538461538769, 29.78735977564102910, 8.724191162134607325 ) ) ;
#1904 = CARTESIAN_POINT ( 'NONE',  ( 0.9906850961538462563, 36.40384615384615330, 8.945308437402180957 ) ) ;
#1905 = DIRECTION ( 'NONE',  ( 0.000000000000000000, 0.000000000000000000, 1.000000000000000000 ) ) ;
#1906 = CARTESIAN_POINT ( 'NONE',  ( 3.589743589743591201, 35.19861778846154010, 8.273104928443284933 ) ) ;
#1907 = CARTESIAN_POINT ( 'NONE',  ( 1.949819711538461675, 35.71324118589743790, 8.786250798406339158 ) ) ;
#1908 = CARTESIAN_POINT ( 'NONE',  ( 2.026070797368706877, 29.05833542982864515, 8.788981532883378023 ) ) ;
#1909 = PLANE ( 'NONE',  #1309 ) ;
#1910 = CARTESIAN_POINT ( 'NONE',  ( 0.07495491134592414950, 31.87928553277461674, 9.019687870213335401 ) ) ;
#1911 = ORIENTED_EDGE ( 'NONE', *, *, #596, .T. ) ;
#1912 = CARTESIAN_POINT ( 'NONE',  ( 3.576427802212660545, 35.37734137617436403, 8.258884406277804402 ) ) ;
#1913 = ORIENTED_EDGE ( 'NONE', *, *, #377, .T. ) ;
#1914 = ADVANCED_FACE ( 'NONE', ( #3547 ), #4409, .F. ) ;
#1915 = CARTESIAN_POINT ( 'NONE',  ( 1.517865711178777888, 31.51990817351385488, 8.870943173122366687 ) ) ;
#1916 = CARTESIAN_POINT ( 'NONE',  ( 2.856841221098403771, 30.06923972185358807, 8.539930929035451257 ) ) ;
#1917 = VERTEX_POINT ( 'NONE', #4276 ) ;
#1918 = EDGE_CURVE ( 'NONE', #3194, #434, #3525, .T. ) ;
#1919 = CARTESIAN_POINT ( 'NONE',  ( 0.4501901689774677195, 28.06976809357954039, 8.989048598764865616 ) ) ;
#1920 = CARTESIAN_POINT ( 'NONE',  ( 1.570512820512820706, 65.00000000000000000, 8.881912292536235043 ) ) ;
#1921 = CARTESIAN_POINT ( 'NONE',  ( 1.735964197066884651, 35.41373007559086972, 8.831059857865502849 ) ) ;
#1922 = CARTESIAN_POINT ( 'NONE',  ( 3.499999999999998224, 37.70512820512822572, 8.311561975888498210 ) ) ;
#1923 = VERTEX_POINT ( 'NONE', #581 ) ;
#1924 = CARTESIAN_POINT ( 'NONE',  ( 1.019431089743589869, 34.02564102564102910, 8.941956801676331779 ) ) ;
#1925 = B_SPLINE_CURVE_WITH_KNOTS ( 'NONE', 3,
 ( #3002, #381, #1422, #772, #4443, #1867, #3746, #2584, #701, #4123, #3774, #3026 ),
 .UNSPECIFIED., .F., .F.,
 ( 4, 2, 1, 1, 2, 2, 4 ),
 ( 0.000000000000000000, 0.2499999999999850675, 0.3749999999999774070, 0.4374999999999763522, 0.4687499999999757971, 0.4999999999999752420, 1.000000000000000000 ),
 .UNSPECIFIED. ) ;
#1926 = DIRECTION ( 'NONE',  ( 0.000000000000000000, -1.000000000000000000, 0.000000000000000000 ) ) ;
#1927 = CARTESIAN_POINT ( 'NONE',  ( 0.2301816828150914651, 36.09571890696859242, 8.997316923879786543 ) ) ;
#1928 = ORIENTED_EDGE ( 'NONE', *, *, #4437, .T. ) ;
#1929 = CARTESIAN_POINT ( 'NONE',  ( 0.8974358974358975782, 30.66025641025641590, 8.955144265169233009 ) ) ;
#1930 = CARTESIAN_POINT ( 'NONE',  ( 0.2692307692307692180, 32.45512820512820440, 8.995972142736960109 ) ) ;
#1931 = CIRCLE ( 'NONE', #1150, 9.000000000000000000 ) ;
#1932 = CARTESIAN_POINT ( 'NONE',  ( 1.865058431256779947, 28.90170744141881798, 8.805040891354360966 ) ) ;
#1933 = CARTESIAN_POINT ( 'NONE',  ( 0.8122160000591939211, 36.39236745486069680, 8.963539107494465696 ) ) ;
#1934 = CARTESIAN_POINT ( 'NONE',  ( 0.5878604234193800515, 31.44817011597815437, 8.980777946265162015 ) ) ;
#1935 = ORIENTED_EDGE ( 'NONE', *, *, #961, .F. ) ;
#1936 = CARTESIAN_POINT ( 'NONE',  ( 3.588574374056564320, 35.23294161292694326, 8.253613420981675830 ) ) ;
#1937 = AXIS2_PLACEMENT_3D ( 'NONE', #2566, #266, #4107 ) ;
#1938 = VERTEX_POINT ( 'NONE', #3136 ) ;
#1939 = B_SPLINE_CURVE_WITH_KNOTS ( 'NONE', 3,
 ( #1769, #2033, #1373, #2081, #2876, #2852, #209, #2800, #3206, #4370, #2432, #3546 ),
 .UNSPECIFIED., .F., .F.,
 ( 4, 2, 2, 2, 2, 4 ),
 ( 7.023086426956682172E-18, 0.0002833315864596988392, 0.0005666631729193906310, 0.0008499947593790824771, 0.0009916605526089281291, 0.001133326345838774106 ),
 .UNSPECIFIED. ) ;
#1940 = CARTESIAN_POINT ( 'NONE',  ( 0.2865440803012718196, 26.97633788668375843, 8.995484056976881249 ) ) ;
#1941 = CIRCLE ( 'NONE', #4547, 9.000000000000000000 ) ;
#1942 = CARTESIAN_POINT ( 'NONE',  ( 2.300993022818189626, 36.11862861009016257, 8.721296010556201850 ) ) ;
#1943 = CYLINDRICAL_SURFACE ( 'NONE', #3360, 9.000000000000000000 ) ;
#1944 = EDGE_CURVE ( 'NONE', #4802, #2216, #2389, .T. ) ;
#1945 = ORIENTED_EDGE ( 'NONE', *, *, #313, .F. ) ;
#1946 = CARTESIAN_POINT ( 'NONE',  ( 0.8028735143692448117, 30.95971556373338274, 8.964620793363330620 ) ) ;
#1947 = CARTESIAN_POINT ( 'NONE',  ( 2.132650920683355267, 35.41765216653345760, 8.743683379712098969 ) ) ;
#1948 = CARTESIAN_POINT ( 'NONE',  ( 1.812527315678325701, 35.95435062129456583, 8.835924287144663936 ) ) ;
#1949 = CARTESIAN_POINT ( 'NONE',  ( 2.829201268243949574, 34.53669426652234620, 8.543861272849925470 ) ) ;
#1950 = ORIENTED_EDGE ( 'NONE', *, *, #2494, .T. ) ;
#1951 = CARTESIAN_POINT ( 'NONE',  ( 0.3334800691499079095, 26.85145134717742366, 9.013819823755627070 ) ) ;
#1952 = CARTESIAN_POINT ( 'NONE',  ( 1.949819711538461675, 35.71324118589743790, 8.786250798406339158 ) ) ;
#1953 = CARTESIAN_POINT ( 'NONE',  ( 3.228236139216409395, 35.31161032120716214, 8.401100853884427622 ) ) ;
#1954 = PLANE ( 'NONE',  #997 ) ;
#1955 = CARTESIAN_POINT ( 'NONE',  ( -0.05522285743457756857, 34.86752213931661970, 8.999841603345860364 ) ) ;
#1956 = CARTESIAN_POINT ( 'NONE',  ( 1.952068938665285858, 28.97500639479777007, 8.806079642202886859 ) ) ;
#1957 = CARTESIAN_POINT ( 'NONE',  ( 2.015945176680631334, 32.29432479608986029, 8.791315546252592483 ) ) ;
#1958 = DIRECTION ( 'NONE',  ( 1.000000000000000000, 0.000000000000000000, -1.224646799147353207E-16 ) ) ;
#1959 = ORIENTED_EDGE ( 'NONE', *, *, #2303, .F. ) ;
#1960 = CARTESIAN_POINT ( 'NONE',  ( 1.992588141025639858, 33.14082532051281760, 8.796650414608295776 ) ) ;
#1961 = ORIENTED_EDGE ( 'NONE', *, *, #1427, .F. ) ;
#1962 = CARTESIAN_POINT ( 'NONE',  ( 3.356382522181409200, 34.53349720481727303, 8.370730289306147043 ) ) ;
#1963 = CARTESIAN_POINT ( 'NONE',  ( 0.9633413461538461453, 33.21794871794871540, 8.948294443679783328 ) ) ;
#1964 = CARTESIAN_POINT ( 'NONE',  ( 1.297299439069176108, 31.41528732405038227, 8.926819966749237167 ) ) ;
#1965 = CARTESIAN_POINT ( 'NONE',  ( 2.605353174513532988, 34.20801519100877641, 8.615018681539856615 ) ) ;
#1966 = ORIENTED_EDGE ( 'NONE', *, *, #2303, .T. ) ;
#1967 = CARTESIAN_POINT ( 'NONE',  ( 2.161482394968894827, 28.32450881741323201, 8.746722533389075238 ) ) ;
#1968 = CARTESIAN_POINT ( 'NONE',  ( 2.686698717948718063, 35.91025641025641590, 8.609625067701447421 ) ) ;
#1969 = CARTESIAN_POINT ( 'NONE',  ( 2.534948559508947152, 26.35121513804705984, 8.636981255677074643 ) ) ;
#1970 = CARTESIAN_POINT ( 'NONE',  ( 1.865058431256779947, 28.90170744141881798, 8.825171341042217676 ) ) ;
#1971 = ORIENTED_EDGE ( 'NONE', *, *, #791, .F. ) ;
#1972 = CARTESIAN_POINT ( 'NONE',  ( 0.4866327720817558711, 34.15860963774565562, 8.986712907381930293 ) ) ;
#1973 = CARTESIAN_POINT ( 'NONE',  ( 1.929487179487179738, 29.84415064102564585, 8.810738263888564958 ) ) ;
#1974 = CARTESIAN_POINT ( 'NONE',  ( 3.187909513618829571, 35.49895837839326163, 8.436485782850382975 ) ) ;
#1975 = CARTESIAN_POINT ( 'NONE',  ( 2.186806581115903647, 34.85543888364590259, 8.750471789254856247 ) ) ;
#1976 = CARTESIAN_POINT ( 'NONE',  ( 3.463379991568419136, 31.93528505880907531, 8.327209113435786847 ) ) ;
#1977 = EDGE_CURVE ( 'NONE', #4101, #2929, #1671, .T. ) ;
#1978 = PLANE ( 'NONE',  #2730 ) ;
#1979 = CARTESIAN_POINT ( 'NONE',  ( 0.2136864660677536554, 36.08111001377476157, 8.997576306174858374 ) ) ;
#1980 = CARTESIAN_POINT ( 'NONE',  ( 0.2944711538461538547, 34.29066506410256920, 8.995181306652607844 ) ) ;
#1981 = ORIENTED_EDGE ( 'NONE', *, *, #1352, .T. ) ;
#1982 = CARTESIAN_POINT ( 'NONE',  ( 1.884615384615386580, 61.15256410256409225, 8.820467308732586886 ) ) ;
#1983 = ORIENTED_EDGE ( 'NONE', *, *, #3855, .T. ) ;
#1984 = CARTESIAN_POINT ( 'NONE',  ( 3.182989153121924097, 34.88702868390665657, 8.438375394084808079 ) ) ;
#1985 = CARTESIAN_POINT ( 'NONE',  ( 0.9937843284211402839, 33.21696751702882722, 8.965157761941306092 ) ) ;
#1986 = CARTESIAN_POINT ( 'NONE',  ( 2.015945176680631334, 32.29432479608986029, 8.791315546252592483 ) ) ;
#1987 = B_SPLINE_CURVE_WITH_KNOTS ( 'NONE', 3,
 ( #4554, #3017, #4164, #1927, #762, #3044, #2275, #3788, #395, #1904 ),
 .UNSPECIFIED., .F., .F.,
 ( 4, 2, 2, 2, 4 ),
 ( 0.0005347107863529223203, 0.0008478652661359655342, 0.001161019745919008531, 0.001474174225702051637, 0.001787328705485094526 ),
 .UNSPECIFIED. ) ;
#1988 = CARTESIAN_POINT ( 'NONE',  ( 3.288483846722471071, 26.39138061916207789, 8.398675262211423131 ) ) ;
#1989 = EDGE_LOOP ( 'NONE', ( #259, #2107, #508, #3084, #1826, #3949, #4199, #2235, #2910, #1547, #1759, #773, #4066, #3680, #1036, #2898, #1741, #2822 ) ) ;
#1990 = VERTEX_POINT ( 'NONE', #1417 ) ;
#1991 = CARTESIAN_POINT ( 'NONE',  ( 3.586158257692713125, 27.36998643072169912, 8.274664392773175337 ) ) ;
#1992 = DIRECTION ( 'NONE',  ( 0.000000000000000000, 1.000000000000000000, 0.000000000000000000 ) ) ;
#1993 = ORIENTED_EDGE ( 'NONE', *, *, #4887, .F. ) ;
#1994 = DIRECTION ( 'NONE',  ( 0.000000000000000000, 0.000000000000000000, 1.000000000000000000 ) ) ;
#1995 = DIRECTION ( 'NONE',  ( 0.000000000000000000, 0.000000000000000000, -1.000000000000000000 ) ) ;
#1996 = CARTESIAN_POINT ( 'NONE',  ( 3.499999999999995559, 30.25641025641025905, 8.291561975888502189 ) ) ;
#1997 = CARTESIAN_POINT ( 'NONE',  ( 1.646993666254616295, 32.67163955892338123, 8.848074175494510030 ) ) ;
#1998 = CARTESIAN_POINT ( 'NONE',  ( 0.7230582555387694565, 30.61425699898263630, 8.971266207955620686 ) ) ;
#1999 = CARTESIAN_POINT ( 'NONE',  ( 2.010406031922455483, 32.59841006270288233, 8.772585942892238364 ) ) ;
#2000 = EDGE_CURVE ( 'NONE', #62, #583, #2590, .T. ) ;
#2001 = FACE_OUTER_BOUND ( 'NONE', #3200, .T. ) ;
#2002 = CARTESIAN_POINT ( 'NONE',  ( 1.113727313580784140, 31.38327076677740379, 8.951060574561612526 ) ) ;
#2003 = CARTESIAN_POINT ( 'NONE',  ( -0.08641291847037398111, 32.38165583296493821, 9.019585762800181428 ) ) ;
#2004 = VERTEX_POINT ( 'NONE', #4646 ) ;
#2005 = CARTESIAN_POINT ( 'NONE',  ( 3.418507420930219087, 35.81319175958527268, 8.325941929096215333 ) ) ;
#2006 = VECTOR ( 'NONE', #4321, 1000.000000000000000 ) ;
#2007 = CARTESIAN_POINT ( 'NONE',  ( 3.108858926904289444, 34.32383138342518691, 8.446004746185757028 ) ) ;
#2008 = CARTESIAN_POINT ( 'NONE',  ( 3.119127252185120547, 28.04183654285518656, 8.464372913853626557 ) ) ;
#2009 = DIRECTION ( 'NONE',  ( 0.000000000000000000, 0.000000000000000000, 1.000000000000000000 ) ) ;
#2010 = CIRCLE ( 'NONE', #4542, 9.000000000000000000 ) ;
#2011 = VECTOR ( 'NONE', #3409, 1000.000000000000000 ) ;
#2012 = CARTESIAN_POINT ( 'NONE',  ( 0.8688196120468579808, 29.04124333351012055, 8.958129952948459263 ) ) ;
#2013 = CC_DESIGN_PERSON_AND_ORGANIZATION_ASSIGNMENT ( #2791, #917, ( #2192 ) ) ;
#2014 = ORIENTED_EDGE ( 'NONE', *, *, #158, .T. ) ;
#2015 = VECTOR ( 'NONE', #3022, 1000.000000000000000 ) ;
#2016 = CARTESIAN_POINT ( 'NONE',  ( 0.2042816016754343544, 27.90747063155845353, 9.018423716570953985 ) ) ;
#2017 = CARTESIAN_POINT ( 'NONE',  ( 2.988325428743324519, 34.62612228064676856, 8.489390497042675676 ) ) ;
#2018 = ORIENTED_EDGE ( 'NONE', *, *, #3398, .T. ) ;
#2019 = CARTESIAN_POINT ( 'NONE',  ( 0.5449183578570606645, 26.56631561254281948, 8.983690726304066843 ) ) ;
#2020 = CARTESIAN_POINT ( 'NONE',  ( 0.7938042327921749353, 34.37108744812022110, 8.965095264339554504 ) ) ;
#2021 = LINE ( 'NONE', #3190, #591 ) ;
#2022 = CARTESIAN_POINT ( 'NONE',  ( 0.1728136296244375536, 34.40948987250390445, 8.998481064162636045 ) ) ;
#2023 = CARTESIAN_POINT ( 'NONE',  ( 1.426696615132422075, 34.09318427773468585, 8.887426268154696274 ) ) ;
#2024 = CARTESIAN_POINT ( 'NONE',  ( 2.164168125858975777, 25.95370323420106473, 8.766190589887864704 ) ) ;
#2025 = CARTESIAN_POINT ( 'NONE',  ( 1.373788863335931643, 34.44933455032374070, 8.914726154988413143 ) ) ;
#2026 = CARTESIAN_POINT ( 'NONE',  ( 0.3002967527353780919, 36.15440362241642447, 9.015458984662783948 ) ) ;
#2027 = CARTESIAN_POINT ( 'NONE',  ( 1.670456575011729061, 31.63055873452570665, 8.843753244318065754 ) ) ;
#2028 = VERTEX_POINT ( 'NONE', #3600 ) ;
#2029 = CYLINDRICAL_SURFACE ( 'NONE', #4701, 9.000000000000000000 ) ;
#2030 = APPLICATION_CONTEXT ( 'configuration controlled 3d designs of mechanical parts and assemblies' ) ;
#2031 = LINE ( 'NONE', #3469, #4235 ) ;
#2032 = CARTESIAN_POINT ( 'NONE',  ( 2.229743574867680600, 30.16596626863940145, 8.739422888300486747 ) ) ;
#2033 = CARTESIAN_POINT ( 'NONE',  ( 1.657441013105921623, 32.57768653672584946, 8.866066780992428065 ) ) ;
#2034 = CARTESIAN_POINT ( 'NONE',  ( 0.2692307692307692180, 32.45512820512820440, 8.995972142736958332 ) ) ;
#2035 = ORIENTED_EDGE ( 'NONE', *, *, #4583, .F. ) ;
#2036 = B_SPLINE_CURVE_WITH_KNOTS ( 'NONE', 3,
 ( #17, #3458, #1584, #1638, #2376, #840, #3434, #70, #3091, #444 ),
 .UNSPECIFIED., .F., .F.,
 ( 4, 3, 3, 4 ),
 ( 0.000000000000000000, 0.2497032509371532316, 0.7053539104605589527, 1.000000000000000000 ),
 .UNSPECIFIED. ) ;
#2037 = ORIENTED_EDGE ( 'NONE', *, *, #441, .T. ) ;
#2038 = EDGE_CURVE ( 'NONE', #3109, #3775, #586, .T. ) ;
#2039 = CARTESIAN_POINT ( 'NONE',  ( 0.2042816016754343544, 27.90747063155845353, 8.998183006764559622 ) ) ;
#2040 = CARTESIAN_POINT ( 'NONE',  ( 0.8881603348894038241, 34.03104773489516788, 8.956307198636482170 ) ) ;
#2041 = VERTEX_POINT ( 'NONE', #397 ) ;
#2042 = FACE_OUTER_BOUND ( 'NONE', #15, .T. ) ;
#2043 = CARTESIAN_POINT ( 'NONE',  ( -0.08974358974358974395, 29.90655048076923350, 9.019552549327100266 ) ) ;
#2044 = CARTESIAN_POINT ( 'NONE',  ( 3.080222590783700198, 35.69972877400741140, 8.456490142595935566 ) ) ;
#2045 = FACE_OUTER_BOUND ( 'NONE', #2309, .T. ) ;
#2046 = B_SPLINE_CURVE_WITH_KNOTS ( 'NONE', 3,
 ( #234, #3258, #210, #1723 ),
 .UNSPECIFIED., .F., .F.,
 ( 4, 4 ),
 ( 0.000000000000000000, 0.0004302564428017446613 ),
 .UNSPECIFIED. ) ;
#2047 = CARTESIAN_POINT ( 'NONE',  ( 0.6075929102104010715, 36.33929278407818941, 9.000252836412308000 ) ) ;
#2048 = CARTESIAN_POINT ( 'NONE',  ( 3.548447216658944914, 35.52637070304408695, 8.290976859528573328 ) ) ;
#2049 = CARTESIAN_POINT ( 'NONE',  ( 1.685850875732446852, 33.34504925155083299, 8.846106885495947481 ) ) ;
#2050 = CARTESIAN_POINT ( 'NONE',  ( 3.230769230769231726, 35.21614583333333570, 8.420126795323675140 ) ) ;
#2051 = CARTESIAN_POINT ( 'NONE',  ( 1.749999999999998668, 30.61538461538461675, 8.828221791504786253 ) ) ;
#2052 = ORIENTED_EDGE ( 'NONE', *, *, #596, .F. ) ;
#2053 = CARTESIAN_POINT ( 'NONE',  ( 2.605863692518068042, 35.90355611081542264, 8.634588921885029578 ) ) ;
#2054 = CARTESIAN_POINT ( 'NONE',  ( 0.2721403943164485417, 32.35688899527048079, 9.016016621615820625 ) ) ;
#2055 = CARTESIAN_POINT ( 'NONE',  ( 0.3240168681527769712, 30.18541210035440869, 8.994028397574382439 ) ) ;
#2056 = LINE ( 'NONE', #1351, #2006 ) ;
#2057 = CARTESIAN_POINT ( 'NONE',  ( 3.499999999999998224, 37.70512820512822572, 8.291561975888500413 ) ) ;
#2058 = CARTESIAN_POINT ( 'NONE',  ( 0.000000000000000000, 65.00000000000000000, 0.02000000000000000042 ) ) ;
#2059 = ADVANCED_FACE ( 'NONE', ( #4166 ), #3342, .F. ) ;
#2060 = EDGE_CURVE ( 'NONE', #8, #4161, #2603, .T. ) ;
#2061 = ORIENTED_EDGE ( 'NONE', *, *, #2559, .F. ) ;
#2062 = CARTESIAN_POINT ( 'NONE',  ( 3.500000000000000000, 38.35226362179489712, 8.291561975888500413 ) ) ;
#2063 = CARTESIAN_POINT ( 'NONE',  ( 0.8107011791147131774, 33.20579171772713778, 8.983696877551002657 ) ) ;
#2064 = CARTESIAN_POINT ( 'NONE',  ( 1.910628857792248336, 26.26449968081675834, 8.816380667915558078 ) ) ;
#2065 = ADVANCED_FACE ( 'NONE', ( #3719 ), #4855, .F. ) ;
#2066 = ORIENTED_EDGE ( 'NONE', *, *, #3821, .T. ) ;
#2067 = CARTESIAN_POINT ( 'NONE',  ( 0.5384615384615384359, 65.00000000000000000, 9.003877735788572423 ) ) ;
#2068 = CARTESIAN_POINT ( 'NONE',  ( 0.6589382633499654141, 34.43907577211251692, 8.995971857860309839 ) ) ;
#2069 = CARTESIAN_POINT ( 'NONE',  ( 2.977782592564230502, 35.81239595244049667, 8.493371523364791287 ) ) ;
#2070 = CARTESIAN_POINT ( 'NONE',  ( 1.118630677197914869, 28.00974682160885010, 8.955497094825286553 ) ) ;
#2071 = CARTESIAN_POINT ( 'NONE',  ( 0.1443638025204475317, 35.99459398117066655, 9.018842097321284612 ) ) ;
#2072 = CARTESIAN_POINT ( 'NONE',  ( 0.000000000000000000, 62.18461538461537685, 0.02000000000000000042 ) ) ;
#2073 = ORIENTED_EDGE ( 'NONE', *, *, #961, .T. ) ;
#2074 = CARTESIAN_POINT ( 'NONE',  ( 3.230769230769231726, 35.21614583333333570, 8.400126795323675566 ) ) ;
#2075 = CARTESIAN_POINT ( 'NONE',  ( -0.02687937037286967576, 26.74249708266406955, 9.000478022050671711 ) ) ;
#2076 = CARTESIAN_POINT ( 'NONE',  ( 0.03225900989143248160, 29.33758789011836399, 8.999794087729483749 ) ) ;
#2077 = VERTEX_POINT ( 'NONE', #304 ) ;
#2078 = CARTESIAN_POINT ( 'NONE',  ( 0.000000000000000000, 1.200000000000006617, 0.000000000000000000 ) ) ;
#2079 = DIRECTION ( 'NONE',  ( 0.000000000000000000, -0.000000000000000000, -1.000000000000000000 ) ) ;
#2080 = DIRECTION ( 'NONE',  ( 0.000000000000000000, -1.000000000000000000, 0.000000000000000000 ) ) ;
#2081 = CARTESIAN_POINT ( 'NONE',  ( 1.584628101316412296, 32.85271025233176800, 8.879455882403501477 ) ) ;
#2082 = DIRECTION ( 'NONE',  ( 0.000000000000000000, -1.000000000000000000, 0.000000000000000000 ) ) ;
#2083 = CARTESIAN_POINT ( 'NONE',  ( 0.4443770619309941328, 29.34138559970240934, 8.989401274240290007 ) ) ;
#2084 = AXIS2_PLACEMENT_3D ( 'NONE', #1616, #2656, #3052 ) ;
#2085 = ORIENTED_EDGE ( 'NONE', *, *, #2763, .T. ) ;
#2086 = ORIENTED_EDGE ( 'NONE', *, *, #4817, .T. ) ;
#2087 = VECTOR ( 'NONE', #2823, 1000.000000000000000 ) ;
#2088 = VECTOR ( 'NONE', #121, 1000.000000000000000 ) ;
#2089 = CARTESIAN_POINT ( 'NONE',  ( 1.490426443480314056, 26.27207687823808868, 8.895734502521630560 ) ) ;
#2090 = ADVANCED_FACE ( 'NONE', ( #20 ), #4459, .F. ) ;
#2091 = CARTESIAN_POINT ( 'NONE',  ( 0.3697454268513702957, 32.85426302434338908, 8.992401699174836338 ) ) ;
#2092 = CARTESIAN_POINT ( 'NONE',  ( 1.909985099946515774, 30.58256715898533429, 8.796508278691161919 ) ) ;
#2093 = VECTOR ( 'NONE', #3595, 1000.000000000000000 ) ;
#2094 = ORIENTED_EDGE ( 'NONE', *, *, #1588, .T. ) ;
#2095 = CARTESIAN_POINT ( 'NONE',  ( -0.08974358974358974395, 32.47195512820512420, 8.999552549327102469 ) ) ;
#2096 = EDGE_CURVE ( 'NONE', #2497, #4089, #1312, .T. ) ;
#2097 = VECTOR ( 'NONE', #2226, 1000.000000000000000 ) ;
#2098 = CARTESIAN_POINT ( 'NONE',  ( 1.748597756410257054, 25.94871794871794890, 8.848499639592052546 ) ) ;
#2099 = CARTESIAN_POINT ( 'NONE',  ( 0.2692307692307692180, 35.21614583333333570, 9.015972142736957906 ) ) ;
#2100 = CARTESIAN_POINT ( 'NONE',  ( 1.750000000000000000, 28.01282051282051100, 8.848396499674342053 ) ) ;
#2101 = CARTESIAN_POINT ( 'NONE',  ( 1.854879513426940907, 34.52190362438933846, 8.827319656323387775 ) ) ;
#2102 = CARTESIAN_POINT ( 'NONE',  ( 2.898082050250043284, 36.20158248581368099, 8.541215408052948987 ) ) ;
#2103 = VERTEX_POINT ( 'NONE', #1540 ) ;
#2104 = EDGE_CURVE ( 'NONE', #2199, #1173, #637, .T. ) ;
#2105 = CARTESIAN_POINT ( 'NONE',  ( 1.900205586094583676, 29.57534307508852933, 8.797130009350070168 ) ) ;
#2106 = CARTESIAN_POINT ( 'NONE',  ( 0.8321024568130667154, 28.71097933432796623, 8.982639302795600855 ) ) ;
#2107 = ORIENTED_EDGE ( 'NONE', *, *, #4168, .T. ) ;
#2108 = CARTESIAN_POINT ( 'NONE',  ( 0.9801682692307693845, 36.08974358974359831, 8.946466909567886816 ) ) ;
#2109 = PLANE ( 'NONE',  #2964 ) ;
#2110 = CARTESIAN_POINT ( 'NONE',  ( 0.3516630199865430351, 30.25675645405669201, 9.013169542604186901 ) ) ;
#2111 = CARTESIAN_POINT ( 'NONE',  ( 0.2638183124982299566, 33.27885242878964789, 9.016474606625195065 ) ) ;
#2112 = CARTESIAN_POINT ( 'NONE',  ( 1.013120993589744057, 34.33974358974359831, 8.942795192351647771 ) ) ;
#2113 = B_SPLINE_SURFACE_WITH_KNOTS ( 'NONE', 3, 1, ( 
 ( #1675, #2439 ),
 ( #2416, #237 ),
 ( #935, #2063 ),
 ( #1307, #4723 ),
 ( #4279, #3184 ),
 ( #2834, #537 ),
 ( #4693, #2808 ),
 ( #3573, #4352 ),
 ( #184, #958 ),
 ( #2091, #2465 ),
 ( #3604, #215 ),
 ( #4745, #2492 ),
 ( #1356, #3726 ),
 ( #2165, #2909 ),
 ( #4053, #4104 ),
 ( #1870, #3678 ) ),
 .UNSPECIFIED., .F., .F., .F.,
 ( 4, 3, 3, 3, 3, 4 ),
 ( 2, 2 ),
 ( 0.000000000000000000, 0.1995931159155026613, 0.4002944277872932943, 0.6376421187699025106, 0.8705870220859247555, 1.000000000000000000 ),
 ( 0.000000000000000000, 1.000000000000000000 ),
 .UNSPECIFIED. ) ;
#2114 = B_SPLINE_CURVE_WITH_KNOTS ( 'NONE', 3,
 ( #2971, #3273, #1025, #3739, #1046, #4780, #1787, #3297, #4806, #1391 ),
 .UNSPECIFIED., .F., .F.,
 ( 4, 2, 2, 2, 4 ),
 ( 0.000000000000000000, 0.0002467944958304823535, 0.0004935889916609647069, 0.0007403834874914470062, 0.0009871779833219294139 ),
 .UNSPECIFIED. ) ;
#2115 = VERTEX_POINT ( 'NONE', #1906 ) ;
#2116 = CARTESIAN_POINT ( 'NONE',  ( 8.572527594031473190E-16, 0.000000000000000000, 7.000000000000000000 ) ) ;
#2117 = CARTESIAN_POINT ( 'NONE',  ( 0.9281475137921596508, 28.30000343491710879, 8.959373272021911916 ) ) ;
#2118 = CARTESIAN_POINT ( 'NONE',  ( 3.231599533907360655, 30.31146676227541192, 8.404858075472146695 ) ) ;
#2119 = VERTEX_POINT ( 'NONE', #696 ) ;
#2120 = B_SPLINE_CURVE_WITH_KNOTS ( 'NONE', 3,
 ( #202, #226, #1739, #248 ),
 .UNSPECIFIED., .F., .F.,
 ( 4, 4 ),
 ( 0.000000000000000000, 1.000000000000000000 ),
 .UNSPECIFIED. ) ;
#2121 = CARTESIAN_POINT ( 'NONE',  ( 0.5370636847766375732, 30.50352738352616910, 9.004191978550389663 ) ) ;
#2122 = CARTESIAN_POINT ( 'NONE',  ( 0.3594537233718086422, 34.76012683313223306, 9.012994713067309149 ) ) ;
#2123 = CARTESIAN_POINT ( 'NONE',  ( 2.386554891373973142, 27.97523369432254725, 8.699335155958628718 ) ) ;
#2124 = CARTESIAN_POINT ( 'NONE',  ( 1.750000000000000222, 35.19581330128205110, 8.848221791504787603 ) ) ;
#2125 = CARTESIAN_POINT ( 'NONE',  ( 1.019431089743589869, 34.02564102564103621, 8.962078072420540664 ) ) ;
#2126 = MECHANICAL_CONTEXT ( 'NONE', #2030, 'mechanical' ) ;
#2127 = ORIENTED_EDGE ( 'NONE', *, *, #3863, .F. ) ;
#2128 = ADVANCED_FACE ( 'NONE', ( #2228 ), #1469, .F. ) ;
#2129 = CARTESIAN_POINT ( 'NONE',  ( 1.748817318059558312, 35.14251524846923047, 8.848456232080101458 ) ) ;
#2130 = CARTESIAN_POINT ( 'NONE',  ( -0.08974358974358974395, 29.90655048076923350, 8.999552549327102469 ) ) ;
#2131 = CARTESIAN_POINT ( 'NONE',  ( 0.9895181787653413163, 28.68948815526670870, 8.946636939486680262 ) ) ;
#2132 = ORIENTED_EDGE ( 'NONE', *, *, #4133, .T. ) ;
#2133 = DIRECTION ( 'NONE',  ( -0.000000000000000000, -1.000000000000000000, -0.000000000000000000 ) ) ;
#2134 = EDGE_CURVE ( 'NONE', #1692, #2714, #3770, .T. ) ;
#2135 = CARTESIAN_POINT ( 'NONE',  ( 1.570512820512820706, 62.49871794871794606, 8.861912292536235469 ) ) ;
#2136 = CARTESIAN_POINT ( 'NONE',  ( 0.2692307692307690514, 29.88832131410256565, 8.995835038767749481 ) ) ;
#2137 = CARTESIAN_POINT ( 'NONE',  ( 0.7869318306546682074, 33.51658567246027332, 8.985530563993547659 ) ) ;
#2138 = FACE_OUTER_BOUND ( 'NONE', #785, .T. ) ;
#2139 = ORIENTED_EDGE ( 'NONE', *, *, #1918, .F. ) ;
#2140 = CARTESIAN_POINT ( 'NONE',  ( 0.9278639255197528302, 36.08748138691706941, 8.952197334613513746 ) ) ;
#2141 = CARTESIAN_POINT ( 'NONE',  ( 0.000000000000000000, 65.00000000000000000, 0.000000000000000000 ) ) ;
#2142 = ORIENTED_EDGE ( 'NONE', *, *, #526, .F. ) ;
#2143 = CARTESIAN_POINT ( 'NONE',  ( 1.929487179487179516, 29.84415064102564585, 8.810738263888566735 ) ) ;
#2144 = CARTESIAN_POINT ( 'NONE',  ( 2.071102280305897825, 28.01006413108008886, 8.759967941922628398 ) ) ;
#2145 = CARTESIAN_POINT ( 'NONE',  ( 0.2865440803012718196, 26.97633788668375843, 9.015484056976880822 ) ) ;
#2146 = CARTESIAN_POINT ( 'NONE',  ( 1.615541620007189483, 36.17046448910546985, 8.873814165320188962 ) ) ;
#2147 = CARTESIAN_POINT ( 'NONE',  ( 1.019431089743589869, 34.02564102564103621, 8.941829979474196222 ) ) ;
#2148 = ORIENTED_EDGE ( 'NONE', *, *, #4400, .F. ) ;
#2149 = B_SPLINE_SURFACE_WITH_KNOTS ( 'NONE', 3, 1, ( 
 ( #801, #2317 ),
 ( #1967, #4650 ),
 ( #833, #3474 ),
 ( #1556, #1896 ),
 ( #3061, #2371 ),
 ( #1603, #2291 ),
 ( #2710, #1991 ),
 ( #4570, #436 ) ),
 .UNSPECIFIED., .F., .F., .F.,
 ( 4, 2, 2, 4 ),
 ( 2, 2 ),
 ( 0.000000000000000000, 0.5000000000000000000, 0.7500000000000000000, 1.000000000000000000 ),
 ( 0.000000000000000000, 1.000000000000000000 ),
 .UNSPECIFIED. ) ;
#2150 = CARTESIAN_POINT ( 'NONE',  ( 0.5241886193020490747, 31.85516077265034696, 8.984940956777663246 ) ) ;
#2151 = DIRECTION ( 'NONE',  ( 0.000000000000000000, 0.000000000000000000, 1.000000000000000000 ) ) ;
#2152 = CARTESIAN_POINT ( 'NONE',  ( 3.500000000000000000, 65.00000000000000000, 8.291561975888500413 ) ) ;
#2153 = ADVANCED_FACE ( 'NONE', ( #4530 ), #728, .F. ) ;
#2154 = EDGE_CURVE ( 'NONE', #2609, #3274, #2771, .T. ) ;
#2155 = ORIENTED_EDGE ( 'NONE', *, *, #2554, .F. ) ;
#2156 = CARTESIAN_POINT ( 'NONE',  ( 0.5384615384615391021, 62.49871794871794606, 8.983877735788572849 ) ) ;
#2157 = CARTESIAN_POINT ( 'NONE',  ( 0.2692307692307692180, 32.45512820512820440, 9.016103700653813391 ) ) ;
#2158 = CARTESIAN_POINT ( 'NONE',  ( 1.750000000000000222, 35.19581330128205110, 8.848221791504787603 ) ) ;
#2159 = CARTESIAN_POINT ( 'NONE',  ( 0.2861101926852948063, 29.67418691943481335, 9.015526972995482780 ) ) ;
#2160 = DIRECTION ( 'NONE',  ( 0.000000000000000000, -1.000000000000000000, 0.000000000000000000 ) ) ;
#2161 = ORIENTED_EDGE ( 'NONE', *, *, #2620, .F. ) ;
#2162 = CARTESIAN_POINT ( 'NONE',  ( 1.750000000000000222, 28.01282051282051100, 8.828221791504789806 ) ) ;
#2163 = ADVANCED_FACE ( 'NONE', ( #4287 ), #1954, .F. ) ;
#2164 = EDGE_CURVE ( 'NONE', #3650, #4614, #4266, .T. ) ;
#2165 = CARTESIAN_POINT ( 'NONE',  ( 0.2730834447357287642, 32.55482762402024122, 8.995859752214435900 ) ) ;
#2166 = ORIENTED_EDGE ( 'NONE', *, *, #3139, .F. ) ;
#2167 = AXIS2_PLACEMENT_3D ( 'NONE', #3919, #3077, #454 ) ;
#2168 = CARTESIAN_POINT ( 'NONE',  ( 1.949819711538461897, 34.70222355769230660, 8.786250798406339158 ) ) ;
#2169 = DIRECTION ( 'NONE',  ( -0.000000000000000000, -1.000000000000000000, -0.000000000000000000 ) ) ;
#2170 = CARTESIAN_POINT ( 'NONE',  ( 0.2692307692307692180, 27.14623397435897800, 9.015972142736957906 ) ) ;
#2171 = B_SPLINE_CURVE_WITH_KNOTS ( 'NONE', 3,
 ( #1520, #2556, #4070, #2185, #1814, #1447, #2951, #4463, #4097, #699, #2209, #3722 ),
 .UNSPECIFIED., .F., .F.,
 ( 4, 2, 2, 2, 2, 4 ),
 ( 0.000000000000000000, 0.0003190247306690904990, 0.0006380494613381809980, 0.0009570741920072712260, 0.001116586557341816286, 0.001276098922676361129 ),
 .UNSPECIFIED. ) ;
#2172 = VECTOR ( 'NONE', #2232, 1000.000000000000000 ) ;
#2173 = CARTESIAN_POINT ( 'NONE',  ( 0.3986677470225536979, 32.91094727835744038, 8.991386997058278041 ) ) ;
#2174 = CARTESIAN_POINT ( 'NONE',  ( 2.417372751812986387, 26.00301663624908954, 8.669312561389865834 ) ) ;
#2175 = DATE_AND_TIME ( #2991, #2248 ) ;
#2176 = VERTEX_POINT ( 'NONE', #810 ) ;
#2177 = AXIS2_PLACEMENT_3D ( 'NONE', #4486, #1858, #2254 ) ;
#2178 = CARTESIAN_POINT ( 'NONE',  ( 1.089925974626546390, 36.08118865438112266, 8.933633563927795507 ) ) ;
#2179 = CARTESIAN_POINT ( 'NONE',  ( 2.767200155851486265, 35.90850011089327865, 8.584444978516756919 ) ) ;
#2180 = CARTESIAN_POINT ( 'NONE',  ( -0.08974358974358975782, 29.90655048076923705, 8.999552549327100692 ) ) ;
#2181 = ORIENTED_EDGE ( 'NONE', *, *, #1021, .T. ) ;
#2182 = CARTESIAN_POINT ( 'NONE',  ( 3.527288504087974896, 32.01664460426754744, 8.280270188708719559 ) ) ;
#2183 = CARTESIAN_POINT ( 'NONE',  ( 1.265795651265354094, 34.39112488120093047, 8.910660788090474682 ) ) ;
#2184 = CARTESIAN_POINT ( 'NONE',  ( 0.8784571826919961302, 31.38207883191833503, 8.957634751719744770 ) ) ;
#2185 = CARTESIAN_POINT ( 'NONE',  ( 0.3407923654936718671, 34.79679850327462276, 8.993592836739949803 ) ) ;
#2186 = CARTESIAN_POINT ( 'NONE',  ( 2.016074630022304248, 32.53799972641636629, 8.791287072417702575 ) ) ;
#2187 = CARTESIAN_POINT ( 'NONE',  ( 1.909283357814385962, 35.79139490061916007, 8.815178446501933607 ) ) ;
#2188 = ORIENTED_EDGE ( 'NONE', *, *, #3523, .T. ) ;
#2189 = CARTESIAN_POINT ( 'NONE',  ( 2.073849404112185102, 35.92079265488010975, 8.758115147390904909 ) ) ;
#2190 = CARTESIAN_POINT ( 'NONE',  ( 2.914885702628708053, 34.23147813349552848, 8.535609776156800166 ) ) ;
#2191 = ORIENTED_EDGE ( 'NONE', *, *, #1851, .T. ) ;
#2192 = PRODUCT ( '18650', '18650', '', ( #2126 ) ) ;
#2193 = FACE_OUTER_BOUND ( 'NONE', #3926, .T. ) ;
#2194 = CARTESIAN_POINT ( 'NONE',  ( 0.1638565751058939368, 30.60138464002599079, 9.018508266529213557 ) ) ;
#2195 = CARTESIAN_POINT ( 'NONE',  ( 3.589743589743591201, 35.19861778846154010, 8.253104928443287136 ) ) ;
#2196 = CARTESIAN_POINT ( 'NONE',  ( 1.090475442819873075, 36.08346584550894676, 8.953849869244109527 ) ) ;
#2197 = CARTESIAN_POINT ( 'NONE',  ( 0.000000000000000000, 62.49871794871794606, 0.000000000000000000 ) ) ;
#2198 = DATE_AND_TIME ( #3661, #4391 ) ;
#2199 = VERTEX_POINT ( 'NONE', #1661 ) ;
#2200 = CARTESIAN_POINT ( 'NONE',  ( 1.747999312029216101, 35.30833499615082616, 8.848747390351102027 ) ) ;
#2201 = CARTESIAN_POINT ( 'NONE',  ( 0.7515633652130508935, 34.38942372983191120, 8.988691315173024776 ) ) ;
#2202 = LINE ( 'NONE', #2152, #2097 ) ;
#2203 = ORIENTED_EDGE ( 'NONE', *, *, #1627, .F. ) ;
#2204 = CARTESIAN_POINT ( 'NONE',  ( 1.161722101662679529, 33.52551178363145112, 8.926663394055356804 ) ) ;
#2205 = CARTESIAN_POINT ( 'NONE',  ( 1.896488162548129353, 29.55286471280324179, 8.797795997011199631 ) ) ;
#2206 = UNCERTAINTY_MEASURE_WITH_UNIT (LENGTH_MEASURE( 1.000000000000000082E-05 ), #2867, 'distance_accuracy_value', 'NONE');
#2207 = CARTESIAN_POINT ( 'NONE',  ( 0.8275085062937314051, 31.70086882072195422, 8.982318118055493628 ) ) ;
#2208 = B_SPLINE_CURVE_WITH_KNOTS ( 'NONE', 3,
 ( #1641, #3048, #2695, #1587, #2722, #4240, #98, #4557, #1169, #3559, #2816, #3936, #147, #1687, #1713, #3222 ),
 .UNSPECIFIED., .F., .F.,
 ( 4, 3, 3, 3, 3, 4 ),
 ( 0.000000000000000000, 0.2285314705489107090, 0.4585603721259846610, 0.6722293524768474526, 0.8854191052259701156, 1.000000000000000000 ),
 .UNSPECIFIED. ) ;
#2209 = CARTESIAN_POINT ( 'NONE',  ( 0.9595515541139603144, 34.34104854873916679, 8.948864024588143451 ) ) ;
#2210 = CARTESIAN_POINT ( 'NONE',  ( 2.019230769230769607, 32.41656650641025550, 8.790559109919486858 ) ) ;
#2211 = DIRECTION ( 'NONE',  ( -0.000000000000000000, -1.000000000000000000, -0.000000000000000000 ) ) ;
#2212 = ORIENTED_EDGE ( 'NONE', *, *, #4759, .T. ) ;
#2213 = CARTESIAN_POINT ( 'NONE',  ( 2.162335052004216163, 28.31260218490359648, 8.736418096820722567 ) ) ;
#2214 = CARTESIAN_POINT ( 'NONE',  ( 2.898082050250043284, 36.20158248581368099, 8.521215408052951190 ) ) ;
#2215 = EDGE_CURVE ( 'NONE', #1990, #62, #2406, .T. ) ;
#2216 = VERTEX_POINT ( 'NONE', #3838 ) ;
#2217 = CARTESIAN_POINT ( 'NONE',  ( 1.928123739612948029, 29.91067140414394743, 8.811037526553244348 ) ) ;
#2218 = DIRECTION ( 'NONE',  ( 0.2007054744631295573, 0.9796516281416216554, -0.000000000000000000 ) ) ;
#2219 = CARTESIAN_POINT ( 'NONE',  ( 3.580948001097694178, 35.07004356360825881, 8.256925708807370867 ) ) ;
#2220 = EDGE_CURVE ( 'NONE', #3128, #2633, #822, .T. ) ;
#2221 = CARTESIAN_POINT ( 'NONE',  ( 0.4167727083654074738, 30.81245786973804002, 9.010344849313696614 ) ) ;
#2222 = CARTESIAN_POINT ( 'NONE',  ( 3.343977653567823616, 26.47859040087262272, 8.355786953293970143 ) ) ;
#2223 = VERTEX_POINT ( 'NONE', #843 ) ;
#2224 = CARTESIAN_POINT ( 'NONE',  ( 1.386329285772486042, 35.96317573965220760, 8.892888265426782013 ) ) ;
#2225 = LINE ( 'NONE', #3738, #117 ) ;
#2226 = DIRECTION ( 'NONE',  ( -0.000000000000000000, -1.000000000000000000, -0.000000000000000000 ) ) ;
#2227 = ORIENTED_EDGE ( 'NONE', *, *, #502, .T. ) ;
#2228 = FACE_OUTER_BOUND ( 'NONE', #3955, .T. ) ;
#2229 = CC_DESIGN_PERSON_AND_ORGANIZATION_ASSIGNMENT ( #2938, #4038, ( #1625 ) ) ;
#2230 = CARTESIAN_POINT ( 'NONE',  ( 1.013120993589744057, 34.33974358974359831, 8.942795192351647771 ) ) ;
#2231 = CARTESIAN_POINT ( 'NONE',  ( 5.510910596163088569E-16, 37.70512820512822572, 9.000000000000000000 ) ) ;
#2232 = DIRECTION ( 'NONE',  ( 0.000000000000000000, 0.000000000000000000, 1.000000000000000000 ) ) ;
#2233 = LINE ( 'NONE', #4098, #986 ) ;
#2234 = CARTESIAN_POINT ( 'NONE',  ( 3.230769230769231282, 27.14623397435897445, 8.420351804228339176 ) ) ;
#2235 = ORIENTED_EDGE ( 'NONE', *, *, #2494, .F. ) ;
#2236 = CARTESIAN_POINT ( 'NONE',  ( 1.949819711538461675, 35.71324118589743790, 8.806250798406338731 ) ) ;
#2237 = CARTESIAN_POINT ( 'NONE',  ( 3.335148445037647846, 35.92225981105228527, 8.359699878190230748 ) ) ;
#2238 = EDGE_LOOP ( 'NONE', ( #453, #3832, #4525, #3227 ) ) ;
#2239 = CARTESIAN_POINT ( 'NONE',  ( 1.890565892792096081, 30.17411308259577396, 8.819206537326831352 ) ) ;
#2240 = CARTESIAN_POINT ( 'NONE',  ( 0.07994231504651504172, 30.50735882840954005, 9.020036286824202776 ) ) ;
#2241 = CARTESIAN_POINT ( 'NONE',  ( 2.707674520126846840, 34.20627157405158414, 8.583035992362008315 ) ) ;
#2242 = CARTESIAN_POINT ( 'NONE',  ( 2.823902439792183916, 26.48103627590322873, 8.545776188901559323 ) ) ;
#2243 = CARTESIAN_POINT ( 'NONE',  ( 1.997203609429201832, 25.95633936594507318, 8.775671952633356199 ) ) ;
#2244 = COORDINATED_UNIVERSAL_TIME_OFFSET ( 5, 0, .BEHIND. ) ;
#2245 = AXIS2_PLACEMENT_3D ( 'NONE', #4171, #3417, #25 ) ;
#2246 = AXIS2_PLACEMENT_3D ( 'NONE', #2276, #396, #1905 ) ;
#2247 = ORIENTED_EDGE ( 'NONE', *, *, #201, .T. ) ;
#2248 = LOCAL_TIME ( 22, 48, 33.00000000000000000, #369 ) ;
#2249 = DIRECTION ( 'NONE',  ( 0.000000000000000000, 0.000000000000000000, 1.000000000000000000 ) ) ;
#2250 = VECTOR ( 'NONE', #1466, 1000.000000000000000 ) ;
#2251 = CARTESIAN_POINT ( 'NONE',  ( 2.322450384576180138, 34.67152604921540160, 8.695355729639798525 ) ) ;
#2252 = CARTESIAN_POINT ( 'NONE',  ( 3.230769230769231726, 35.21614583333333570, 8.420126795323675140 ) ) ;
#2253 = ORIENTED_EDGE ( 'NONE', *, *, #931, .F. ) ;
#2254 = DIRECTION ( 'NONE',  ( -0.6177208787939433288, -0.7863974287229316129, 0.000000000000000000 ) ) ;
#2255 = CARTESIAN_POINT ( 'NONE',  ( 2.300993022818189626, 36.11862861009016257, 8.721296010556201850 ) ) ;
#2256 = CIRCLE ( 'NONE', #679, 1.000000000000000000 ) ;
#2257 = ADVANCED_FACE ( 'NONE', ( #124 ), #3485, .T. ) ;
#2258 = CARTESIAN_POINT ( 'NONE',  ( 2.239151564359119106, 32.61322349376838048, 8.720882419584222944 ) ) ;
#2259 = CARTESIAN_POINT ( 'NONE',  ( 0.000000000000000000, 65.00000000000000000, 0.000000000000000000 ) ) ;
#2260 = CARTESIAN_POINT ( 'NONE',  ( 0.8993162690851095320, 29.02790283239038516, 8.955359255331979185 ) ) ;
#2261 = CARTESIAN_POINT ( 'NONE',  ( 1.615541620007189483, 36.17046448910546985, 8.873814165320190739 ) ) ;
#2262 = ORIENTED_EDGE ( 'NONE', *, *, #4849, .F. ) ;
#2263 = CARTESIAN_POINT ( 'NONE',  ( 2.487502478628103919, 28.27125941096711159, 8.649452174989873399 ) ) ;
#2264 = CARTESIAN_POINT ( 'NONE',  ( 2.322450384576181026, 34.67152604921539449, 8.715355729639792770 ) ) ;
#2265 = ORIENTED_EDGE ( 'NONE', *, *, #131, .T. ) ;
#2266 = PERSON ( 'UNSPECIFIED', 'UNSPECIFIED', 'UNSPECIFIED', ('UNSPECIFIED'), ('UNSPECIFIED'), ('UNSPECIFIED') ) ;
#2267 = CARTESIAN_POINT ( 'NONE',  ( 0.05672319135631534448, 34.57969323670040040, 9.019821247089433669 ) ) ;
#2268 = CARTESIAN_POINT ( 'NONE',  ( 2.246641456293664074, 35.65650076259439771, 8.715196677387925916 ) ) ;
#2269 = CARTESIAN_POINT ( 'NONE',  ( 1.660256410256410575, 32.48247195512821150, 8.845538347223559583 ) ) ;
#2270 = CARTESIAN_POINT ( 'NONE',  ( 1.803664542318202724, 25.94937854357401008, 8.817592955305684654 ) ) ;
#2271 = ORIENTED_EDGE ( 'NONE', *, *, #4040, .F. ) ;
#2272 = B_SPLINE_SURFACE_WITH_KNOTS ( 'NONE', 3, 1, ( 
 ( #2720, #2354 ),
 ( #3789, #3864 ),
 ( #472, #419 ),
 ( #2650, #3812 ),
 ( #4208, #1975 ),
 ( #3484, #96 ),
 ( #1565, #3765 ),
 ( #1188, #2693 ),
 ( #1611, #809 ),
 ( #2326, #4633 ),
 ( #3460, #72 ),
 ( #4529, #374 ),
 ( #1883, #3389 ),
 ( #4903, #1516 ),
 ( #4555, #3018 ),
 ( #1140, #4165 ) ),
 .UNSPECIFIED., .F., .F., .F.,
 ( 4, 3, 3, 3, 3, 4 ),
 ( 2, 2 ),
 ( 0.000000000000000000, 0.2669549429578702004, 0.5361929639722884389, 0.7654706384008242992, 0.9631609895608510552, 1.000000000000000000 ),
 ( 0.000000000000000000, 1.000000000000000000 ),
 .UNSPECIFIED. ) ;
#2273 = CARTESIAN_POINT ( 'NONE',  ( 0.8974358974358975782, 65.00000000000000000, 8.955144265169233009 ) ) ;
#2274 = LINE ( 'NONE', #3763, #4543 ) ;
#2275 = CARTESIAN_POINT ( 'NONE',  ( 0.5803198799107306405, 36.32562574921127663, 8.981835907115753415 ) ) ;
#2276 = CARTESIAN_POINT ( 'NONE',  ( 0.000000000000000000, 64.79999999999999716, 0.000000000000000000 ) ) ;
#2277 = DIRECTION ( 'NONE',  ( 0.000000000000000000, 1.000000000000000000, -0.000000000000000000 ) ) ;
#2278 = DIRECTION ( 'NONE',  ( 0.000000000000000000, 0.000000000000000000, -1.000000000000000000 ) ) ;
#2279 = EDGE_CURVE ( 'NONE', #2932, #2216, #1248, .T. ) ;
#2280 = CARTESIAN_POINT ( 'NONE',  ( 0.9427849936110284101, 31.69285212014542097, 8.950383307463274818 ) ) ;
#2281 = CARTESIAN_POINT ( 'NONE',  ( 1.612739310802822734, 32.17439517516910996, 8.874352374519560271 ) ) ;
#2282 = CARTESIAN_POINT ( 'NONE',  ( 0.7128210128339259599, 31.40043226560117873, 8.992600975122831741 ) ) ;
#2283 = ORIENTED_EDGE ( 'NONE', *, *, #2060, .T. ) ;
#2284 = CARTESIAN_POINT ( 'NONE',  ( 1.531238320841365352, 36.24627086269850196, 8.889196856436498706 ) ) ;
#2285 = ADVANCED_FACE ( 'NONE', ( #1566 ), #2589, .F. ) ;
#2286 = ADVANCED_FACE ( 'NONE', ( #993 ), #3582, .T. ) ;
#2287 = ORIENTED_EDGE ( 'NONE', *, *, #3616, .T. ) ;
#2288 = CARTESIAN_POINT ( 'NONE',  ( 2.414653413314404862, 28.28385303413826790, 8.670070192473740889 ) ) ;
#2289 = CARTESIAN_POINT ( 'NONE',  ( 2.128695680524657519, 34.44312698034321585, 8.744779081498187168 ) ) ;
#2290 = EDGE_LOOP ( 'NONE', ( #968, #3540, #793, #2086 ) ) ;
#2291 = CARTESIAN_POINT ( 'NONE',  ( 3.521222547474712528, 27.57795810955227367, 8.303547853014284996 ) ) ;
#2292 = CARTESIAN_POINT ( 'NONE',  ( 2.781058301401395649, 34.21154191320317750, 8.559542399704215043 ) ) ;
#2293 = CARTESIAN_POINT ( 'NONE',  ( 1.949819711538461675, 35.71324118589743790, 8.806250798406338731 ) ) ;
#2294 = CARTESIAN_POINT ( 'NONE',  ( 1.158167166683003124, 26.31107252859378320, 8.946421568670354318 ) ) ;
#2295 = ORIENTED_EDGE ( 'NONE', *, *, #4378, .T. ) ;
#2296 = B_SPLINE_CURVE_WITH_KNOTS ( 'NONE', 3,
 ( #1052, #2557, #3024, #4071, #722, #1075, #678, #2186, #2583, #2210 ),
 .UNSPECIFIED., .F., .F.,
 ( 4, 3, 3, 4 ),
 ( 0.000000000000000000, 0.2501108328652439927, 0.5003242984343939659, 1.000000000000000000 ),
 .UNSPECIFIED. ) ;
#2297 = CYLINDRICAL_SURFACE ( 'NONE', #4226, 9.000000000000000000 ) ;
#2298 = CARTESIAN_POINT ( 'NONE',  ( 0.2872909316550313896, 34.96182123202186887, 8.995385638806880024 ) ) ;
#2299 = CARTESIAN_POINT ( 'NONE',  ( 1.408263340639789973, 31.86453090943070521, 8.889363395216355102 ) ) ;
#2300 = DIRECTION ( 'NONE',  ( 0.000000000000000000, 0.000000000000000000, 1.000000000000000000 ) ) ;
#2301 = CARTESIAN_POINT ( 'NONE',  ( 0.2844266171269485000, 30.06960925884001412, 8.995550152114603293 ) ) ;
#2302 = CARTESIAN_POINT ( 'NONE',  ( 0.9247583439440669739, 33.53046386303820725, 8.952512215537996809 ) ) ;
#2303 = EDGE_CURVE ( 'NONE', #335, #286, #3253, .T. ) ;
#2304 = CARTESIAN_POINT ( 'NONE',  ( 2.774227960672165594, 34.52179959679343568, 8.562171470356494396 ) ) ;
#2305 = CARTESIAN_POINT ( 'NONE',  ( 0.7259919648729215025, 36.37000286108766289, 8.990670859358292688 ) ) ;
#2306 = CARTESIAN_POINT ( 'NONE',  ( -0.08692300045425306598, 32.39548489019716015, 8.999580676259705925 ) ) ;
#2307 = ORIENTED_EDGE ( 'NONE', *, *, #3942, .T. ) ;
#2308 = CARTESIAN_POINT ( 'NONE',  ( 3.545577636511545894, 35.51821632815993723, 8.272179693439939641 ) ) ;
#2309 = EDGE_LOOP ( 'NONE', ( #4828, #2657, #2037, #4153, #228, #4238, #48, #666, #1983, #4105, #1483, #3492, #2132, #1453, #2227, #605, #4565, #4324, #57, #322, #1928, #4574, #2818, #649, #921, #4537, #2836, #2810, #4192, #103, #4029, #960, #3076, #4837, #4117, #3714, #4377, #3210, #4816, #575, #979, #1950, #2546, #735, #92, #759, #1009, #1303, #3270 ) ) ;
#2310 = B_SPLINE_CURVE_WITH_KNOTS ( 'NONE', 3,
 ( #1536, #4551, #2668, #4183, #4602, #782 ),
 .UNSPECIFIED., .F., .F.,
 ( 4, 2, 4 ),
 ( 0.000000000000000000, 0.0006148238826876665760, 0.001229647765375333152 ),
 .UNSPECIFIED. ) ;
#2311 = CARTESIAN_POINT ( 'NONE',  ( 0.3445059886774796687, 26.81571042919467374, 8.993450758915969345 ) ) ;
#2312 = CARTESIAN_POINT ( 'NONE',  ( 2.019230769230769162, 32.41656650641025550, 8.770420968860095812 ) ) ;
#2313 = CARTESIAN_POINT ( 'NONE',  ( 0.2839957078159562331, 32.26453079562733706, 9.015576136078589542 ) ) ;
#2314 = ORIENTED_EDGE ( 'NONE', *, *, #2610, .F. ) ;
#2315 = EDGE_CURVE ( 'NONE', #771, #2497, #3292, .T. ) ;
#2316 = EDGE_CURVE ( 'NONE', #1656, #425, #2895, .T. ) ;
#2317 = CARTESIAN_POINT ( 'NONE',  ( 1.748597756410256387, 28.32692307692307665, 8.848499639592052546 ) ) ;
#2318 = CARTESIAN_POINT ( 'NONE',  ( 2.307136906901749551, 35.72841110793996222, 8.719548456047663265 ) ) ;
#2319 = CARTESIAN_POINT ( 'NONE',  ( 2.001654643809972711, 34.61034303792969524, 8.794747738112686619 ) ) ;
#2320 = CARTESIAN_POINT ( 'NONE',  ( 2.916666666666666963, 62.18461538461537685, 8.534285381378493796 ) ) ;
#2321 = EDGE_LOOP ( 'NONE', ( #1156, #616, #2602, #4711, #264 ) ) ;
#2322 = CARTESIAN_POINT ( 'NONE',  ( 0.2692307692307692180, 27.14623397435897445, 9.015972363927739153 ) ) ;
#2323 = CARTESIAN_POINT ( 'NONE',  ( 1.570512820512820484, 61.15256410256409225, 8.861912292536235469 ) ) ;
#2324 = LINE ( 'NONE', #373, #1775 ) ;
#2325 = CIRCLE ( 'NONE', #187, 7.000000000000000000 ) ;
#2326 = CARTESIAN_POINT ( 'NONE',  ( 2.473541523378840701, 34.57453222374373070, 8.653290100180621280 ) ) ;
#2327 = CARTESIAN_POINT ( 'NONE',  ( 0.2706552334366308377, 32.50321929366607066, 9.015929511480681668 ) ) ;
#2328 = CARTESIAN_POINT ( 'NONE',  ( 3.230769230769231726, 35.21614583333333570, 8.400126795323675566 ) ) ;
#2329 = AXIS2_PLACEMENT_3D ( 'NONE', #4842, #4056, #1753 ) ;
#2330 = CARTESIAN_POINT ( 'NONE',  ( 1.545410826664515236, 28.73721343462402800, 8.867040499713821688 ) ) ;
#2331 = LINE ( 'NONE', #1219, #1628 ) ;
#2332 = CARTESIAN_POINT ( 'NONE',  ( 0.9822716346153845812, 31.37820512820512775, 8.966236216187787988 ) ) ;
#2333 = ORIENTED_EDGE ( 'NONE', *, *, #1471, .T. ) ;
#2334 = CARTESIAN_POINT ( 'NONE',  ( 3.586078907812658034, 35.28066736611279453, 8.254697955990048186 ) ) ;
#2335 = AXIS2_PLACEMENT_3D ( 'NONE', #4402, #685, #3357 ) ;
#2336 = ORIENTED_EDGE ( 'NONE', *, *, #3703, .T. ) ;
#2337 = CARTESIAN_POINT ( 'NONE',  ( 3.223259380814538666, 35.04923059266133123, 8.423038925806269006 ) ) ;
#2338 = VECTOR ( 'NONE', #970, 1000.000000000000000 ) ;
#2339 = CARTESIAN_POINT ( 'NONE',  ( 0.2692307692307692180, 35.21614583333333570, 8.995972142736960109 ) ) ;
#2340 = DIRECTION ( 'NONE',  ( -0.000000000000000000, 1.000000000000000000, -0.000000000000000000 ) ) ;
#2341 = CARTESIAN_POINT ( 'NONE',  ( 0.7739441505445253666, 31.71772796326256127, 8.986782459952600277 ) ) ;
#2342 = EDGE_CURVE ( 'NONE', #3552, #2103, #3558, .T. ) ;
#2343 = EDGE_LOOP ( 'NONE', ( #1317, #1104, #2643, #3216 ) ) ;
#2344 = CARTESIAN_POINT ( 'NONE',  ( 0.09041860794993161754, 30.51633194848250952, 8.999760149536662368 ) ) ;
#2345 = CARTESIAN_POINT ( 'NONE',  ( 2.307136906901749551, 35.72841110793996222, 8.699547943527468519 ) ) ;
#2346 = CARTESIAN_POINT ( 'NONE',  ( 2.069516741277629190, 26.27072012390422628, 8.760303622529255207 ) ) ;
#2347 = CARTESIAN_POINT ( 'NONE',  ( 2.026070797368706877, 29.05833542982864515, 8.788981532883376246 ) ) ;
#2348 = EDGE_CURVE ( 'NONE', #1468, #2223, #3840, .T. ) ;
#2349 = EDGE_CURVE ( 'NONE', #370, #2448, #1454, .T. ) ;
#2350 = VERTEX_POINT ( 'NONE', #1316 ) ;
#2351 = CARTESIAN_POINT ( 'NONE',  ( 2.220452724358973562, 30.19961939102563875, 8.721788216810059780 ) ) ;
#2352 = CARTESIAN_POINT ( 'NONE',  ( 2.532456170679020069, 30.13569789288390410, 8.662356237361684919 ) ) ;
#2353 = DIRECTION ( 'NONE',  ( 0.000000000000000000, 0.000000000000000000, 1.000000000000000000 ) ) ;
#2354 = CARTESIAN_POINT ( 'NONE',  ( 2.108974358974359031, 35.20352564102564230, 8.769541724797109694 ) ) ;
#2355 = CARTESIAN_POINT ( 'NONE',  ( 0.2711284177331370060, 35.30085465408451739, 8.995787516987794774 ) ) ;
#2356 = CARTESIAN_POINT ( 'NONE',  ( 0.8974358974358976893, 30.66025641025641590, 8.955144265169233009 ) ) ;
#2357 = CARTESIAN_POINT ( 'NONE',  ( 3.223259380814537334, 35.04923059266134544, 8.403038925806272985 ) ) ;
#2358 = FACE_OUTER_BOUND ( 'NONE', #815, .T. ) ;
#2359 = CARTESIAN_POINT ( 'NONE',  ( -0.08974358974358975782, 32.47195512820512420, 9.019552549327103819 ) ) ;
#2360 = ORIENTED_EDGE ( 'NONE', *, *, #3942, .F. ) ;
#2361 = ORIENTED_EDGE ( 'NONE', *, *, #3392, .T. ) ;
#2362 = B_SPLINE_CURVE_WITH_KNOTS ( 'NONE', 3,
 ( #3664, #4779, #2900, #1293, #647, #4314, #3248, #2105, #3965, #573, #2477, #4411 ),
 .UNSPECIFIED., .F., .F.,
 ( 4, 2, 2, 2, 2, 4 ),
 ( 0.000000000000000000, 0.0003215640031134949623, 0.0006431280062269899246, 0.0009646920093404848327, 0.001125474010897232341, 0.001286256012453979849 ),
 .UNSPECIFIED. ) ;
#2363 = CARTESIAN_POINT ( 'NONE',  ( 3.589743589743590313, 35.19861778846154010, 8.253104928443281807 ) ) ;
#2364 = CARTESIAN_POINT ( 'NONE',  ( 3.521222547474712528, 27.57795810955227367, 8.303547853014284996 ) ) ;
#2365 = CARTESIAN_POINT ( 'NONE',  ( 1.047868431888420826, 31.37999725780570159, 8.938895730843507081 ) ) ;
#2366 = CARTESIAN_POINT ( 'NONE',  ( 1.657388231570215087, 32.38399027198149582, 8.866076687781541565 ) ) ;
#2367 = VERTEX_POINT ( 'NONE', #2446 ) ;
#2368 = EDGE_LOOP ( 'NONE', ( #932, #3818, #2314, #2782 ) ) ;
#2369 = ADVANCED_FACE ( 'NONE', ( #2842, #168 ), #4359, .T. ) ;
#2370 = EDGE_CURVE ( 'NONE', #2475, #4519, #2256, .T. ) ;
#2371 = CARTESIAN_POINT ( 'NONE',  ( 3.285762713214893438, 27.91643235291181568, 8.399733686369071251 ) ) ;
#2372 = CARTESIAN_POINT ( 'NONE',  ( 2.761002902556680016, 34.52137766774213645, 8.586454259429872948 ) ) ;
#2373 = ORIENTED_EDGE ( 'NONE', *, *, #2342, .T. ) ;
#2374 = CARTESIAN_POINT ( 'NONE',  ( 2.239047698661332131, 30.13226506804090832, 8.717054180586906398 ) ) ;
#2375 = ADVANCED_FACE ( 'NONE', ( #4335 ), #1708, .T. ) ;
#2376 = CARTESIAN_POINT ( 'NONE',  ( 0.7063881999874284112, 34.06161289176692719, 8.993004161112024164 ) ) ;
#2377 = CARTESIAN_POINT ( 'NONE',  ( 0.2042816016754343544, 27.90747063155845353, 9.018423716570953985 ) ) ;
#2378 = CARTESIAN_POINT ( 'NONE',  ( 0.2857149487412157240, 27.47587178363612992, 8.995217838626750506 ) ) ;
#2379 = CARTESIAN_POINT ( 'NONE',  ( 0.5630859616439183313, 30.52709407680558229, 8.982725912255626000 ) ) ;
#2380 = CARTESIAN_POINT ( 'NONE',  ( 2.016074630022304248, 32.53799972641636629, 8.771286875133839089 ) ) ;
#2381 = CARTESIAN_POINT ( 'NONE',  ( 1.387300436916595325, 29.02070302750252040, 8.913053286062046610 ) ) ;
#2382 = CARTESIAN_POINT ( 'NONE',  ( 0.3921902702689890052, 36.21630199027183039, 9.011450761247626673 ) ) ;
#2383 = CARTESIAN_POINT ( 'NONE',  ( 1.929487179487179294, 29.84415064102564585, 8.790738263888570714 ) ) ;
#2384 = EDGE_LOOP ( 'NONE', ( #1283, #3517, #1749, #1636 ) ) ;
#2385 = DIRECTION ( 'NONE',  ( 0.000000000000000000, 0.000000000000000000, 1.000000000000000000 ) ) ;
#2386 = CARTESIAN_POINT ( 'NONE',  ( 0.5648420444890682734, 26.55154570798834612, 8.982551040889946492 ) ) ;
#2387 = CARTESIAN_POINT ( 'NONE',  ( 1.797891380912078452, 30.49215172344402092, 8.838728382914077031 ) ) ;
#2388 = DIRECTION ( 'NONE',  ( 0.000000000000000000, 0.000000000000000000, 1.000000000000000000 ) ) ;
#2389 = LINE ( 'NONE', #2034, #602 ) ;
#2390 = ORIENTED_EDGE ( 'NONE', *, *, #1407, .F. ) ;
#2391 = VERTEX_POINT ( 'NONE', #4800 ) ;
#2392 = CARTESIAN_POINT ( 'NONE',  ( 0.3757611633875497237, 28.03752602135239158, 8.993803912929951849 ) ) ;
#2393 = CARTESIAN_POINT ( 'NONE',  ( 3.229359947020274291, 35.14808708326290088, 8.400541852085170902 ) ) ;
#2394 = ORIENTED_EDGE ( 'NONE', *, *, #9, .F. ) ;
#2395 = CARTESIAN_POINT ( 'NONE',  ( 0.6166372903807897377, 26.51454438033814753, 8.999173155995261908 ) ) ;
#2396 = CARTESIAN_POINT ( 'NONE',  ( 0.9633413461538461453, 33.21794871794871540, 8.948294443679783328 ) ) ;
#2397 = FACE_OUTER_BOUND ( 'NONE', #1495, .T. ) ;
#2398 = CYLINDRICAL_SURFACE ( 'NONE', #905, 9.000000000000000000 ) ;
#2399 = CARTESIAN_POINT ( 'NONE',  ( 0.2692307692307692180, 32.45512820512820440, 9.015972142736957906 ) ) ;
#2400 = CARTESIAN_POINT ( 'NONE',  ( 3.587507901412249289, 35.27153839989646400, 8.274077356144825757 ) ) ;
#2401 = CARTESIAN_POINT ( 'NONE',  ( 1.750000000000000444, 35.19581330128205110, 8.848221791504791156 ) ) ;
#2402 = CARTESIAN_POINT ( 'NONE',  ( 0.4938832030453583766, 36.28480112633965859, 8.986861422407262268 ) ) ;
#2403 = CARTESIAN_POINT ( 'NONE',  ( 2.019230769230769162, 32.41656650641025550, 8.770559109919487284 ) ) ;
#2404 = VERTEX_POINT ( 'NONE', #600 ) ;
#2405 = CARTESIAN_POINT ( 'NONE',  ( 0.000000000000000000, 65.00000000000000000, 9.019999999999997797 ) ) ;
#2406 = B_SPLINE_CURVE_WITH_KNOTS ( 'NONE', 3,
 ( #1929, #3094, #1998, #2379, #1268, #786, #3535, #2301, #1246, #1612 ),
 .UNSPECIFIED., .F., .F.,
 ( 4, 2, 2, 2, 4 ),
 ( 1.084202172485504434E-19, 0.0002705549076215909470, 0.0005411098152431817855, 0.0008116647228647726241, 0.001082219630486363354 ),
 .UNSPECIFIED. ) ;
#2407 = VECTOR ( 'NONE', #1294, 1000.000000000000000 ) ;
#2408 = CARTESIAN_POINT ( 'NONE',  ( -0.08820324789807554300, 29.73664400810688235, 8.999567909624836659 ) ) ;
#2409 = CARTESIAN_POINT ( 'NONE',  ( 2.578221807323966885, 28.30065516662927294, 8.651241347942608684 ) ) ;
#2410 = CARTESIAN_POINT ( 'NONE',  ( 3.141025641025640081, 30.01101762820512775, 8.454094967595482402 ) ) ;
#2411 = TOROIDAL_SURFACE ( 'NONE', #2167, 8.000000000000000000, 1.000000000000000000 ) ;
#2412 = VECTOR ( 'NONE', #3835, 1000.000000000000000 ) ;
#2413 = CARTESIAN_POINT ( 'NONE',  ( 3.525009043841628831, 26.73281845162275516, 8.281946413771519744 ) ) ;
#2414 = ORIENTED_EDGE ( 'NONE', *, *, #3608, .T. ) ;
#2415 = VECTOR ( 'NONE', #225, 1000.000000000000000 ) ;
#2416 = CARTESIAN_POINT ( 'NONE',  ( 0.8878112088295080362, 33.21594309795566602, 8.956425747876707533 ) ) ;
#2417 = CARTESIAN_POINT ( 'NONE',  ( 3.499999999999999556, 28.82051282051282826, 8.291561975888498637 ) ) ;
#2418 = VERTEX_POINT ( 'NONE', #244 ) ;
#2419 = CARTESIAN_POINT ( 'NONE',  ( 2.916666666666666963, 65.00000000000000000, 8.514285381378494222 ) ) ;
#2420 = CARTESIAN_POINT ( 'NONE',  ( 1.013120993589744057, 34.33974358974359831, 8.962921665785069436 ) ) ;
#2421 = CARTESIAN_POINT ( 'NONE',  ( 0.9278639255197538294, 36.08748138691707652, 8.972197334613511543 ) ) ;
#2422 = CARTESIAN_POINT ( 'NONE',  ( 1.533519562513549372, 32.93404758647587727, 8.868634387291297827 ) ) ;
#2423 = CARTESIAN_POINT ( 'NONE',  ( 1.225441516061609892, 34.03122265379457900, 8.938592096152044419 ) ) ;
#2424 = APPLICATION_PROTOCOL_DEFINITION ( 'international standard', 'config_control_design', 1994, #1437 ) ;
#2425 = DIRECTION ( 'NONE',  ( 0.000000000000000000, 0.000000000000000000, 1.000000000000000000 ) ) ;
#2426 = DIRECTION ( 'NONE',  ( 0.000000000000000000, 0.000000000000000000, 1.000000000000000000 ) ) ;
#2427 = CARTESIAN_POINT ( 'NONE',  ( 1.254714900432398084, 31.40854944544936700, 8.912366593648581414 ) ) ;
#2428 = ORIENTED_EDGE ( 'NONE', *, *, #1204, .T. ) ;
#2429 = FACE_OUTER_BOUND ( 'NONE', #2974, .T. ) ;
#2430 = CARTESIAN_POINT ( 'NONE',  ( 0.4004759955151973583, 28.89959079546787635, 9.011842619970099832 ) ) ;
#2431 = CARTESIAN_POINT ( 'NONE',  ( 2.007571036629647310, 32.62863594299918191, 8.773235835361761659 ) ) ;
#2432 = CARTESIAN_POINT ( 'NONE',  ( 1.010753155195454722, 33.21642059858653795, 8.963190258046063619 ) ) ;
#2433 = EDGE_CURVE ( 'NONE', #881, #335, #2742, .T. ) ;
#2434 = CARTESIAN_POINT ( 'NONE',  ( 2.108974358974359031, 35.20352564102564230, 8.769413473010100546 ) ) ;
#2435 = CARTESIAN_POINT ( 'NONE',  ( 3.525009043841628831, 26.73281845162275516, 8.301946413771524647 ) ) ;
#2436 = ORIENTED_EDGE ( 'NONE', *, *, #4849, .T. ) ;
#2437 = ORIENTED_EDGE ( 'NONE', *, *, #158, .F. ) ;
#2438 = CARTESIAN_POINT ( 'NONE',  ( 0.2715956743892494751, 35.32171244744193928, 8.995901366035468527 ) ) ;
#2439 = CARTESIAN_POINT ( 'NONE',  ( 0.9633413461538461453, 33.21794871794871540, 8.968295152412283144 ) ) ;
#2440 = CARTESIAN_POINT ( 'NONE',  ( 1.750000000000000222, 26.26282051282051455, 8.848221791504787603 ) ) ;
#2441 = VERTEX_POINT ( 'NONE', #2966 ) ;
#2442 = DIRECTION ( 'NONE',  ( 0.000000000000000000, 0.000000000000000000, -1.000000000000000000 ) ) ;
#2443 = CARTESIAN_POINT ( 'NONE',  ( -0.08669968951288152537, 26.94736310521713918, 9.019582903117695949 ) ) ;
#2444 = LINE ( 'NONE', #4729, #904 ) ;
#2445 = CARTESIAN_POINT ( 'NONE',  ( 1.436051082982152227, 28.01201834564157522, 8.890194263940191632 ) ) ;
#2446 = CARTESIAN_POINT ( 'NONE',  ( 1.570512820512820484, 61.15256410256409225, 8.881912292536235043 ) ) ;
#2447 = CARTESIAN_POINT ( 'NONE',  ( 2.794304987820348085, 36.21985576006853336, 8.575901039344184795 ) ) ;
#2448 = VERTEX_POINT ( 'NONE', #4427 ) ;
#2449 = CARTESIAN_POINT ( 'NONE',  ( 1.737795949179945509, 35.03636275654583443, 8.830631879816946750 ) ) ;
#2450 = CARTESIAN_POINT ( 'NONE',  ( 2.986004449249942461, 35.80699952066657943, 8.510535565741925268 ) ) ;
#2451 = CARTESIAN_POINT ( 'NONE',  ( 0.1799105353545161490, 29.09647252518341176, 9.018802518190819129 ) ) ;
#2452 = ORIENTED_EDGE ( 'NONE', *, *, #1766, .F. ) ;
#2453 = CARTESIAN_POINT ( 'NONE',  ( 1.166666666666667407, 1.334615384615392308, 8.924062353485036070 ) ) ;
#2454 = EDGE_CURVE ( 'NONE', #1891, #3727, #4000, .T. ) ;
#2455 = FACE_OUTER_BOUND ( 'NONE', #937, .T. ) ;
#2456 = CARTESIAN_POINT ( 'NONE',  ( 2.691606570512819818, 36.22435897435897090, 8.588087916968024871 ) ) ;
#2457 = CARTESIAN_POINT ( 'NONE',  ( 0.000000000000000000, 65.00000000000000000, -9.000000000000000000 ) ) ;
#2458 = DIRECTION ( 'NONE',  ( 0.000000000000000000, 0.000000000000000000, -1.000000000000000000 ) ) ;
#2459 = CARTESIAN_POINT ( 'NONE',  ( 3.589743589743590313, 27.15675080128205110, 8.253104928443281807 ) ) ;
#2460 = ORIENTED_EDGE ( 'NONE', *, *, #4310, .F. ) ;
#2461 = EDGE_LOOP ( 'NONE', ( #427, #4733, #157, #290 ) ) ;
#2462 = ADVANCED_FACE ( 'NONE', ( #368 ), #4876, .T. ) ;
#2463 = B_SPLINE_CURVE_WITH_KNOTS ( 'NONE', 3,
 ( #2383, #3516, #1691, #4340, #549, #2051 ),
 .UNSPECIFIED., .F., .F.,
 ( 4, 2, 4 ),
 ( 0.000000000000000000, 0.0003984515255604460446, 0.0007969030511208920892 ),
 .UNSPECIFIED. ) ;
#2464 = CARTESIAN_POINT ( 'NONE',  ( 1.570512820512820484, 62.18461538461537685, 8.861912292536235469 ) ) ;
#2465 = CARTESIAN_POINT ( 'NONE',  ( 0.3697454268513702957, 32.85426302434338908, 9.012402407907337931 ) ) ;
#2466 = CARTESIAN_POINT ( 'NONE',  ( 2.064051367645800106, 30.55096733976678181, 8.761451933748414689 ) ) ;
#2467 = ORIENTED_EDGE ( 'NONE', *, *, #3102, .F. ) ;
#2468 = CC_DESIGN_DATE_AND_TIME_ASSIGNMENT ( #1112, #2524, ( #2591 ) ) ;
#2469 = CARTESIAN_POINT ( 'NONE',  ( 0.6924915812713741126, 26.47326035905250308, 8.973319085482438950 ) ) ;
#2470 = CARTESIAN_POINT ( 'NONE',  ( -1.848590115076202689E-13, 35.74644949469289656, 9.000000000000000000 ) ) ;
#2471 = CARTESIAN_POINT ( 'NONE',  ( 3.126206200148406555, 35.64014659342111457, 8.459741099309475487 ) ) ;
#2472 = CYLINDRICAL_SURFACE ( 'NONE', #2797, 9.000000000000000000 ) ;
#2473 = CARTESIAN_POINT ( 'NONE',  ( 0.000000000000000000, 0.2000000000000000111, 0.000000000000000000 ) ) ;
#2474 =( NAMED_UNIT ( * ) SI_UNIT ( $, .STERADIAN. ) SOLID_ANGLE_UNIT ( ) );
#2475 = VERTEX_POINT ( 'NONE', #710 ) ;
#2476 = LINE ( 'NONE', #3989, #2415 ) ;
#2477 = CARTESIAN_POINT ( 'NONE',  ( 1.928276561124318222, 29.78995204933111651, 8.791003983619983586 ) ) ;
#2478 = CARTESIAN_POINT ( 'NONE',  ( 0.5400854190957540268, 28.81762189648510386, 8.984833650598947230 ) ) ;
#2479 = ORIENTED_EDGE ( 'NONE', *, *, #4437, .F. ) ;
#2480 = CARTESIAN_POINT ( 'NONE',  ( 8.572527594031473190E-16, 64.79999999999999716, -7.000000000000000000 ) ) ;
#2481 = CARTESIAN_POINT ( 'NONE',  ( 0.8321024568130667154, 28.71097933432796623, 8.982639302795600855 ) ) ;
#2482 = CARTESIAN_POINT ( 'NONE',  ( 1.116539796103483084, 34.34705347685483190, 8.950615534411477725 ) ) ;
#2483 = CARTESIAN_POINT ( 'NONE',  ( 2.001654643809972711, 34.61034303792969524, 8.794747738112686619 ) ) ;
#2484 = CARTESIAN_POINT ( 'NONE',  ( 2.686698717948718063, 35.91025641025641590, 8.609624555181252248 ) ) ;
#2485 = VECTOR ( 'NONE', #3648, 1000.000000000000000 ) ;
#2486 = AXIS2_PLACEMENT_3D ( 'NONE', #938, #4698, #2442 ) ;
#2487 = ORIENTED_EDGE ( 'NONE', *, *, #1076, .F. ) ;
#2488 = B_SPLINE_CURVE_WITH_KNOTS ( 'NONE', 3,
 ( #2965, #243, #3708, #4059, #3659, #4773, #1408, #1431, #2936, #1458, #992, #1087, #2595, #4109, #4426, #4875 ),
 .UNSPECIFIED., .F., .F.,
 ( 4, 3, 3, 3, 3, 4 ),
 ( 0.000000000000000000, 0.2371758149729492615, 0.4368306437963351829, 0.6364724696681470784, 0.8416874558979912102, 1.000000000000000000 ),
 .UNSPECIFIED. ) ;
#2489 = B_SPLINE_CURVE_WITH_KNOTS ( 'NONE', 3,
 ( #4369, #976, #2482, #4416, #3625, #4716, #232, #1395, #1745, #3255, #4026, #4761, #2926, #2158 ),
 .UNSPECIFIED., .F., .F.,
 ( 4, 2, 2, 2, 2, 2, 4 ),
 ( 1.734723475976806902E-18, 0.0001556130551786499817, 0.0003112261103572982286, 0.0006224522207146052392, 0.0009336783310719122498, 0.001089291386250566080, 0.001244904441429219803 ),
 .UNSPECIFIED. ) ;
#2490 = AXIS2_PLACEMENT_3D ( 'NONE', #4635, #3071, #398 ) ;
#2491 = DIRECTION ( 'NONE',  ( 0.000000000000000000, -1.000000000000000000, 0.000000000000000000 ) ) ;
#2492 = CARTESIAN_POINT ( 'NONE',  ( 0.2958627161718365706, 32.69120705416778350, 9.015148184818718491 ) ) ;
#2493 = EDGE_CURVE ( 'NONE', #1673, #3194, #1327, .T. ) ;
#2494 = EDGE_CURVE ( 'NONE', #4421, #2041, #1161, .T. ) ;
#2495 = CARTESIAN_POINT ( 'NONE',  ( 3.230769230769231282, 27.14623397435897445, 8.420126795323675140 ) ) ;
#2496 = CIRCLE ( 'NONE', #3598, 7.000000000000000000 ) ;
#2497 = VERTEX_POINT ( 'NONE', #2320 ) ;
#2498 = CARTESIAN_POINT ( 'NONE',  ( 0.7493248241185226366, 26.44232862427670128, 8.988933355183798213 ) ) ;
#2499 = CARTESIAN_POINT ( 'NONE',  ( 0.5839477515046885836, 34.48496738010275209, 9.001477090573963835 ) ) ;
#2500 = DIRECTION ( 'NONE',  ( 0.000000000000000000, 0.000000000000000000, 1.000000000000000000 ) ) ;
#2501 = EDGE_CURVE ( 'NONE', #3852, #4484, #1941, .T. ) ;
#2502 = CARTESIAN_POINT ( 'NONE',  ( 0.3228347986938351899, 30.75569768494950296, 9.014699605186605069 ) ) ;
#2503 = CARTESIAN_POINT ( 'NONE',  ( 2.916666666666666963, 62.18461538461537685, 8.514285381378494222 ) ) ;
#2504 = ORIENTED_EDGE ( 'NONE', *, *, #2454, .F. ) ;
#2505 = CARTESIAN_POINT ( 'NONE',  ( 1.166261552661029821, 34.35294749237086620, 8.924397780748831721 ) ) ;
#2506 = DIRECTION ( 'NONE',  ( -0.000000000000000000, -1.000000000000000000, -0.000000000000000000 ) ) ;
#2507 = CARTESIAN_POINT ( 'NONE',  ( 1.892132484796540615, 31.88867610589484514, 8.799018188966940102 ) ) ;
#2508 = VERTEX_POINT ( 'NONE', #3141 ) ;
#2509 = ADVANCED_FACE ( 'NONE', ( #4258 ), #1879, .F. ) ;
#2510 = CARTESIAN_POINT ( 'NONE',  ( 2.834122499212245572, 27.81894183983702362, 8.543263692253189490 ) ) ;
#2511 = PLANE ( 'NONE',  #3920 ) ;
#2512 = CARTESIAN_POINT ( 'NONE',  ( 1.748597756410257054, 25.94871794871794890, 8.848499639592052546 ) ) ;
#2513 = CARTESIAN_POINT ( 'NONE',  ( 1.884615384615384803, 65.00000000000000000, 8.820467308732586886 ) ) ;
#2514 = CARTESIAN_POINT ( 'NONE',  ( 2.916666666666666963, 62.49871794871794606, 8.514285381378494222 ) ) ;
#2515 = B_SPLINE_SURFACE_WITH_KNOTS ( 'NONE', 3, 1, ( 
 ( #4230, #1110 ),
 ( #3856, #3087 ),
 ( #388, #4501 ),
 ( #3035, #1510 ),
 ( #4599, #412 ),
 ( #1898, #2640 ),
 ( #4159, #439 ),
 ( #1182, #1134 ),
 ( #3757, #2319 ),
 ( #3405, #4134 ) ),
 .UNSPECIFIED., .F., .F., .F.,
 ( 4, 3, 3, 4 ),
 ( 2, 2 ),
 ( 0.000000000000000000, 0.3571624572638976147, 0.6675529942907778569, 1.000000000000000000 ),
 ( 0.000000000000000000, 1.000000000000000000 ),
 .UNSPECIFIED. ) ;
#2516 = CARTESIAN_POINT ( 'NONE',  ( 1.110433690781075899, 26.32316864767884468, 8.952096793080485782 ) ) ;
#2517 = CARTESIAN_POINT ( 'NONE',  ( 3.587507901412249289, 35.27153839989646400, 8.274077356144825757 ) ) ;
#2518 = ORIENTED_EDGE ( 'NONE', *, *, #313, .T. ) ;
#2519 = CARTESIAN_POINT ( 'NONE',  ( 1.797891380912078452, 30.49215172344402092, 8.838728382914077031 ) ) ;
#2520 = DIRECTION ( 'NONE',  ( 0.000000000000000000, 0.000000000000000000, 1.000000000000000000 ) ) ;
#2521 = CARTESIAN_POINT ( 'NONE',  ( 3.222067565874030315, 27.31227096883138117, 8.423473538996105958 ) ) ;
#2522 = CARTESIAN_POINT ( 'NONE',  ( 0.9801682692307693845, 36.08974358974359831, 8.966466909567886390 ) ) ;
#2523 = CARTESIAN_POINT ( 'NONE',  ( 0.4938832030453583766, 36.28480112633965859, 9.007015105662217636 ) ) ;
#2524 = DATE_TIME_ROLE ( 'creation_date' ) ;
#2525 = VERTEX_POINT ( 'NONE', #3036 ) ;
#2526 = EDGE_CURVE ( 'NONE', #2847, #1602, #752, .T. ) ;
#2527 = CARTESIAN_POINT ( 'NONE',  ( 1.234850432515576246, 36.04462244136410476, 8.915000290873519972 ) ) ;
#2528 = CARTESIAN_POINT ( 'NONE',  ( 1.750000000000000000, 30.61538461538461675, 8.828221791504786253 ) ) ;
#2529 = DIRECTION ( 'NONE',  ( 0.000000000000000000, 1.000000000000000000, 0.000000000000000000 ) ) ;
#2530 = ORIENTED_EDGE ( 'NONE', *, *, #4887, .T. ) ;
#2531 = CARTESIAN_POINT ( 'NONE',  ( 2.321318188070390587, 35.74256837781349105, 8.715650313224497125 ) ) ;
#2532 = CARTESIAN_POINT ( 'NONE',  ( 0.2692307692307692180, 32.45512820512820440, 8.995847983194581232 ) ) ;
#2533 = CARTESIAN_POINT ( 'NONE',  ( 2.316219703263263430, 36.12620866897993466, 8.697100899583380951 ) ) ;
#2534 = DIRECTION ( 'NONE',  ( 0.000000000000000000, 0.000000000000000000, 1.000000000000000000 ) ) ;
#2535 = DIRECTION ( 'NONE',  ( 0.000000000000000000, 0.000000000000000000, -1.000000000000000000 ) ) ;
#2536 = ORIENTED_EDGE ( 'NONE', *, *, #1676, .T. ) ;
#2537 = CARTESIAN_POINT ( 'NONE',  ( 0.2810663174769969519, 35.42800932591283924, 8.995652142807047724 ) ) ;
#2538 = CARTESIAN_POINT ( 'NONE',  ( 3.583494377508217976, 35.34501215129139950, 8.255833934135093699 ) ) ;
#2539 = ORIENTED_EDGE ( 'NONE', *, *, #3009, .F. ) ;
#2540 = CARTESIAN_POINT ( 'NONE',  ( -1.187209849201099898E-13, 32.90830916099484682, 8.999999999999998224 ) ) ;
#2541 = CARTESIAN_POINT ( 'NONE',  ( 0.4167727083654074738, 30.81245786973804002, 8.990204833740625290 ) ) ;
#2542 = CARTESIAN_POINT ( 'NONE',  ( 3.588457099425738761, 35.16580135269787633, 8.253664443872260392 ) ) ;
#2543 = CARTESIAN_POINT ( 'NONE',  ( 0.2706552334366308377, 32.50321929366607066, 8.995929511480685647 ) ) ;
#2544 = DIRECTION ( 'NONE',  ( -1.000000000000000000, 0.000000000000000000, 0.000000000000000000 ) ) ;
#2545 = PERSON_AND_ORGANIZATION ( #2266, #2959 ) ;
#2546 = ORIENTED_EDGE ( 'NONE', *, *, #1596, .T. ) ;
#2547 = B_SPLINE_SURFACE_WITH_KNOTS ( 'NONE', 3, 1, ( 
 ( #4654, #1165 ),
 ( #2669, #4184 ),
 ( #2298, #1658 ),
 ( #1709, #3265 ),
 ( #4356, #2122 ),
 ( #3634, #3241 ),
 ( #1337, #2839 ),
 ( #1754, #988 ),
 ( #4749, #2499 ),
 ( #2812, #2068 ),
 ( #4304, #939 ),
 ( #2020, #1360 ),
 ( #3218, #4332 ),
 ( #2892, #913 ),
 ( #4728, #568 ),
 ( #3983, #2420 ) ),
 .UNSPECIFIED., .F., .F., .F.,
 ( 4, 3, 3, 3, 3, 4 ),
 ( 2, 2 ),
 ( 0.000000000000000000, 0.2965895890652049949, 0.5041777971748092613, 0.7102756553767159975, 0.8854472421647746616, 1.000000000000000000 ),
 ( 0.000000000000000000, 1.000000000000000000 ),
 .UNSPECIFIED. ) ;
#2548 = CARTESIAN_POINT ( 'NONE',  ( 1.698097232859764771, 35.52926660933918157, 8.838225904009096467 ) ) ;
#2549 = CARTESIAN_POINT ( 'NONE',  ( 0.5258680874643620884, 34.53311538199965014, 9.004886842477947795 ) ) ;
#2550 = CARTESIAN_POINT ( 'NONE',  ( -0.06684929543294636234, 32.73537384950411422, 8.999729036229448198 ) ) ;
#2551 = VERTEX_POINT ( 'NONE', #1922 ) ;
#2552 = CARTESIAN_POINT ( 'NONE',  ( 0.6693217613127329102, 27.82219953564636228, 8.976327152139035093 ) ) ;
#2553 = CARTESIAN_POINT ( 'NONE',  ( 1.831710255297043011, 29.39638431415240305, 8.831630810501557960 ) ) ;
#2554 = EDGE_CURVE ( 'NONE', #1331, #856, #3889, .T. ) ;
#2555 = CARTESIAN_POINT ( 'NONE',  ( 0.3046755603252709332, 31.60472474204425453, 8.995264483143571965 ) ) ;
#2556 = CARTESIAN_POINT ( 'NONE',  ( 0.2712884434414248869, 35.10885307771187058, 8.995910560819879720 ) ) ;
#2557 = CARTESIAN_POINT ( 'NONE',  ( 1.990359724945228503, 32.74904009397694438, 8.797157410624476981 ) ) ;
#2558 = CARTESIAN_POINT ( 'NONE',  ( 1.103792330734928884, 36.40118485603312593, 8.932647645589344876 ) ) ;
#2559 = EDGE_CURVE ( 'NONE', #771, #349, #4787, .T. ) ;
#2560 = ORIENTED_EDGE ( 'NONE', *, *, #3429, .F. ) ;
#2561 = CARTESIAN_POINT ( 'NONE',  ( 3.108858926904289444, 34.32383138342518691, 8.466004746185756602 ) ) ;
#2562 = VERTEX_POINT ( 'NONE', #1729 ) ;
#2563 = TOROIDAL_SURFACE ( 'NONE', #4864, 8.000000000000000000, 1.000000000000000000 ) ;
#2564 = VECTOR ( 'NONE', #2617, 1000.000000000000000 ) ;
#2565 = CARTESIAN_POINT ( 'NONE',  ( 1.599027191336564346, 32.80544988067638457, 8.876952319011946813 ) ) ;
#2566 = CARTESIAN_POINT ( 'NONE',  ( 3.500000000000000000, 65.00000000000000000, 8.291561975888500413 ) ) ;
#2567 = LINE ( 'NONE', #3312, #3507 ) ;
#2568 = CIRCLE ( 'NONE', #1704, 8.000000000000000000 ) ;
#2569 = CARTESIAN_POINT ( 'NONE',  ( 0.3000341523221561890, 32.69286061006448563, 8.995011769325923723 ) ) ;
#2570 = CARTESIAN_POINT ( 'NONE',  ( 2.164118104202571224, 25.96866416289219259, 8.735976893082694872 ) ) ;
#2571 = ORIENTED_EDGE ( 'NONE', *, *, #4072, .T. ) ;
#2572 = VECTOR ( 'NONE', #3822, 1000.000000000000000 ) ;
#2573 = CARTESIAN_POINT ( 'NONE',  ( 1.527283769063295660, 35.82266605297451179, 8.889593719280462381 ) ) ;
#2574 = CARTESIAN_POINT ( 'NONE',  ( 3.399739583333333925, 31.85426682692307665, 8.333172911053543075 ) ) ;
#2575 = CARTESIAN_POINT ( 'NONE',  ( 0.02577963375254334333, 32.98054580963150784, 9.020083123110936185 ) ) ;
#2576 = VERTEX_POINT ( 'NONE', #3238 ) ;
#2577 = CARTESIAN_POINT ( 'NONE',  ( 3.141025641025640081, 38.55769230769233502, 8.434094967595488157 ) ) ;
#2578 = CARTESIAN_POINT ( 'NONE',  ( 1.481856304889680676, 34.53615337106752037, 8.877420055622090800 ) ) ;
#2579 = EDGE_CURVE ( 'NONE', #1602, #425, #390, .T. ) ;
#2580 = ADVANCED_FACE ( 'NONE', ( #589 ), #1357, .F. ) ;
#2581 = CARTESIAN_POINT ( 'NONE',  ( 2.808337467895493766, 32.24101007820785014, 8.550731745746091406 ) ) ;
#2582 = DIRECTION ( 'NONE',  ( -0.000000000000000000, -1.000000000000000000, -0.000000000000000000 ) ) ;
#2583 = CARTESIAN_POINT ( 'NONE',  ( 2.017654780922064628, 32.47723456985231394, 8.790921947002619419 ) ) ;
#2584 = CARTESIAN_POINT ( 'NONE',  ( 2.771893836962888713, 32.63109525235458364, 8.562527807743448349 ) ) ;
#2585 = VERTEX_POINT ( 'NONE', #2809 ) ;
#2586 = CARTESIAN_POINT ( 'NONE',  ( 2.185311375249036292, 28.31080524227127171, 8.730701774799795700 ) ) ;
#2587 = CARTESIAN_POINT ( 'NONE',  ( 2.681790865384614975, 34.20512820512820440, 8.591158114849219984 ) ) ;
#2588 = VERTEX_POINT ( 'NONE', #983 ) ;
#2589 = B_SPLINE_SURFACE_WITH_KNOTS ( 'NONE', 3, 1, ( 
 ( #3912, #4581 ),
 ( #521, #447 ),
 ( #1189, #2694 ),
 ( #2023, #1686 ),
 ( #942, #2423 ),
 ( #2147, #2125 ) ),
 .UNSPECIFIED., .F., .F., .F.,
 ( 4, 2, 4 ),
 ( 2, 2 ),
 ( 0.000000000000000000, 0.5000000000000000000, 1.000000000000000000 ),
 ( 0.000000000000000000, 1.000000000000000000 ),
 .UNSPECIFIED. ) ;
#2590 = B_SPLINE_CURVE_WITH_KNOTS ( 'NONE', 3,
 ( #1301, #109, #2803, #4323, #2083, #4719, #929, #2012, #3947, #557, #3524, #954 ),
 .UNSPECIFIED., .F., .F.,
 ( 4, 2, 2, 2, 2, 4 ),
 ( 0.000000000000000000, 0.0003469075269897090095, 0.0006938150539794180191, 0.001040722580969126974, 0.001214176344463981615, 0.001387630107958836689 ),
 .UNSPECIFIED. ) ;
#2591 = PRODUCT_DEFINITION ( 'UNKNOWN', '', #3752, #1028 ) ;
#2592 = CARTESIAN_POINT ( 'NONE',  ( 1.287252410693180193, 33.14066221106868682, 8.907323196121515352 ) ) ;
#2593 = CARTESIAN_POINT ( 'NONE',  ( 0.1824000479912686878, 27.85987154192799409, 8.998306258968115756 ) ) ;
#2594 = CARTESIAN_POINT ( 'NONE',  ( 2.255769796525969983, 30.06447070588404102, 8.712724290133975202 ) ) ;
#2595 = CARTESIAN_POINT ( 'NONE',  ( -0.05855875834171427041, 32.20267283204041320, 9.019809490862652268 ) ) ;
#2596 = CARTESIAN_POINT ( 'NONE',  ( 0.1165993107176991200, 34.47024244689943373, 9.019443865752297285 ) ) ;
#2597 = APPROVAL_DATE_TIME ( #2175, #50 ) ;
#2598 = ORIENTED_EDGE ( 'NONE', *, *, #3183, .T. ) ;
#2599 = CARTESIAN_POINT ( 'NONE',  ( 0.9633413461538461453, 31.69230769230769340, 8.948294443679785104 ) ) ;
#2600 = LINE ( 'NONE', #761, #2724 ) ;
#2601 = CARTESIAN_POINT ( 'NONE',  ( 0.6738807648714147946, 33.49684586945368636, 8.995453399180972198 ) ) ;
#2602 = ORIENTED_EDGE ( 'NONE', *, *, #4102, .F. ) ;
#2603 = LINE ( 'NONE', #2577, #1472 ) ;
#2604 = DIRECTION ( 'NONE',  ( -0.5473879298857798892, -0.8368789961609507388, 0.000000000000000000 ) ) ;
#2605 = FACE_BOUND ( 'NONE', #3287, .T. ) ;
#2606 = CARTESIAN_POINT ( 'NONE',  ( 1.436076516664352321, 31.89499863873126273, 8.884873745368802034 ) ) ;
#2607 = CARTESIAN_POINT ( 'NONE',  ( 1.102182119232617714E-15, 1.200000000000006617, 9.000000000000000000 ) ) ;
#2608 = CARTESIAN_POINT ( 'NONE',  ( 3.221866967431195050, 26.97840296022688378, 8.423775699983432119 ) ) ;
#2609 = VERTEX_POINT ( 'NONE', #2417 ) ;
#2610 = EDGE_CURVE ( 'NONE', #1462, #638, #37, .T. ) ;
#2611 = CARTESIAN_POINT ( 'NONE',  ( 1.970684941856982064, 28.32292601526939890, 8.781663329772577242 ) ) ;
#2612 = CARTESIAN_POINT ( 'NONE',  ( 3.458341080049418537, 35.73107821498899739, 8.309023827986205646 ) ) ;
#2613 = ORIENTED_EDGE ( 'NONE', *, *, #3956, .T. ) ;
#2614 = CARTESIAN_POINT ( 'NONE',  ( 1.992588141025639858, 33.14082532051281760, 8.796650414608295776 ) ) ;
#2615 = CARTESIAN_POINT ( 'NONE',  ( 0.5223538904282004625, 30.87625327912098783, 9.005450336818544343 ) ) ;
#2616 = CARTESIAN_POINT ( 'NONE',  ( 2.161743746669777977, 35.50115232119597408, 8.736626980566514433 ) ) ;
#2617 = DIRECTION ( 'NONE',  ( 0.000000000000000000, 0.000000000000000000, 1.000000000000000000 ) ) ;
#2618 = CARTESIAN_POINT ( 'NONE',  ( 1.931400042252854554, 25.95333913764470424, 8.790328670239421882 ) ) ;
#2619 = APPROVAL_ROLE ( '' ) ;
#2620 = EDGE_CURVE ( 'NONE', #2077, #4204, #3494, .T. ) ;
#2621 = ORIENTED_EDGE ( 'NONE', *, *, #3862, .F. ) ;
#2622 = CARTESIAN_POINT ( 'NONE',  ( 1.016867905400337779, 36.08848991219036861, 8.962575131330464018 ) ) ;
#2623 = CARTESIAN_POINT ( 'NONE',  ( 1.750000000000000222, 28.01282051282051100, 8.848221791504789380 ) ) ;
#2624 = CARTESIAN_POINT ( 'NONE',  ( 0.02577963375254334333, 32.98054580963150784, 8.999942132556043362 ) ) ;
#2625 = ORIENTED_EDGE ( 'NONE', *, *, #2315, .F. ) ;
#2626 = CARTESIAN_POINT ( 'NONE',  ( 0.8225258148676616310, 36.07469597042592113, 8.962507315910826833 ) ) ;
#2627 = CARTESIAN_POINT ( 'NONE',  ( 1.387300436916595325, 29.02070302750252040, 8.913053286062053715 ) ) ;
#2628 = CARTESIAN_POINT ( 'NONE',  ( 1.102182119232617714E-15, 65.00000000000000000, 9.000000000000000000 ) ) ;
#2629 = CARTESIAN_POINT ( 'NONE',  ( 1.115162107248185874, 31.70389048642972796, 8.950925160123054170 ) ) ;
#2630 = CARTESIAN_POINT ( 'NONE',  ( 0.8993162690851095320, 29.02790283239038516, 8.975490756344308707 ) ) ;
#2631 = CARTESIAN_POINT ( 'NONE',  ( 1.103792330734928884, 36.40118485603312593, 8.952781909965951357 ) ) ;
#2632 = B_SPLINE_SURFACE_WITH_KNOTS ( 'NONE', 3, 1, ( 
 ( #4420, #1399 ),
 ( #704, #2886 ),
 ( #2214, #1841 ),
 ( #337, #3750 ),
 ( #1481, #2984 ),
 ( #4495, #1103 ),
 ( #726, #1796 ),
 ( #2237, #4080 ),
 ( #1011, #4815 ),
 ( #2612, #1452 ),
 ( #4793, #1425 ),
 ( #362, #289 ),
 ( #1058, #2957 ),
 ( #2538, #4768 ),
 ( #4031, #2517 ),
 ( #636, #3652 ) ),
 .UNSPECIFIED., .F., .F., .F.,
 ( 4, 3, 3, 3, 3, 4 ),
 ( 2, 2 ),
 ( 0.000000000000000000, 0.2095784224146323149, 0.4180435457777043617, 0.6415430471045711069, 0.8594814792447160734, 1.000000000000000000 ),
 ( 0.000000000000000000, 1.000000000000000000 ),
 .UNSPECIFIED. ) ;
#2633 = VERTEX_POINT ( 'NONE', #2859 ) ;
#2634 = CARTESIAN_POINT ( 'NONE',  ( 2.464418879649205696, 28.27548268161503131, 8.656056136282916924 ) ) ;
#2635 = CARTESIAN_POINT ( 'NONE',  ( 1.532854801140593137, 32.01425052749556954, 8.888728396304777846 ) ) ;
#2636 = ORIENTED_EDGE ( 'NONE', *, *, #4857, .F. ) ;
#2637 = B_SPLINE_CURVE_WITH_KNOTS ( 'NONE', 3,
 ( #1619, #501, #3419, #1274, #1548, #3871, #4247, #2701, #816, #1594, #2005, #2776, #3054, #2308, #3819, #4589, #1912, #130, #426, #4564, #1253, #2334, #3101, #3845, #1936, #4293, #3444 ),
 .UNSPECIFIED., .F., .F.,
 ( 4, 1, 2, 2, 2, 2, 2, 2, 2, 2, 2, 2, 2, 4 ),
 ( 0.000000000000000000, 0.06249999999999814038, 0.09374999999999759914, 0.1249999999999970579, 0.2499999999999910072, 0.4999999999999845679, 0.7499999999999781286, 0.8124999999999796829, 0.8749999999999812372, 0.9062499999999822364, 0.9374999999999832356, 0.9531249999999836797, 0.9687499999999840128, 1.000000000000000000 ),
 .UNSPECIFIED. ) ;
#2638 = CARTESIAN_POINT ( 'NONE',  ( -7.702917622330608861E-15, 30.34932131614368700, 9.000000000000005329 ) ) ;
#2639 = CARTESIAN_POINT ( 'NONE',  ( 2.375443262977077197, 35.78750137835636025, 8.680856484493732594 ) ) ;
#2640 = CARTESIAN_POINT ( 'NONE',  ( 2.198043156763089812, 34.37359111414683355, 8.747729911234404909 ) ) ;
#2641 = CARTESIAN_POINT ( 'NONE',  ( 1.855600162534779329, 25.95058110228138304, 8.806772628459494712 ) ) ;
#2642 = VECTOR ( 'NONE', #1521, 1000.000000000000000 ) ;
#2643 = ORIENTED_EDGE ( 'NONE', *, *, #864, .F. ) ;
#2644 = EDGE_CURVE ( 'NONE', #2404, #956, #3356, .T. ) ;
#2645 = CARTESIAN_POINT ( 'NONE',  ( 0.8880817262313057681, 34.03107423459717751, 8.956191619277348082 ) ) ;
#2646 = B_SPLINE_CURVE_WITH_KNOTS ( 'NONE', 3,
 ( #3689, #693, #347, #4456, #4432, #2549, #3787, #2201, #3296, #301, #3387, #3716 ),
 .UNSPECIFIED., .F., .F.,
 ( 4, 2, 2, 2, 2, 4 ),
 ( 0.000000000000000000, 0.0003190247306690904990, 0.0006380494613381809980, 0.0009570741920072712260, 0.001116586557341816286, 0.001276098922676361129 ),
 .UNSPECIFIED. ) ;
#2647 = AXIS2_PLACEMENT_3D ( 'NONE', #1484, #3728, #4770 ) ;
#2648 = CARTESIAN_POINT ( 'NONE',  ( 0.000000000000000000, 37.70512820512822572, 0.02000000000000000042 ) ) ;
#2649 = CARTESIAN_POINT ( 'NONE',  ( 0.9759615384615387690, 33.53205128205127750, 8.946785804464939318 ) ) ;
#2650 = CARTESIAN_POINT ( 'NONE',  ( 2.155915401596922187, 34.93965037678560748, 8.737839828873905645 ) ) ;
#2651 = DIRECTION ( 'NONE',  ( -1.000000000000000000, 0.000000000000000000, 0.000000000000000000 ) ) ;
#2652 = CARTESIAN_POINT ( 'NONE',  ( 1.995143257457020924, 32.71903122448933487, 8.796071036533449572 ) ) ;
#2653 = VECTOR ( 'NONE', #3572, 1000.000000000000000 ) ;
#2654 = CARTESIAN_POINT ( 'NONE',  ( 0.4760524412523327031, 31.91139571724263391, 9.007532409841598309 ) ) ;
#2655 = DIRECTION ( 'NONE',  ( 0.000000000000000000, 0.000000000000000000, -1.000000000000000000 ) ) ;
#2656 = DIRECTION ( 'NONE',  ( 0.000000000000000000, 1.000000000000000000, 0.000000000000000000 ) ) ;
#2657 = ORIENTED_EDGE ( 'NONE', *, *, #1444, .T. ) ;
#2658 = CARTESIAN_POINT ( 'NONE',  ( 2.827475611629028496, 26.47587826868061356, 8.565935326239571879 ) ) ;
#2659 = ORIENTED_EDGE ( 'NONE', *, *, #1944, .T. ) ;
#2660 = CARTESIAN_POINT ( 'NONE',  ( 2.634296653475296957, 28.23840568966688380, 8.605878379867419881 ) ) ;
#2661 = CARTESIAN_POINT ( 'NONE',  ( 1.201501011645230932, 31.73484127209473016, 8.939546801292303613 ) ) ;
#2662 = ORIENTED_EDGE ( 'NONE', *, *, #2279, .T. ) ;
#2663 = DIRECTION ( 'NONE',  ( -0.000000000000000000, -1.000000000000000000, -0.000000000000000000 ) ) ;
#2664 = CARTESIAN_POINT ( 'NONE',  ( 2.246641456293664074, 35.65650076259439771, 8.735197189908122439 ) ) ;
#2665 = DIRECTION ( 'NONE',  ( 0.000000000000000000, 1.000000000000000000, 0.000000000000000000 ) ) ;
#2666 = CARTESIAN_POINT ( 'NONE',  ( 3.150480302022569123, 34.82442994692233640, 8.450702170410187009 ) ) ;
#2667 = ORIENTED_EDGE ( 'NONE', *, *, #4461, .T. ) ;
#2668 = CARTESIAN_POINT ( 'NONE',  ( 1.743144773075561371, 34.34683118774044175, 8.831060684795463800 ) ) ;
#2669 = CARTESIAN_POINT ( 'NONE',  ( 0.2716451717834315049, 35.09025228725437273, 8.995771901605092324 ) ) ;
#2670 = LINE ( 'NONE', #18, #2718 ) ;
#2671 = CARTESIAN_POINT ( 'NONE',  ( 2.220452724358972674, 30.19961939102563520, 8.721788216810059780 ) ) ;
#2672 = CARTESIAN_POINT ( 'NONE',  ( 0.3477775886713631581, 35.65865592618290947, 9.013538052168053483 ) ) ;
#2673 = CARTESIAN_POINT ( 'NONE',  ( 1.999443931675845443, 32.68894846579949132, 8.795091108591671869 ) ) ;
#2674 = DIRECTION ( 'NONE',  ( 0.000000000000000000, -0.000000000000000000, 1.000000000000000000 ) ) ;
#2675 = CARTESIAN_POINT ( 'NONE',  ( 1.178217582742184133, 31.39451842428892547, 8.942544666613731152 ) ) ;
#2676 = CARTESIAN_POINT ( 'NONE',  ( 0.4822026912497356377, 31.48853382611361340, 9.007696699009850150 ) ) ;
#2677 = ORIENTED_EDGE ( 'NONE', *, *, #2164, .T. ) ;
#2678 = FACE_OUTER_BOUND ( 'NONE', #442, .T. ) ;
#2679 = ORIENTED_EDGE ( 'NONE', *, *, #2134, .F. ) ;
#2680 = CARTESIAN_POINT ( 'NONE',  ( 3.052206242862030905, 34.67926610098979978, 8.486801265853390674 ) ) ;
#2681 = CARTESIAN_POINT ( 'NONE',  ( 1.613544934356459404, 31.57772207391753483, 8.854572202437941186 ) ) ;
#2682 = CARTESIAN_POINT ( 'NONE',  ( 2.220452724358973562, 30.19961939102563875, 8.721788216810059780 ) ) ;
#2683 = ORIENTED_EDGE ( 'NONE', *, *, #4544, .T. ) ;
#2684 = B_SPLINE_CURVE_WITH_KNOTS ( 'NONE', 3,
 ( #294, #341, #1844, #2593, #386, #3110, #1919, #38, #3827, #4228, #1531, #410, #3879, #3501 ),
 .UNSPECIFIED., .F., .F.,
 ( 4, 2, 2, 2, 2, 2, 4 ),
 ( 0.0004302564428017446613, 0.0006831843323807991909, 0.0009361122219598536119, 0.001189040111538908250, 0.001441968001117962563, 0.001947823780276068586, 0.002453679559434174609 ),
 .UNSPECIFIED. ) ;
#2685 = CARTESIAN_POINT ( 'NONE',  ( 0.4434718206459899448, 30.83297617595337670, 8.989409565154241832 ) ) ;
#2686 = CARTESIAN_POINT ( 'NONE',  ( 2.573669634454110344, 35.89895352593283206, 8.644338532664500363 ) ) ;
#2687 = CARTESIAN_POINT ( 'NONE',  ( 0.9801682692307693845, 36.08974358974359831, 8.946466909567886816 ) ) ;
#2688 = CARTESIAN_POINT ( 'NONE',  ( 1.748597756410257054, 25.94871794871794890, 8.828499639592052972 ) ) ;
#2689 = EDGE_LOOP ( 'NONE', ( #590, #3159 ) ) ;
#2690 = FACE_OUTER_BOUND ( 'NONE', #2868, .T. ) ;
#2691 = CARTESIAN_POINT ( 'NONE',  ( 2.916666666666666963, 65.00000000000000000, 8.534285381378493796 ) ) ;
#2692 = FACE_OUTER_BOUND ( 'NONE', #4077, .T. ) ;
#2693 = CARTESIAN_POINT ( 'NONE',  ( 2.344130094739821146, 34.65370094176807214, 8.709654465128105372 ) ) ;
#2694 = CARTESIAN_POINT ( 'NONE',  ( 1.745472327736234064, 34.34962721719355017, 8.850602761630154802 ) ) ;
#2695 = CARTESIAN_POINT ( 'NONE',  ( 0.2861101926852948063, 29.67418691943481335, 9.015526972995482780 ) ) ;
#2696 = B_SPLINE_CURVE_WITH_KNOTS ( 'NONE', 3,
 ( #2170, #1801, #2145, #3658, #3635, #620, #4874, #1383, #242, #3730 ),
 .UNSPECIFIED., .F., .F.,
 ( 4, 2, 2, 2, 4 ),
 ( 3.551486221896847302E-18, 0.0002542472669266165864, 0.0005084945338532295949, 0.0007627418007798426576, 0.001016989067706455504 ),
 .UNSPECIFIED. ) ;
#2697 = CARTESIAN_POINT ( 'NONE',  ( 1.745858947851808507, 29.25911364331012621, 8.849232653755642275 ) ) ;
#2698 = CARTESIAN_POINT ( 'NONE',  ( 0.9019152104782744983, 36.40125619374666854, 8.975139624704606689 ) ) ;
#2699 = CARTESIAN_POINT ( 'NONE',  ( -0.03109425039914107472, 32.08933151862929378, 9.019988193254656395 ) ) ;
#2700 = ORIENTED_EDGE ( 'NONE', *, *, #4346, .T. ) ;
#2701 = CARTESIAN_POINT ( 'NONE',  ( 2.991167821892643186, 36.16411656846190681, 8.488603032774445722 ) ) ;
#2702 = ORIENTED_EDGE ( 'NONE', *, *, #2000, .F. ) ;
#2703 = CARTESIAN_POINT ( 'NONE',  ( 0.8700921474358974672, 26.39533253205128105, 8.957842354884931524 ) ) ;
#2704 = DIRECTION ( 'NONE',  ( 0.000000000000000000, -0.000000000000000000, 1.000000000000000000 ) ) ;
#2705 = CARTESIAN_POINT ( 'NONE',  ( 2.463852326070246956, 36.19353415453752376, 8.676591211490467970 ) ) ;
#2706 = EDGE_CURVE ( 'NONE', #62, #2350, #3544, .T. ) ;
#2707 = CARTESIAN_POINT ( 'NONE',  ( 1.645742665328244536, 32.28478219589452891, 8.868309156204382759 ) ) ;
#2708 = B_SPLINE_CURVE_WITH_KNOTS ( 'NONE', 3,
 ( #280, #2950, #3373, #1121, #4884, #2581, #4440, #4510, #4462, #1, #2258, #3300 ),
 .UNSPECIFIED., .F., .F.,
 ( 4, 2, 1, 1, 2, 2, 4 ),
 ( 0.000000000000000000, 0.2500000000000000000, 0.3749999999999968914, 0.4374999999999983902, 0.4687499999999990563, 0.4999999999999997224, 1.000000000000000000 ),
 .UNSPECIFIED. ) ;
#2709 = ORIENTED_EDGE ( 'NONE', *, *, #890, .T. ) ;
#2710 = CARTESIAN_POINT ( 'NONE',  ( 3.586158257692713125, 27.36998643072169912, 8.254664392773177539 ) ) ;
#2711 = DIRECTION ( 'NONE',  ( -0.8369330630277727057, 0.5473052603538084426, 0.000000000000000000 ) ) ;
#2712 = LINE ( 'NONE', #13, #188 ) ;
#2713 = CARTESIAN_POINT ( 'NONE',  ( 2.761002902556680016, 34.52137766774213645, 8.566192947620146825 ) ) ;
#2714 = VERTEX_POINT ( 'NONE', #3080 ) ;
#2715 = DIRECTION ( 'NONE',  ( -0.000000000000000000, -1.000000000000000000, -0.000000000000000000 ) ) ;
#2716 = CARTESIAN_POINT ( 'NONE',  ( 2.839313809567909352, 30.07283063861040162, 8.566458487623492601 ) ) ;
#2717 = CARTESIAN_POINT ( 'NONE',  ( 1.660256410256410575, 32.48247195512821150, 8.845538347223561360 ) ) ;
#2718 = VECTOR ( 'NONE', #2353, 1000.000000000000000 ) ;
#2719 = VECTOR ( 'NONE', #3144, 1000.000000000000000 ) ;
#2720 = CARTESIAN_POINT ( 'NONE',  ( 2.108974358974359031, 35.20352564102564230, 8.749287993071105163 ) ) ;
#2721 = DIRECTION ( 'NONE',  ( -1.000000000000000000, 0.000000000000000000, 0.000000000000000000 ) ) ;
#2722 = CARTESIAN_POINT ( 'NONE',  ( 0.3601961618785648467, 29.47471006571092289, 9.012866178158784436 ) ) ;
#2723 = AXIS2_PLACEMENT_3D ( 'NONE', #2976, #2604, #4119 ) ;
#2724 = VECTOR ( 'NONE', #3367, 1000.000000000000000 ) ;
#2725 = CARTESIAN_POINT ( 'NONE',  ( 3.182989153121927650, 34.88702868390665657, 8.418375394084804952 ) ) ;
#2726 = CARTESIAN_POINT ( 'NONE',  ( 1.748597756410256387, 25.94871794871794890, 8.828272773596092193 ) ) ;
#2727 = CARTESIAN_POINT ( 'NONE',  ( 0.1336944437226581239, 31.78233393418673813, 8.999196001179075921 ) ) ;
#2728 = ORIENTED_EDGE ( 'NONE', *, *, #1944, .F. ) ;
#2729 = FACE_OUTER_BOUND ( 'NONE', #3369, .T. ) ;
#2730 = AXIS2_PLACEMENT_3D ( 'NONE', #3514, #1170, #2674 ) ;
#2731 = EDGE_LOOP ( 'NONE', ( #2191, #3563, #3653, #2659 ) ) ;
#2732 = EDGE_CURVE ( 'NONE', #3775, #404, #3655, .T. ) ;
#2733 = CARTESIAN_POINT ( 'NONE',  ( 2.109948157758010812, 35.24644323616865194, 8.749178234266008047 ) ) ;
#2734 = VECTOR ( 'NONE', #1139, 1000.000000000000000 ) ;
#2735 = CARTESIAN_POINT ( 'NONE',  ( 1.923597401330718215, 29.97732370632885690, 8.812034496086553759 ) ) ;
#2736 = CARTESIAN_POINT ( 'NONE',  ( 1.113727313580784140, 31.38327076677740379, 8.951060574561612526 ) ) ;
#2737 = CARTESIAN_POINT ( 'NONE',  ( 1.331684755108063722, 31.80081330886257973, 8.921364782926586301 ) ) ;
#2738 = EDGE_LOOP ( 'NONE', ( #584, #2667, #1688, #3803, #3039, #2613 ) ) ;
#2739 = ORIENTED_EDGE ( 'NONE', *, *, #3542, .F. ) ;
#2740 = CARTESIAN_POINT ( 'NONE',  ( 1.102182119232617714E-15, 65.00000000000000000, 9.000000000000000000 ) ) ;
#2741 = CARTESIAN_POINT ( 'NONE',  ( 1.332353573248004297, 28.69472433867045780, 8.921321681002162052 ) ) ;
#2742 = B_SPLINE_CURVE_WITH_KNOTS ( 'NONE', 3,
 ( #1757, #1825, #2596, #321, #4822, #3784, #297, #1088, #4110, #1459 ),
 .UNSPECIFIED., .F., .F.,
 ( 4, 3, 3, 4 ),
 ( 0.000000000000000000, 0.3629135377613105229, 0.7258803200862449234, 1.000000000000000000 ),
 .UNSPECIFIED. ) ;
#2743 = EDGE_LOOP ( 'NONE', ( #3478, #3530, #2677, #2336 ) ) ;
#2744 = CARTESIAN_POINT ( 'NONE',  ( 0.2944711538461537992, 34.29066506410256920, 9.015181306652607418 ) ) ;
#2745 = CARTESIAN_POINT ( 'NONE',  ( 1.985576923076922906, 32.77904647435897800, 8.798239247283270004 ) ) ;
#2746 = CARTESIAN_POINT ( 'NONE',  ( 0.9281475137921596508, 28.30000343491710879, 8.979613981828306279 ) ) ;
#2747 = ORIENTED_EDGE ( 'NONE', *, *, #560, .F. ) ;
#2748 = CARTESIAN_POINT ( 'NONE',  ( 0.3986677470225606368, 32.91094727835744038, 9.011386997058274062 ) ) ;
#2749 = CARTESIAN_POINT ( 'NONE',  ( 1.990359724945228503, 32.74904009397694438, 8.777157213340613495 ) ) ;
#2750 = CARTESIAN_POINT ( 'NONE',  ( 1.911718700776683155, 29.63572093679028541, 8.814619469258769158 ) ) ;
#2751 = CARTESIAN_POINT ( 'NONE',  ( 1.344014823036808526, 25.95364932992901075, 8.928632486447035888 ) ) ;
#2752 = DIRECTION ( 'NONE',  ( 0.000000000000000000, 0.000000000000000000, 1.000000000000000000 ) ) ;
#2753 = ORIENTED_EDGE ( 'NONE', *, *, #2279, .F. ) ;
#2754 = CARTESIAN_POINT ( 'NONE',  ( 3.230769230769231282, 27.14623397435897445, 8.399925728375821521 ) ) ;
#2755 = CARTESIAN_POINT ( 'NONE',  ( 3.570158931063614371, 34.95586901526068146, 8.261708622331553897 ) ) ;
#2756 = CARTESIAN_POINT ( 'NONE',  ( 1.842020383706952202, 30.36690106790143062, 8.829543296412042608 ) ) ;
#2757 = CARTESIAN_POINT ( 'NONE',  ( 1.772943954514819120, 31.73801225219801481, 8.823504515698038730 ) ) ;
#2758 = CARTESIAN_POINT ( 'NONE',  ( 0.9676850012752487018, 27.94658403395063573, 8.949079645455292109 ) ) ;
#2759 = EDGE_CURVE ( 'NONE', #4421, #1375, #3060, .T. ) ;
#2760 = VERTEX_POINT ( 'NONE', #3922 ) ;
#2761 = ORIENTED_EDGE ( 'NONE', *, *, #3307, .T. ) ;
#2762 = PLANE ( 'NONE',  #3122 ) ;
#2763 = EDGE_CURVE ( 'NONE', #1434, #3718, #1057, .T. ) ;
#2764 = CARTESIAN_POINT ( 'NONE',  ( 3.200356081990653578, 34.94756818586146352, 8.431906026991185854 ) ) ;
#2765 = VERTEX_POINT ( 'NONE', #83 ) ;
#2766 = CARTESIAN_POINT ( 'NONE',  ( 0.8700921474358974672, 26.39533253205128105, 8.957842354884931524 ) ) ;
#2767 = CARTESIAN_POINT ( 'NONE',  ( 0.5364888569397240348, 27.72129162639772915, 9.004531780911674943 ) ) ;
#2768 = CARTESIAN_POINT ( 'NONE',  ( 2.744613710241473825, 35.90818968455588589, 8.571346157141009670 ) ) ;
#2769 = EDGE_CURVE ( 'NONE', #2562, #985, #2031, .T. ) ;
#2770 = CARTESIAN_POINT ( 'NONE',  ( 1.570512820512820706, 61.15256410256409225, 8.861912292536235469 ) ) ;
#2771 = LINE ( 'NONE', #4209, #1153 ) ;
#2772 = CARTESIAN_POINT ( 'NONE',  ( 1.924317364066101543, 29.70425939891031319, 8.811880851596077591 ) ) ;
#2773 = CARTESIAN_POINT ( 'NONE',  ( 0.2136864660677536554, 36.08111001377476157, 9.017729989429817294 ) ) ;
#2774 = DIRECTION ( 'NONE',  ( 0.000000000000000000, 0.000000000000000000, 1.000000000000000000 ) ) ;
#2775 = ORIENTED_EDGE ( 'NONE', *, *, #4766, .F. ) ;
#2776 = CARTESIAN_POINT ( 'NONE',  ( 3.482637351301132611, 35.70028236649716291, 8.298999923578147531 ) ) ;
#2777 = CARTESIAN_POINT ( 'NONE',  ( 2.321318188070408350, 35.74256837781351237, 8.695650313224501105 ) ) ;
#2778 = CARTESIAN_POINT ( 'NONE',  ( 0.8974358974358976893, 30.66025641025641590, 8.975144265169232582 ) ) ;
#2779 = CARTESIAN_POINT ( 'NONE',  ( 0.000000000000000000, 64.79999999999999716, 7.000000000000000000 ) ) ;
#2780 = CARTESIAN_POINT ( 'NONE',  ( 0.03382493511675057490, 26.65442645645566699, 8.999999999999996447 ) ) ;
#2781 = ORIENTED_EDGE ( 'NONE', *, *, #1805, .F. ) ;
#2782 = ORIENTED_EDGE ( 'NONE', *, *, #3429, .T. ) ;
#2783 = FACE_OUTER_BOUND ( 'NONE', #1783, .T. ) ;
#2784 = CARTESIAN_POINT ( 'NONE',  ( 2.944491965022821400, 30.37036051785790391, 8.510715816801452505 ) ) ;
#2785 = ORIENTED_EDGE ( 'NONE', *, *, #2096, .F. ) ;
#2786 = DIRECTION ( 'NONE',  ( -0.000000000000000000, -1.000000000000000000, -0.000000000000000000 ) ) ;
#2787 = CARTESIAN_POINT ( 'NONE',  ( -0.08974358974358974395, 29.90655048076923350, 8.999412533754025389 ) ) ;
#2788 = CARTESIAN_POINT ( 'NONE',  ( 3.034171466857975119, 35.75939843499863002, 8.493264163060191052 ) ) ;
#2789 = CARTESIAN_POINT ( 'NONE',  ( 0.8974358974358971341, 30.66025641025641590, 8.975144265169232582 ) ) ;
#2790 = CARTESIAN_POINT ( 'NONE',  ( 0.9906850961538464784, 36.40384615384615330, 8.965308437402178754 ) ) ;
#2791 = PERSON_AND_ORGANIZATION ( #2266, #2959 ) ;
#2792 = CARTESIAN_POINT ( 'NONE',  ( 2.220452724358973562, 30.19961939102563875, 8.741788216810059353 ) ) ;
#2793 = DIRECTION ( 'NONE',  ( 0.000000000000000000, 0.000000000000000000, 1.000000000000000000 ) ) ;
#2794 = FACE_OUTER_BOUND ( 'NONE', #3621, .T. ) ;
#2795 = ORIENTED_EDGE ( 'NONE', *, *, #2769, .T. ) ;
#2796 = VECTOR ( 'NONE', #3644, 1000.000000000000000 ) ;
#2797 = AXIS2_PLACEMENT_3D ( 'NONE', #3886, #221, #544 ) ;
#2798 = CARTESIAN_POINT ( 'NONE',  ( 3.589743589743592533, 35.19861778846154010, 8.253104928443292465 ) ) ;
#2799 = CARTESIAN_POINT ( 'NONE',  ( 1.054507506925502325, 33.21253913212246545, 8.958150206106964220 ) ) ;
#2800 = CARTESIAN_POINT ( 'NONE',  ( 1.196261646316310934, 33.18208029547748339, 8.940248598591606921 ) ) ;
#2801 = AXIS2_PLACEMENT_3D ( 'NONE', #3272, #3619, #2151 ) ;
#2802 = FACE_BOUND ( 'NONE', #111, .T. ) ;
#2803 = CARTESIAN_POINT ( 'NONE',  ( 0.2887443018892656421, 29.65662136283032524, 8.995479589477486826 ) ) ;
#2804 = ORIENTED_EDGE ( 'NONE', *, *, #4278, .T. ) ;
#2805 = ORIENTED_EDGE ( 'NONE', *, *, #199, .F. ) ;
#2806 = AXIS2_PLACEMENT_3D ( 'NONE', #4679, #3813, #1640 ) ;
#2807 = CARTESIAN_POINT ( 'NONE',  ( 0.000000000000000000, 0.2000000000000000111, 0.000000000000000000 ) ) ;
#2808 = CARTESIAN_POINT ( 'NONE',  ( 0.5426142272420045876, 33.06291370597442381, 9.003628583950540332 ) ) ;
#2809 = CARTESIAN_POINT ( 'NONE',  ( 1.748597756410257498, 28.32692307692307665, 8.828499639592052972 ) ) ;
#2810 = ORIENTED_EDGE ( 'NONE', *, *, #1627, .T. ) ;
#2811 = CARTESIAN_POINT ( 'NONE',  ( 1.884615384615384803, 65.00000000000000000, 8.800467308732587313 ) ) ;
#2812 = CARTESIAN_POINT ( 'NONE',  ( 0.6589382633499654141, 34.43907577211251692, 8.975717401350756575 ) ) ;
#2813 = CARTESIAN_POINT ( 'NONE',  ( 0.9801682692307693845, 36.08974358974359831, 8.966466909567886390 ) ) ;
#2814 = CARTESIAN_POINT ( 'NONE',  ( 1.010753155195454722, 33.21642059858653795, 8.943190258046058716 ) ) ;
#2815 = DIRECTION ( 'NONE',  ( 0.000000000000000000, 0.000000000000000000, 1.000000000000000000 ) ) ;
#2816 = CARTESIAN_POINT ( 'NONE',  ( 0.8031116475428637935, 29.06147937302697315, 8.984511222886665038 ) ) ;
#2817 = EDGE_CURVE ( 'NONE', #349, #112, #4196, .T. ) ;
#2818 = ORIENTED_EDGE ( 'NONE', *, *, #2888, .T. ) ;
#2819 = CARTESIAN_POINT ( 'NONE',  ( 1.992588141025641191, 33.14082532051281760, 8.776467443526543732 ) ) ;
#2820 = CARTESIAN_POINT ( 'NONE',  ( -0.08974358974358974395, 27.15675080128205110, 8.999325683331138137 ) ) ;
#2821 = CARTESIAN_POINT ( 'NONE',  ( 0.5400854190957540268, 28.81762189648510386, 9.004981749143819769 ) ) ;
#2822 = ORIENTED_EDGE ( 'NONE', *, *, #1977, .F. ) ;
#2823 = DIRECTION ( 'NONE',  ( -0.000000000000000000, -1.000000000000000000, -0.000000000000000000 ) ) ;
#2824 = ADVANCED_FACE ( 'NONE', ( #153 ), #1402, .F. ) ;
#2825 = CARTESIAN_POINT ( 'NONE',  ( 0.3539497846808579151, 32.07152420577599372, 8.992979310791870518 ) ) ;
#2826 = CARTESIAN_POINT ( 'NONE',  ( 1.156850961538461675, 29.00000000000000355, 8.925340097317725707 ) ) ;
#2827 = CARTESIAN_POINT ( 'NONE',  ( 2.463332055279092270, 34.22677878689942332, 8.676934033012994263 ) ) ;
#2828 = DIRECTION ( 'NONE',  ( -0.000000000000000000, -1.000000000000000000, -0.000000000000000000 ) ) ;
#2829 = CARTESIAN_POINT ( 'NONE',  ( 0.5948721402115567658, 26.14184347654835250, 8.981788259003623764 ) ) ;
#2830 = ADVANCED_FACE ( 'NONE', ( #2455 ), #2109, .F. ) ;
#2831 = ADVANCED_FACE ( 'NONE', ( #4738 ), #2511, .T. ) ;
#2832 = ORIENTED_EDGE ( 'NONE', *, *, #1133, .F. ) ;
#2833 = CARTESIAN_POINT ( 'NONE',  ( 1.318532022611200061, 26.28750086077027959, 8.923309104531407243 ) ) ;
#2834 = CARTESIAN_POINT ( 'NONE',  ( 0.6007845755133243149, 33.11240909660003240, 8.980114366086310085 ) ) ;
#2835 = CARTESIAN_POINT ( 'NONE',  ( 0.2944711538461538547, 34.29066506410256920, 8.995181306652607844 ) ) ;
#2836 = ORIENTED_EDGE ( 'NONE', *, *, #1617, .T. ) ;
#2837 = B_SPLINE_CURVE_WITH_KNOTS ( 'NONE', 3,
 ( #775, #4568, #61, #1894, #2661, #2737, #4252, #2635, #4517, #2707, #2366, #4152 ),
 .UNSPECIFIED., .F., .F.,
 ( 4, 2, 2, 2, 2, 4 ),
 ( 0.000000000000000000, 0.0001457617974931370416, 0.0002915235949862740833, 0.0005830471899725376498, 0.0008745707849588012705, 0.001166094379945064674 ),
 .UNSPECIFIED. ) ;
#2838 = CARTESIAN_POINT ( 'NONE',  ( -0.08022667665671177895, 32.62124334223722144, 8.999653383733685175 ) ) ;
#2839 = CARTESIAN_POINT ( 'NONE',  ( 0.4600966164563721761, 34.61270725865275466, 9.008358285281918398 ) ) ;
#2840 = CARTESIAN_POINT ( 'NONE',  ( 1.748597756410256387, 28.32692307692307665, 8.828499639592052972 ) ) ;
#2841 = FACE_OUTER_BOUND ( 'NONE', #1788, .T. ) ;
#2842 = FACE_OUTER_BOUND ( 'NONE', #4292, .T. ) ;
#2843 = ORIENTED_EDGE ( 'NONE', *, *, #3103, .F. ) ;
#2844 = LINE ( 'NONE', #4362, #2338 ) ;
#2845 = CARTESIAN_POINT ( 'NONE',  ( 0.9236957603648126014, 25.98308836014395240, 8.959833010617124671 ) ) ;
#2846 = CARTESIAN_POINT ( 'NONE',  ( -0.02064849492494423913, 29.44612746674386372, 9.020131825683796123 ) ) ;
#2847 = VERTEX_POINT ( 'NONE', #4025 ) ;
#2848 = CARTESIAN_POINT ( 'NONE',  ( 1.102182119232617714E-15, 65.00000000000000000, 9.000000000000000000 ) ) ;
#2849 = EDGE_CURVE ( 'NONE', #1113, #3173, #553, .T. ) ;
#2850 = CYLINDRICAL_SURFACE ( 'NONE', #3519, 7.000000000000000000 ) ;
#2851 = DIRECTION ( 'NONE',  ( 0.000000000000000000, 0.000000000000000000, 1.000000000000000000 ) ) ;
#2852 = CARTESIAN_POINT ( 'NONE',  ( 1.403256239540114692, 33.07029223552885355, 8.910176042702930843 ) ) ;
#2853 = CARTESIAN_POINT ( 'NONE',  ( 3.399739583333333037, 31.85426682692307665, 8.353172911053537320 ) ) ;
#2854 = ORIENTED_EDGE ( 'NONE', *, *, #4850, .T. ) ;
#2855 = EDGE_CURVE ( 'NONE', #3940, #2115, #253, .T. ) ;
#2856 = ADVANCED_FACE ( 'NONE', ( #3175 ), #2850, .T. ) ;
#2857 = CARTESIAN_POINT ( 'NONE',  ( 1.750000000000000444, 26.26282051282051455, 8.828221791504788030 ) ) ;
#2858 = CARTESIAN_POINT ( 'NONE',  ( -0.08622357950139186711, 27.36409767420300199, 8.999346941083070206 ) ) ;
#2859 = CARTESIAN_POINT ( 'NONE',  ( 3.399739583333333037, 31.85426682692307665, 8.353172911053537320 ) ) ;
#2860 = ORIENTED_EDGE ( 'NONE', *, *, #4642, .F. ) ;
#2861 = B_SPLINE_SURFACE_WITH_KNOTS ( 'NONE', 3, 1, ( 
 ( #149, #4290 ),
 ( #3868, #476 ),
 ( #3171, #3464 ),
 ( #3515, #869 ),
 ( #423, #127 ),
 ( #894, #1271 ),
 ( #4586, #3816 ),
 ( #1979, #2773 ),
 ( #4190, #2026 ),
 ( #1591, #2382 ),
 ( #2402, #3538 ),
 ( #1664, #789 ),
 ( #3098, #2305 ),
 ( #1933, #3441 ),
 ( #3893, #2698 ),
 ( #3488, #4213 ) ),
 .UNSPECIFIED., .F., .F., .F.,
 ( 4, 3, 3, 3, 3, 4 ),
 ( 2, 2 ),
 ( 0.000000000000000000, 0.2735084533117628225, 0.4594344858163033063, 0.6449850236944797421, 0.8510896094543056734, 1.000000000000000000 ),
 ( 0.000000000000000000, 1.000000000000000000 ),
 .UNSPECIFIED. ) ;
#2862 = CARTESIAN_POINT ( 'NONE',  ( 0.6924915812713741126, 26.47326035905250308, 8.993319306673217994 ) ) ;
#2863 = LINE ( 'NONE', #4675, #4312 ) ;
#2864 = DIRECTION ( 'NONE',  ( 0.000000000000000000, 0.000000000000000000, 1.000000000000000000 ) ) ;
#2865 = DIRECTION ( 'NONE',  ( 0.000000000000000000, 1.000000000000000000, -0.000000000000000000 ) ) ;
#2866 = CARTESIAN_POINT ( 'NONE',  ( 1.426696615132422075, 34.09318427773468585, 8.907674361101037164 ) ) ;
#2867 =( LENGTH_UNIT ( ) NAMED_UNIT ( * ) SI_UNIT ( .MILLI., .METRE. ) );
#2868 = EDGE_LOOP ( 'NONE', ( #4894, #2262, #1560, #933 ) ) ;
#2869 = CARTESIAN_POINT ( 'NONE',  ( 1.088916748030741566, 34.34259993361707330, 8.954208361456222676 ) ) ;
#2870 = CARTESIAN_POINT ( 'NONE',  ( 0.2047209157273174041, 26.39560761672521494, 8.998189679648159967 ) ) ;
#2871 = CARTESIAN_POINT ( 'NONE',  ( 2.264848552680830185, 29.49058992897617060, 8.710560008157701262 ) ) ;
#2872 = ORIENTED_EDGE ( 'NONE', *, *, #2220, .F. ) ;
#2873 = CARTESIAN_POINT ( 'NONE',  ( 3.222107809496989717, 27.31150307782624154, 8.423968168964536929 ) ) ;
#2874 = DIRECTION ( 'NONE',  ( 0.000000000000000000, 0.000000000000000000, 1.000000000000000000 ) ) ;
#2875 = CARTESIAN_POINT ( 'NONE',  ( 2.499099930814887571, 36.19962979424843041, 8.646154687137695305 ) ) ;
#2876 = CARTESIAN_POINT ( 'NONE',  ( 1.533519562513549372, 32.93404758647587727, 8.888634387291297401 ) ) ;
#2877 = PLANE ( 'NONE',  #4075 ) ;
#2878 = AXIS2_PLACEMENT_3D ( 'NONE', #452, #1958, #1196 ) ;
#2879 = AXIS2_PLACEMENT_3D ( 'NONE', #1160, #2665, #3063 ) ;
#2880 = EDGE_LOOP ( 'NONE', ( #4217, #1129, #4877, #2598 ) ) ;
#2881 = EDGE_CURVE ( 'NONE', #856, #1214, #4722, .T. ) ;
#2882 = EDGE_CURVE ( 'NONE', #3798, #4781, #1029, .T. ) ;
#2883 = LOCAL_TIME ( 22, 48, 33.00000000000000000, #2916 ) ;
#2884 = CIRCLE ( 'NONE', #1854, 9.000000000000000000 ) ;
#2885 = CARTESIAN_POINT ( 'NONE',  ( 1.488990622266807451, 36.27200960309336608, 8.876363355403839250 ) ) ;
#2886 = CARTESIAN_POINT ( 'NONE',  ( 2.794304987820348085, 36.21985576006853336, 8.575901039344186572 ) ) ;
#2887 = ADVANCED_FACE ( 'NONE', ( #4392 ), #4492, .F. ) ;
#2888 = EDGE_CURVE ( 'NONE', #1173, #1094, #2708, .T. ) ;
#2889 = AXIS2_PLACEMENT_3D ( 'NONE', #4694, #1308, #3163 ) ;
#2890 = ORIENTED_EDGE ( 'NONE', *, *, #132, .F. ) ;
#2891 = CARTESIAN_POINT ( 'NONE',  ( 1.842020383706952202, 30.36690106790143062, 8.809543296412043034 ) ) ;
#2892 = CARTESIAN_POINT ( 'NONE',  ( 0.9146014420674093426, 34.34427193811791312, 8.953409146212464975 ) ) ;
#2893 = CARTESIAN_POINT ( 'NONE',  ( 2.220452724358974450, 30.19961939102564230, 8.721787484688825032 ) ) ;
#2894 = CARTESIAN_POINT ( 'NONE',  ( 0.1638565751058939368, 30.60138464002599079, 9.018508266529211781 ) ) ;
#2895 = LINE ( 'NONE', #1363, #1862 ) ;
#2896 = COORDINATED_UNIVERSAL_TIME_OFFSET ( 5, 0, .BEHIND. ) ;
#2897 = ADVANCED_FACE ( 'NONE', ( #2605, #3771 ), #1073, .T. ) ;
#2898 = ORIENTED_EDGE ( 'NONE', *, *, #1445, .T. ) ;
#2899 = CARTESIAN_POINT ( 'NONE',  ( 1.307222908646618054, 34.40886214258902243, 8.904843680288296426 ) ) ;
#2900 = CARTESIAN_POINT ( 'NONE',  ( 1.369856205054296838, 29.01757198871629484, 8.895714545246232063 ) ) ;
#2901 = CARTESIAN_POINT ( 'NONE',  ( -0.02070478284810833500, 32.85750999745518186, 8.999835193411776402 ) ) ;
#2902 = ORIENTED_EDGE ( 'NONE', *, *, #792, .T. ) ;
#2903 = CARTESIAN_POINT ( 'NONE',  ( 3.167043450368118851, 27.47083587148190986, 8.424803118745337827 ) ) ;
#2904 = CARTESIAN_POINT ( 'NONE',  ( 2.914885702628708053, 34.23147813349552848, 8.535609776156810824 ) ) ;
#2905 = CARTESIAN_POINT ( 'NONE',  ( 0.000000000000000000, 1.334615384615392308, 0.000000000000000000 ) ) ;
#2906 = CARTESIAN_POINT ( 'NONE',  ( 0.000000000000000000, 62.49871794871794606, 0.02000000000000000042 ) ) ;
#2907 = DIRECTION ( 'NONE',  ( -1.000000000000000000, 0.000000000000000000, 0.000000000000000000 ) ) ;
#2908 = CARTESIAN_POINT ( 'NONE',  ( 0.3360157849189289170, 35.62972610673916307, 8.993767238565519406 ) ) ;
#2909 = CARTESIAN_POINT ( 'NONE',  ( 0.2730834447357287642, 32.55482762402024122, 9.015860460946937494 ) ) ;
#2910 = ORIENTED_EDGE ( 'NONE', *, *, #2759, .T. ) ;
#2911 = CARTESIAN_POINT ( 'NONE',  ( 1.874343976292815350, 30.23853491395833615, 8.802660657922404042 ) ) ;
#2912 = CARTESIAN_POINT ( 'NONE',  ( 2.681790865384615419, 34.20512820512820440, 8.611158114849221334 ) ) ;
#2913 = CARTESIAN_POINT ( 'NONE',  ( 2.288461538461538325, 29.78735977564102910, 8.704190430013373003 ) ) ;
#2914 = CARTESIAN_POINT ( 'NONE',  ( 1.723433623354049926, 36.07344691572053819, 8.854127280253688781 ) ) ;
#2915 = CARTESIAN_POINT ( 'NONE',  ( 2.266094458848051829, 25.97989756655745452, 8.710080610960597269 ) ) ;
#2916 = COORDINATED_UNIVERSAL_TIME_OFFSET ( 5, 0, .BEHIND. ) ;
#2917 = VERTEX_POINT ( 'NONE', #720 ) ;
#2918 = EDGE_CURVE ( 'NONE', #1094, #1358, #3344, .T. ) ;
#2919 = CARTESIAN_POINT ( 'NONE',  ( 2.288461538461538325, 29.78735977564102910, 8.704191162134605975 ) ) ;
#2920 = CYLINDRICAL_SURFACE ( 'NONE', #1232, 7.000000000000000000 ) ;
#2921 = CARTESIAN_POINT ( 'NONE',  ( 0.09611612824608806172, 33.09740358890167755, 8.999788609396668804 ) ) ;
#2922 = ORIENTED_EDGE ( 'NONE', *, *, #3493, .T. ) ;
#2923 = CARTESIAN_POINT ( 'NONE',  ( 1.750000000000000222, 28.01282051282051100, 8.828221791504789806 ) ) ;
#2924 = CARTESIAN_POINT ( 'NONE',  ( 1.795120052114145492, 29.32487806031840094, 8.839236967846876070 ) ) ;
#2925 = CARTESIAN_POINT ( 'NONE',  ( 0.9222022744254863014, 31.69339600143435121, 8.952527296954214009 ) ) ;
#2926 = CARTESIAN_POINT ( 'NONE',  ( 1.748831225909856180, 35.14314201151884731, 8.848453475155928061 ) ) ;
#2927 = CARTESIAN_POINT ( 'NONE',  ( 0.6307894648264185111, 29.15915240603495562, 8.978153258366486256 ) ) ;
#2928 = CARTESIAN_POINT ( 'NONE',  ( 2.071597995869939535, 26.26618240600548049, 8.764271297852401332 ) ) ;
#2929 = VERTEX_POINT ( 'NONE', #2231 ) ;
#2930 = CARTESIAN_POINT ( 'NONE',  ( 3.520724270026490021, 27.57869135984806164, 8.283751400391063058 ) ) ;
#2931 = CARTESIAN_POINT ( 'NONE',  ( 3.589743589743591201, 35.19861778846154010, 8.273104928443284933 ) ) ;
#2932 = VERTEX_POINT ( 'NONE', #2999 ) ;
#2933 = CARTESIAN_POINT ( 'NONE',  ( 1.913946937682686311, 30.04312201686950345, 8.814134813597926055 ) ) ;
#2934 = CARTESIAN_POINT ( 'NONE',  ( 0.7601397638002778123, 30.94943760965256985, 8.987841855178404060 ) ) ;
#2935 = CARTESIAN_POINT ( 'NONE',  ( 3.585458750933126382, 35.11954057618786607, 8.254967488257568320 ) ) ;
#2936 = CARTESIAN_POINT ( 'NONE',  ( 0.1336944437226581239, 31.78233393418673813, 9.019198651419827684 ) ) ;
#2937 = CARTESIAN_POINT ( 'NONE',  ( 3.141025641025641413, 65.00000000000000000, 8.434094967595482828 ) ) ;
#2938 = PERSON_AND_ORGANIZATION ( #2266, #2959 ) ;
#2939 = ORIENTED_EDGE ( 'NONE', *, *, #409, .T. ) ;
#2940 = EDGE_CURVE ( 'NONE', #434, #3500, #4069, .T. ) ;
#2941 = B_SPLINE_SURFACE_WITH_KNOTS ( 'NONE', 3, 1, ( 
 ( #1742, #3252 ),
 ( #3371, #1443 ),
 ( #3667, #2627 ),
 ( #4143, #1096 ),
 ( #351, #4045 ),
 ( #4509, #3322 ),
 ( #1418, #697 ),
 ( #1812, #376 ),
 ( #3299, #2924 ),
 ( #4531, #2553 ),
 ( #3391, #741 ),
 ( #2205, #4830 ),
 ( #1789, #2947 ),
 ( #277, #4460 ),
 ( #4905, #4808 ),
 ( #329, #1142 ) ),
 .UNSPECIFIED., .F., .F., .F.,
 ( 4, 3, 3, 3, 3, 4 ),
 ( 2, 2 ),
 ( 0.000000000000000000, 0.2691317907583831714, 0.4573132860247836606, 0.6443852519369310805, 0.8394854188850460197, 1.000000000000000000 ),
 ( 0.000000000000000000, 1.000000000000000000 ),
 .UNSPECIFIED. ) ;
#2942 = CARTESIAN_POINT ( 'NONE',  ( 0.2692307692307692180, 32.45512820512820440, 8.995972142736960109 ) ) ;
#2943 = CARTESIAN_POINT ( 'NONE',  ( 1.166666666666666741, 2.680769230769236344, 8.924062353485036070 ) ) ;
#2944 = CARTESIAN_POINT ( 'NONE',  ( -0.08974358974358975782, 29.90655048076923705, 8.999404450782225950 ) ) ;
#2945 = EDGE_LOOP ( 'NONE', ( #197, #1083, #4365, #118 ) ) ;
#2946 = CARTESIAN_POINT ( 'NONE',  ( 1.342258536457899609, 33.47801891875642610, 8.901015343351865283 ) ) ;
#2947 = CARTESIAN_POINT ( 'NONE',  ( 1.911718700776683155, 29.63572093679028541, 8.814619469258776263 ) ) ;
#2948 = EDGE_CURVE ( 'NONE', #1891, #3173, #4144, .T. ) ;
#2949 = EDGE_CURVE ( 'NONE', #1595, #402, #3415, .T. ) ;
#2950 = CARTESIAN_POINT ( 'NONE',  ( 3.289588474892654713, 31.92629920770307450, 8.378111986182659621 ) ) ;
#2951 = CARTESIAN_POINT ( 'NONE',  ( 0.6090239360420653947, 34.46246145863827337, 8.979876137257646107 ) ) ;
#2952 = CARTESIAN_POINT ( 'NONE',  ( 1.049568564634837387, 29.00380436002266293, 8.958749621244844974 ) ) ;
#2953 = CARTESIAN_POINT ( 'NONE',  ( 1.929656741738214443, 35.75234357684493602, 8.790591042766360275 ) ) ;
#2954 = VERTEX_POINT ( 'NONE', #1446 ) ;
#2955 = VECTOR ( 'NONE', #3924, 1000.000000000000000 ) ;
#2956 = AXIS2_PLACEMENT_3D ( 'NONE', #3577, #4303, #541 ) ;
#2957 = CARTESIAN_POINT ( 'NONE',  ( 3.569697156405215566, 35.41640863468169442, 8.281795338275607321 ) ) ;
#2958 = ORIENTED_EDGE ( 'NONE', *, *, #3307, .F. ) ;
#2959 = ORGANIZATION ( 'UNSPECIFIED', 'UNSPECIFIED', '' ) ;
#2960 = AXIS2_PLACEMENT_3D ( 'NONE', #946, #919, #3641 ) ;
#2961 = CARTESIAN_POINT ( 'NONE',  ( 1.355312814938561594, 33.10447421709688598, 8.897487525405107789 ) ) ;
#2962 = CARTESIAN_POINT ( 'NONE',  ( 0.000000000000000000, 0.2000000000000000111, 0.000000000000000000 ) ) ;
#2963 = CARTESIAN_POINT ( 'NONE',  ( 2.269286106551245297, 29.99583131472998332, 8.709209367917319256 ) ) ;
#2964 = AXIS2_PLACEMENT_3D ( 'NONE', #2135, #1668, #2079 ) ;
#2965 = CARTESIAN_POINT ( 'NONE',  ( 0.9822716346153848033, 31.37820512820512775, 8.966236216187787988 ) ) ;
#2966 = CARTESIAN_POINT ( 'NONE',  ( 0.9822716346153848033, 31.37820512820512775, 8.966236216187787988 ) ) ;
#2967 = ORIENTED_EDGE ( 'NONE', *, *, #131, .F. ) ;
#2968 = AXIS2_PLACEMENT_3D ( 'NONE', #3613, #1735, #3244 ) ;
#2969 = CARTESIAN_POINT ( 'NONE',  ( 0.7291881224072841450, 31.73323090799851798, 8.970516235862003640 ) ) ;
#2970 = DIRECTION ( 'NONE',  ( 0.000000000000000000, 0.000000000000000000, 1.000000000000000000 ) ) ;
#2971 = CARTESIAN_POINT ( 'NONE',  ( 3.230769230769231726, 35.21614583333333570, 8.400126795323675566 ) ) ;
#2972 = EDGE_CURVE ( 'NONE', #3825, #1321, #4485, .T. ) ;
#2973 = ADVANCED_FACE ( 'NONE', ( #3150 ), #1529, .F. ) ;
#2974 = EDGE_LOOP ( 'NONE', ( #1507, #2253, #3455, #217 ) ) ;
#2975 = DIRECTION ( 'NONE',  ( 0.000000000000000000, 0.000000000000000000, 1.000000000000000000 ) ) ;
#2976 = CARTESIAN_POINT ( 'NONE',  ( 3.589743589743589869, 32.09615384615385381, 8.253104928443281807 ) ) ;
#2977 = CARTESIAN_POINT ( 'NONE',  ( 0.5349699629666757605, 31.84654282679849047, 9.004411615464361418 ) ) ;
#2978 = CARTESIAN_POINT ( 'NONE',  ( 1.255812049068422365, 31.75719732136381879, 8.912238382679952053 ) ) ;
#2979 = CARTESIAN_POINT ( 'NONE',  ( 0.4173981054843876604, 29.38047601044174328, 9.010590059195578760 ) ) ;
#2980 = FACE_OUTER_BOUND ( 'NONE', #4051, .T. ) ;
#2981 = VERTEX_POINT ( 'NONE', #76 ) ;
#2982 = CARTESIAN_POINT ( 'NONE',  ( 2.158922686949866332, 36.00316794949669230, 8.737093976715300414 ) ) ;
#2983 = ADVANCED_FACE ( 'NONE', ( #2001, #1590 ), #1978, .T. ) ;
#2984 = CARTESIAN_POINT ( 'NONE',  ( 3.086630433583221311, 36.12128957305876042, 8.474744549658797865 ) ) ;
#2985 = ORIENTED_EDGE ( 'NONE', *, *, #1804, .T. ) ;
#2986 = FACE_OUTER_BOUND ( 'NONE', #4840, .T. ) ;
#2987 = CARTESIAN_POINT ( 'NONE',  ( -0.02944831917404104604, 30.27643194464938858, 9.019951821898700928 ) ) ;
#2988 = CARTESIAN_POINT ( 'NONE',  ( 2.286525363449295689, 29.85713496893534113, 8.724700211391994031 ) ) ;
#2989 = CARTESIAN_POINT ( 'NONE',  ( 1.735964197066880432, 35.41373007559088393, 8.851059857865509528 ) ) ;
#2990 = CARTESIAN_POINT ( 'NONE',  ( 2.491736154120727686, 26.01768825299218335, 8.648229758360006514 ) ) ;
#2991 = CALENDAR_DATE ( 2026, 1, 3 ) ;
#2992 = ORIENTED_EDGE ( 'NONE', *, *, #3103, .T. ) ;
#2993 = FACE_OUTER_BOUND ( 'NONE', #3747, .T. ) ;
#2994 = DIRECTION ( 'NONE',  ( 0.000000000000000000, 0.000000000000000000, 1.000000000000000000 ) ) ;
#2995 = CARTESIAN_POINT ( 'NONE',  ( 0.5625441467741512103, 33.45821622194200273, 9.002978179243720902 ) ) ;
#2996 = ORIENTED_EDGE ( 'NONE', *, *, #566, .F. ) ;
#2997 = CARTESIAN_POINT ( 'NONE',  ( 0.8225258148676616310, 36.07469597042592113, 8.982760870084645077 ) ) ;
#2998 = CARTESIAN_POINT ( 'NONE',  ( 2.382369762101091748, 36.15605704579888169, 8.698958135435637118 ) ) ;
#2999 = CARTESIAN_POINT ( 'NONE',  ( 0.9633413461538461453, 33.21794871794871540, 8.968294443679782901 ) ) ;
#3000 = CARTESIAN_POINT ( 'NONE',  ( 1.526713486828159994, 32.01507418240286285, 8.869562893915679425 ) ) ;
#3001 = CARTESIAN_POINT ( 'NONE',  ( 0.000000000000000000, 64.79999999999999716, 0.000000000000000000 ) ) ;
#3002 = CARTESIAN_POINT ( 'NONE',  ( 1.992588141025639858, 33.14082532051282470, 8.776650414608296202 ) ) ;
#3003 = ORIENTED_EDGE ( 'NONE', *, *, #4278, .F. ) ;
#3004 = EDGE_CURVE ( 'NONE', #1797, #4789, #468, .T. ) ;
#3005 = CARTESIAN_POINT ( 'NONE',  ( 1.879738344330124322, 28.32529477880188296, 8.801519328820116783 ) ) ;
#3006 = CARTESIAN_POINT ( 'NONE',  ( 2.216675105137444923, 34.80181711212378559, 8.742920298389842415 ) ) ;
#3007 = ORIENTED_EDGE ( 'NONE', *, *, #3188, .F. ) ;
#3008 = ADVANCED_FACE ( 'NONE', ( #1689 ), #4726, .F. ) ;
#3009 = EDGE_CURVE ( 'NONE', #3109, #2508, #1663, .T. ) ;
#3010 = CARTESIAN_POINT ( 'NONE',  ( 0.3228347986938351899, 30.75569768494950296, 9.014699605186606846 ) ) ;
#3011 = CARTESIAN_POINT ( 'NONE',  ( 2.468718384999129878, 35.85619036142691840, 8.654965295543545878 ) ) ;
#3012 = CARTESIAN_POINT ( 'NONE',  ( 1.668219161268755135, 35.62101461332532182, 8.844107345384115249 ) ) ;
#3013 = CARTESIAN_POINT ( 'NONE',  ( 2.758303325941548145, 26.09286092779702315, 8.566935454468232791 ) ) ;
#3014 = ORIENTED_EDGE ( 'NONE', *, *, #3229, .F. ) ;
#3015 = CARTESIAN_POINT ( 'NONE',  ( 1.734724955768621513, 35.42308667106927089, 8.851443769479734769 ) ) ;
#3016 = DIRECTION ( 'NONE',  ( 0.000000000000000000, 0.000000000000000000, -1.000000000000000000 ) ) ;
#3017 = CARTESIAN_POINT ( 'NONE',  ( 0.03909252025728954250, 35.84427262529664659, 9.000000000000001776 ) ) ;
#3018 = CARTESIAN_POINT ( 'NONE',  ( 2.681668398921911667, 34.51980252539200222, 8.611334376097239840 ) ) ;
#3019 = CARTESIAN_POINT ( 'NONE',  ( 0.3968684480118085389, 35.74281148482093329, 9.011371209634072343 ) ) ;
#3020 = CARTESIAN_POINT ( 'NONE',  ( 2.463852326070246956, 36.19353415453752376, 8.676591211490467970 ) ) ;
#3021 = B_SPLINE_CURVE_WITH_KNOTS ( 'NONE', 3,
 ( #4265, #4580, #842, #446 ),
 .UNSPECIFIED., .F., .F.,
 ( 4, 4 ),
 ( 0.000000000000000000, 1.000000000000000000 ),
 .UNSPECIFIED. ) ;
#3022 = DIRECTION ( 'NONE',  ( 0.000000000000000000, 0.000000000000000000, 1.000000000000000000 ) ) ;
#3023 = CARTESIAN_POINT ( 'NONE',  ( 1.115162107248185874, 31.70389048642972796, 8.930925060616736744 ) ) ;
#3024 = CARTESIAN_POINT ( 'NONE',  ( 1.995143257457020924, 32.71903122448933487, 8.796071036533449572 ) ) ;
#3025 = VERTEX_POINT ( 'NONE', #2792 ) ;
#3026 = CARTESIAN_POINT ( 'NONE',  ( 3.589743589743591201, 32.09615384615385381, 8.253104928443281807 ) ) ;
#3027 = EDGE_LOOP ( 'NONE', ( #276, #3137, #3246, #4794 ) ) ;
#3028 = CARTESIAN_POINT ( 'NONE',  ( 2.084943142902640378, 28.31772853452686434, 8.755213968858255313 ) ) ;
#3029 = CARTESIAN_POINT ( 'NONE',  ( 1.884615384615385691, 62.49871794871794606, 8.800467308732587313 ) ) ;
#3030 = ADVANCED_FACE ( 'NONE', ( #4313 ), #1491, .F. ) ;
#3031 = VERTEX_POINT ( 'NONE', #3964 ) ;
#3032 = CARTESIAN_POINT ( 'NONE',  ( -0.08974358974358975782, 35.21965144230769340, 9.019552549327105595 ) ) ;
#3033 = CARTESIAN_POINT ( 'NONE',  ( 2.202731285520498350, 35.57615258098419986, 8.726280701638538417 ) ) ;
#3034 = EDGE_CURVE ( 'NONE', #1714, #1717, #2844, .T. ) ;
#3035 = CARTESIAN_POINT ( 'NONE',  ( 2.364406946181805136, 34.27314600768531250, 8.683729128046838497 ) ) ;
#3036 = CARTESIAN_POINT ( 'NONE',  ( 1.166666666666667407, 1.334615384615392308, 8.944062353485035644 ) ) ;
#3037 = VECTOR ( 'NONE', #519, 1000.000000000000000 ) ;
#3038 = VECTOR ( 'NONE', #2300, 1000.000000000000000 ) ;
#3039 = ORIENTED_EDGE ( 'NONE', *, *, #10, .F. ) ;
#3040 = CIRCLE ( 'NONE', #3512, 9.000000000000000000 ) ;
#3041 = CARTESIAN_POINT ( 'NONE',  ( 0.8880817262313057681, 34.03107423459717751, 8.976312890021556967 ) ) ;
#3042 = AXIS2_PLACEMENT_3D ( 'NONE', #2141, #4126, #3352 ) ;
#3043 = DIRECTION ( 'NONE',  ( 0.000000000000000000, 0.000000000000000000, 1.000000000000000000 ) ) ;
#3044 = CARTESIAN_POINT ( 'NONE',  ( 0.4869388488531224413, 36.27922150409798974, 8.987247075188731671 ) ) ;
#3045 = ORIENTED_EDGE ( 'NONE', *, *, #4524, .F. ) ;
#3046 = CARTESIAN_POINT ( 'NONE',  ( 3.463953835284556249, 31.93601559785729549, 8.306974998625351603 ) ) ;
#3047 = EDGE_CURVE ( 'NONE', #2004, #2525, #2476, .T. ) ;
#3048 = CARTESIAN_POINT ( 'NONE',  ( 0.2721348612420316226, 29.78232177566333760, 9.015885229292397440 ) ) ;
#3049 = VECTOR ( 'NONE', #420, 1000.000000000000000 ) ;
#3050 = CARTESIAN_POINT ( 'NONE',  ( 1.143529647435896912, 28.68589743589743790, 8.947056622730412911 ) ) ;
#3051 = CARTESIAN_POINT ( 'NONE',  ( 0.000000000000000000, 0.2000000000000000111, -7.000000000000000000 ) ) ;
#3052 = DIRECTION ( 'NONE',  ( 0.000000000000000000, -0.000000000000000000, 1.000000000000000000 ) ) ;
#3053 = ORIENTED_EDGE ( 'NONE', *, *, #2759, .F. ) ;
#3054 = CARTESIAN_POINT ( 'NONE',  ( 3.536122385634993481, 35.54911497492953032, 8.276229433720121875 ) ) ;
#3055 = ORIENTED_EDGE ( 'NONE', *, *, #3574, .F. ) ;
#3056 = CARTESIAN_POINT ( 'NONE',  ( 3.585853944677861005, 35.07841466872629610, 8.274796755769143530 ) ) ;
#3057 = CARTESIAN_POINT ( 'NONE',  ( 1.525641025641025328, 2.680769230769243450, 8.869747429373679992 ) ) ;
#3058 = CARTESIAN_POINT ( 'NONE',  ( 1.525641025641025550, 65.00000000000000000, 8.889747429373679566 ) ) ;
#3059 = EDGE_LOOP ( 'NONE', ( #2333, #4186, #4725, #2139, #1981 ) ) ;
#3060 = B_SPLINE_CURVE_WITH_KNOTS ( 'NONE', 3,
 ( #4664, #873, #2408, #3873 ),
 .UNSPECIFIED., .F., .F.,
 ( 4, 4 ),
 ( 0.001428103836324781141, 0.001927281835083302078 ),
 .UNSPECIFIED. ) ;
#3061 = CARTESIAN_POINT ( 'NONE',  ( 3.285762713214893438, 27.91643235291181568, 8.379733686369071677 ) ) ;
#3062 = CARTESIAN_POINT ( 'NONE',  ( 2.760168296356483530, 34.20953928395648092, 8.566302365565929833 ) ) ;
#3063 = DIRECTION ( 'NONE',  ( 0.000000000000000000, 0.000000000000000000, 1.000000000000000000 ) ) ;
#3064 = CARTESIAN_POINT ( 'NONE',  ( 2.268969551184299327, 29.52243102315139467, 8.729404598515621672 ) ) ;
#3065 = ORIENTED_EDGE ( 'NONE', *, *, #1406, .F. ) ;
#3066 = CARTESIAN_POINT ( 'NONE',  ( 0.2924174925716652162, 26.94324418340274363, 8.995342153770220506 ) ) ;
#3067 = CARTESIAN_POINT ( 'NONE',  ( 1.748597756410256610, 25.94871794871794890, 8.828499639592054749 ) ) ;
#3068 = CARTESIAN_POINT ( 'NONE',  ( 2.755455298081544285E-16, 38.01923076923078781, 9.019999999999997797 ) ) ;
#3069 = VERTEX_POINT ( 'NONE', #2116 ) ;
#3070 = CARTESIAN_POINT ( 'NONE',  ( 1.525641025641025550, 65.00000000000000000, 8.869747429373679992 ) ) ;
#3071 = DIRECTION ( 'NONE',  ( 0.000000000000000000, 1.000000000000000000, 0.000000000000000000 ) ) ;
#3072 = EDGE_CURVE ( 'NONE', #948, #2028, #2496, .T. ) ;
#3073 = CARTESIAN_POINT ( 'NONE',  ( 1.663793136887763868, 28.78197616844380846, 8.865531664551889790 ) ) ;
#3074 = CARTESIAN_POINT ( 'NONE',  ( 1.297299439069176108, 31.41528732405038227, 8.926819966749237167 ) ) ;
#3075 = CARTESIAN_POINT ( 'NONE',  ( 0.01452463370503429343, 31.97902776400004399, 9.000188520327940367 ) ) ;
#3076 = ORIENTED_EDGE ( 'NONE', *, *, #3623, .T. ) ;
#3077 = DIRECTION ( 'NONE',  ( 0.000000000000000000, 1.000000000000000000, 0.000000000000000000 ) ) ;
#3078 = ORIENTED_EDGE ( 'NONE', *, *, #3457, .F. ) ;
#3079 = B_SPLINE_CURVE_WITH_KNOTS ( 'NONE', 3,
 ( #4176, #1554, #3850, #3107, #3006, #2264, #3779, #1155, #3379, #3472, #384, #1506 ),
 .UNSPECIFIED., .F., .F.,
 ( 4, 2, 2, 2, 2, 4 ),
 ( 0.000000000000000000, 0.0002505752690406989045, 0.0005011505380813978091, 0.0007517258071220967678, 0.0008770134416424450003, 0.001002301076162793450 ),
 .UNSPECIFIED. ) ;
#3080 = CARTESIAN_POINT ( 'NONE',  ( 1.992588141025639858, 33.14082532051282470, 8.776650414608296202 ) ) ;
#3081 = CARTESIAN_POINT ( 'NONE',  ( 1.995146140973417026, 32.71901313735170902, 8.776070381515175711 ) ) ;
#3082 = CARTESIAN_POINT ( 'NONE',  ( 2.382369762101091748, 36.15605704579888169, 8.678829851512459115 ) ) ;
#3083 = CARTESIAN_POINT ( 'NONE',  ( 2.031276810749846451, 34.56581115531548676, 8.767919992940324647 ) ) ;
#3084 = ORIENTED_EDGE ( 'NONE', *, *, #4618, .T. ) ;
#3085 = CARTESIAN_POINT ( 'NONE',  ( -0.04370289355430860556, 34.81155071354302066, 9.019921190820127777 ) ) ;
#3086 = CARTESIAN_POINT ( 'NONE',  ( 2.804510091878038569, 34.21448273329877310, 8.551887656186039521 ) ) ;
#3087 = CARTESIAN_POINT ( 'NONE',  ( 2.574448496244448936, 34.20918243414224946, 8.644665795790546170 ) ) ;
#3088 = CARTESIAN_POINT ( 'NONE',  ( 1.102182119232617714E-15, 65.00000000000000000, 9.000000000000000000 ) ) ;
#3089 = ORIENTED_EDGE ( 'NONE', *, *, #1191, .T. ) ;
#3090 = CARTESIAN_POINT ( 'NONE',  ( 0.3701663982736325686, 26.76944133997425723, 9.012459538569393303 ) ) ;
#3091 = CARTESIAN_POINT ( 'NONE',  ( 0.3547157015932473900, 34.24152270648199448, 9.013209108329606423 ) ) ;
#3092 = CARTESIAN_POINT ( 'NONE',  ( 1.657388231570214865, 32.38399027198149582, 8.846076687781540215 ) ) ;
#3093 = LINE ( 'NONE', #2671, #3038 ) ;
#3094 = CARTESIAN_POINT ( 'NONE',  ( 0.8093693953831836430, 30.63987875727672971, 8.963969811465693383 ) ) ;
#3095 = CARTESIAN_POINT ( 'NONE',  ( -0.08741698405296494112, 35.13109746323456761, 8.999575750252416739 ) ) ;
#3096 = EDGE_CURVE ( 'NONE', #3353, #3341, #3181, .T. ) ;
#3097 = CARTESIAN_POINT ( 'NONE',  ( 2.693709935897436125, 34.51923076923077360, 8.587428414912547936 ) ) ;
#3098 = CARTESIAN_POINT ( 'NONE',  ( 0.7259919648729215025, 36.37000286108766289, 8.970517176103331991 ) ) ;
#3099 = FACE_OUTER_BOUND ( 'NONE', #2689, .T. ) ;
#3100 = ORIENTED_EDGE ( 'NONE', *, *, #2104, .F. ) ;
#3101 = CARTESIAN_POINT ( 'NONE',  ( 3.587045523517857326, 35.26443594278876503, 8.254277962965357318 ) ) ;
#3102 = EDGE_CURVE ( 'NONE', #4695, #781, #1416, .T. ) ;
#3103 = EDGE_CURVE ( 'NONE', #141, #4326, #3629, .T. ) ;
#3104 = EDGE_LOOP ( 'NONE', ( #1551, #1059, #2679, #4349 ) ) ;
#3105 = CARTESIAN_POINT ( 'NONE',  ( 0.7096635586520027017, 26.45986418055563760, 8.972271026386632542 ) ) ;
#3106 = CARTESIAN_POINT ( 'NONE',  ( 3.586158257692713125, 27.36998643072169912, 8.274664392773175337 ) ) ;
#3107 = CARTESIAN_POINT ( 'NONE',  ( 2.176810322218119875, 34.87676706695324924, 8.752826484103756854 ) ) ;
#3108 = EDGE_CURVE ( 'NONE', #805, #1020, #3977, .T. ) ;
#3109 = VERTEX_POINT ( 'NONE', #2162 ) ;
#3110 = CARTESIAN_POINT ( 'NONE',  ( 0.3773217109197223307, 28.02406842602688286, 8.992334142824322640 ) ) ;
#3111 = CARTESIAN_POINT ( 'NONE',  ( 3.093024331189124787, 34.31244161335704490, 8.452024798510452186 ) ) ;
#3112 = CARTESIAN_POINT ( 'NONE',  ( 3.030389565204759439, 34.66566256919333000, 8.494610085434990410 ) ) ;
#3113 = B_SPLINE_CURVE_WITH_KNOTS ( 'NONE', 3,
 ( #2195, #1039, #2542, #3334, #2935, #2219, #4108, #1062, #317, #4844, #708, #778, #4598, #1557, #3111, #3854, #3475, #12, #802, #3452, #3086, #64, #2292, #437, #3062, #3805, #1509, #1897, #4571, #1131, #2241, #4896, #4131, #1207 ),
 .UNSPECIFIED., .F., .F.,
 ( 4, 2, 2, 2, 2, 2, 2, 2, 2, 2, 2, 2, 2, 2, 2, 2, 4 ),
 ( 0.000000000000000000, 0.03124999999999582279, 0.06249999999999164557, 0.1249999999999832911, 0.2499999999999794609, 0.4999999999999846789, 0.6249999999999870104, 0.7499999999999894529, 0.8749999999999917843, 0.9062499999999921174, 0.9218749999999926725, 0.9374999999999932276, 0.9531249999999937828, 0.9687499999999944489, 0.9765624999999955591, 0.9843749999999967804, 1.000000000000000000 ),
 .UNSPECIFIED. ) ;
#3114 = ORIENTED_EDGE ( 'NONE', *, *, #527, .T. ) ;
#3115 = DIRECTION ( 'NONE',  ( -0.000000000000000000, -1.000000000000000000, -0.000000000000000000 ) ) ;
#3116 = CARTESIAN_POINT ( 'NONE',  ( 0.2692307692307692180, 27.14623397435897800, 9.015972142736957906 ) ) ;
#3117 = CARTESIAN_POINT ( 'NONE',  ( 0.3757611633875497237, 28.03752602135239158, 9.014044622736347989 ) ) ;
#3118 = AXIS2_PLACEMENT_3D ( 'NONE', #3690, #2529, #4457 ) ;
#3119 = CARTESIAN_POINT ( 'NONE',  ( 3.141025641025640081, 38.55769230769233502, 8.434094967595482828 ) ) ;
#3120 = CARTESIAN_POINT ( 'NONE',  ( 0.6006831290800965784, 33.11574161775898517, 9.000349943473358039 ) ) ;
#3121 = CARTESIAN_POINT ( 'NONE',  ( 2.007565518758207102, 32.62868145475712822, 8.773236900854678666 ) ) ;
#3122 = AXIS2_PLACEMENT_3D ( 'NONE', #161, #4300, #3528 ) ;
#3123 = ADVANCED_FACE ( 'NONE', ( #585 ), #1760, .F. ) ;
#3124 = CARTESIAN_POINT ( 'NONE',  ( 1.929487179487179738, 29.84415064102564585, 8.810738263888564958 ) ) ;
#3125 = B_SPLINE_CURVE_WITH_KNOTS ( 'NONE', 3,
 ( #613, #1750, #3260, #1376, #2885, #4030, #635, #260, #1772, #3284 ),
 .UNSPECIFIED., .F., .F.,
 ( 4, 2, 2, 2, 4 ),
 ( 2.168404344971008627E-19, 0.0003125690682445418081, 0.0006251381364890833993, 0.0009377072047336249905, 0.001250276272978166582 ),
 .UNSPECIFIED. ) ;
#3126 = CARTESIAN_POINT ( 'NONE',  ( 2.000714035840601479, 32.16959125034483691, 8.794903829786122174 ) ) ;
#3127 = CARTESIAN_POINT ( 'NONE',  ( 0.2081386019786990171, 31.69287873677823697, 8.998008208026734067 ) ) ;
#3128 = VERTEX_POINT ( 'NONE', #4767 ) ;
#3129 = DIRECTION ( 'NONE',  ( 0.000000000000000000, 1.000000000000000000, 0.000000000000000000 ) ) ;
#3130 = VECTOR ( 'NONE', #4692, 1000.000000000000000 ) ;
#3131 = EDGE_CURVE ( 'NONE', #3069, #1512, #1552, .T. ) ;
#3132 = CARTESIAN_POINT ( 'NONE',  ( 3.286669630016481491, 34.44949978361606924, 8.398749770803796366 ) ) ;
#3133 = AXIS2_PLACEMENT_3D ( 'NONE', #1032, #2828, #2535 ) ;
#3134 = CARTESIAN_POINT ( 'NONE',  ( 1.874343976292815350, 30.23853491395833615, 8.822660657922403615 ) ) ;
#3135 = CARTESIAN_POINT ( 'NONE',  ( 2.382369762101091748, 36.15605704579888169, 8.698958135435637118 ) ) ;
#3136 = CARTESIAN_POINT ( 'NONE',  ( 1.570512820512820262, 63.53076923076922355, 8.861912292536233693 ) ) ;
#3137 = ORIENTED_EDGE ( 'NONE', *, *, #1345, .T. ) ;
#3138 = VERTEX_POINT ( 'NONE', #4004 ) ;
#3139 = EDGE_CURVE ( 'NONE', #3223, #4813, #3125, .T. ) ;
#3140 = CARTESIAN_POINT ( 'NONE',  ( -0.08724100764860426294, 35.12439954665509134, 9.019577505090138558 ) ) ;
#3141 = CARTESIAN_POINT ( 'NONE',  ( 1.750000000000000222, 28.01282051282051100, 8.848221791504789380 ) ) ;
#3142 = ORIENTED_EDGE ( 'NONE', *, *, #4225, .F. ) ;
#3143 = B_SPLINE_CURVE_WITH_KNOTS ( 'NONE', 3,
 ( #2587, #1965, #3824, #484, #1233, #854, #2289, #3083, #828, #459 ),
 .UNSPECIFIED., .F., .F.,
 ( 4, 2, 2, 2, 4 ),
 ( 0.000000000000000000, 0.0002381303364237789973, 0.0004762606728475579946, 0.0007143910092713369377, 0.0009525213456951159893 ),
 .UNSPECIFIED. ) ;
#3144 = DIRECTION ( 'NONE',  ( -0.000000000000000000, -1.000000000000000000, -0.000000000000000000 ) ) ;
#3145 = LINE ( 'NONE', #470, #1465 ) ;
#3146 = CARTESIAN_POINT ( 'NONE',  ( 3.034171466857975119, 35.75939843499863002, 8.473263970345103147 ) ) ;
#3147 = CARTESIAN_POINT ( 'NONE',  ( 1.403256239540114692, 33.07029223552885355, 8.890176042702929493 ) ) ;
#3148 = CARTESIAN_POINT ( 'NONE',  ( 0.9633413461538461453, 33.21794871794871540, 8.968294443679782901 ) ) ;
#3149 = LINE ( 'NONE', #2356, #1852 ) ;
#3150 = FACE_OUTER_BOUND ( 'NONE', #3606, .T. ) ;
#3151 = CARTESIAN_POINT ( 'NONE',  ( 1.414636162150942456, 31.45753201003760680, 8.908744165789181935 ) ) ;
#3152 = CARTESIAN_POINT ( 'NONE',  ( 1.506678703611314063, 31.51050984983463366, 8.873170352174946984 ) ) ;
#3153 = ORIENTED_EDGE ( 'NONE', *, *, #2644, .F. ) ;
#3154 = LINE ( 'NONE', #2405, #430 ) ;
#3155 = CARTESIAN_POINT ( 'NONE',  ( 2.774227960672166038, 34.52179959679342858, 8.582171470356488641 ) ) ;
#3156 = CARTESIAN_POINT ( 'NONE',  ( 2.255769796525969983, 30.06447070588404102, 8.732725022255207747 ) ) ;
#3157 = CARTESIAN_POINT ( 'NONE',  ( 1.517865711178777888, 31.51990817351385488, 8.891081314181757733 ) ) ;
#3158 = CARTESIAN_POINT ( 'NONE',  ( 0.2692307692307692180, 27.14623397435897800, 8.995972142736960109 ) ) ;
#3159 = ORIENTED_EDGE ( 'NONE', *, *, #3131, .T. ) ;
#3160 = EDGE_CURVE ( 'NONE', #2585, #1673, #1118, .T. ) ;
#3161 = EDGE_LOOP ( 'NONE', ( #3571, #3065, #2437, #4480 ) ) ;
#3162 = DIRECTION ( 'NONE',  ( 0.000000000000000000, 0.000000000000000000, -1.000000000000000000 ) ) ;
#3163 = DIRECTION ( 'NONE',  ( 0.000000000000000000, 0.000000000000000000, -1.000000000000000000 ) ) ;
#3164 = ADVANCED_FACE ( 'NONE', ( #4103 ), #4125, .T. ) ;
#3165 = VERTEX_POINT ( 'NONE', #725 ) ;
#3166 = CARTESIAN_POINT ( 'NONE',  ( 0.2876340140360946207, 30.09152159333531174, 9.015476202179822707 ) ) ;
#3167 = CARTESIAN_POINT ( 'NONE',  ( 1.019431089743589869, 34.02564102564102910, 8.942078072420537538 ) ) ;
#3168 = CARTESIAN_POINT ( 'NONE',  ( 2.870494130104370711, 35.87551131139489513, 8.550086321092139841 ) ) ;
#3169 = FACE_OUTER_BOUND ( 'NONE', #4669, .T. ) ;
#3170 = CARTESIAN_POINT ( 'NONE',  ( 0.2769241669837178565, 35.38615759232561686, 9.015880935290930154 ) ) ;
#3171 = CARTESIAN_POINT ( 'NONE',  ( -0.06930596362689374346, 35.54890278592818476, 8.999736252901028521 ) ) ;
#3172 = CARTESIAN_POINT ( 'NONE',  ( 1.143529647435897578, 28.68589743589743790, 8.926908524185549254 ) ) ;
#3173 = VERTEX_POINT ( 'NONE', #4079 ) ;
#3174 = CARTESIAN_POINT ( 'NONE',  ( 2.135994066240885392, 35.41531022555825814, 8.762867160123425592 ) ) ;
#3175 = FACE_OUTER_BOUND ( 'NONE', #4032, .T. ) ;
#3176 = CARTESIAN_POINT ( 'NONE',  ( 1.904298334317840791, 30.10890764371999850, 8.816234726239077446 ) ) ;
#3177 = DIRECTION ( 'NONE',  ( -0.000000000000000000, -1.000000000000000000, -0.000000000000000000 ) ) ;
#3178 = CARTESIAN_POINT ( 'NONE',  ( 3.122591877096878576, 26.26174315395418191, 8.443093716963060658 ) ) ;
#3179 = ORIENTED_EDGE ( 'NONE', *, *, #3862, .T. ) ;
#3180 = ORIENTED_EDGE ( 'NONE', *, *, #1204, .F. ) ;
#3181 = LINE ( 'NONE', #2464, #3130 ) ;
#3182 = ADVANCED_FACE ( 'NONE', ( #311 ), #3654, .F. ) ;
#3183 = EDGE_CURVE ( 'NONE', #3552, #2176, #1553, .T. ) ;
#3184 = CARTESIAN_POINT ( 'NONE',  ( 0.6681240484080923636, 33.15311287915456262, 8.995453798938847001 ) ) ;
#3185 = CARTESIAN_POINT ( 'NONE',  ( 2.518173228293873578, 30.45781142550781340, 8.640665468299692620 ) ) ;
#3186 = ORIENTED_EDGE ( 'NONE', *, *, #2849, .T. ) ;
#3187 = CARTESIAN_POINT ( 'NONE',  ( 0.4847142157781373917, 26.62842381490408172, 9.006938082833226389 ) ) ;
#3188 = EDGE_CURVE ( 'NONE', #2404, #4277, #3448, .T. ) ;
#3189 = DIRECTION ( 'NONE',  ( 0.000000000000000000, 1.000000000000000000, -0.000000000000000000 ) ) ;
#3190 = CARTESIAN_POINT ( 'NONE',  ( 3.230769230769231726, 35.21614583333333570, 8.400126795323677342 ) ) ;
#3191 = CARTESIAN_POINT ( 'NONE',  ( 3.499999999999998668, 38.35226362179489712, 8.291561975888502189 ) ) ;
#3192 = CARTESIAN_POINT ( 'NONE',  ( 0.7259919648729215025, 36.37000286108766289, 8.990670859358287359 ) ) ;
#3193 = CARTESIAN_POINT ( 'NONE',  ( 3.525009043841628831, 26.73281845162275516, 8.301946413771519317 ) ) ;
#3194 = VERTEX_POINT ( 'NONE', #3471 ) ;
#3195 = EDGE_CURVE ( 'NONE', #2119, #2223, #4221, .T. ) ;
#3196 = CARTESIAN_POINT ( 'NONE',  ( 1.746253425334203024, 35.08897299441985496, 8.828967517917297059 ) ) ;
#3197 = ADVANCED_FACE ( 'NONE', ( #458 ), #4803, .F. ) ;
#3198 = CARTESIAN_POINT ( 'NONE',  ( 3.221205238263322723, 35.38182052653283449, 8.423830973619708118 ) ) ;
#3199 = CARTESIAN_POINT ( 'NONE',  ( 3.589743589743589869, 32.09615384615385381, 8.253104928443281807 ) ) ;
#3200 = EDGE_LOOP ( 'NONE', ( #1223, #1411 ) ) ;
#3201 = LINE ( 'NONE', #4317, #1463 ) ;
#3202 = CIRCLE ( 'NONE', #2490, 9.000000000000000000 ) ;
#3203 = AXIS2_PLACEMENT_3D ( 'NONE', #19, #886, #1267 ) ;
#3204 = CARTESIAN_POINT ( 'NONE',  ( 0.3194682214944217225, 32.16459724535979348, 9.014459773824212263 ) ) ;
#3205 = LINE ( 'NONE', #208, #2172 ) ;
#3206 = CARTESIAN_POINT ( 'NONE',  ( 1.151170801911367780, 33.19597945222961499, 8.946197859909142736 ) ) ;
#3207 = VECTOR ( 'NONE', #176, 1000.000000000000000 ) ;
#3208 = DIRECTION ( 'NONE',  ( 0.000000000000000000, 0.000000000000000000, 1.000000000000000000 ) ) ;
#3209 = CARTESIAN_POINT ( 'NONE',  ( 3.589743589743590313, 27.15675080128205110, 8.273104928443284933 ) ) ;
#3210 = ORIENTED_EDGE ( 'NONE', *, *, #1889, .T. ) ;
#3211 = ORIENTED_EDGE ( 'NONE', *, *, #3623, .F. ) ;
#3212 = AXIS2_PLACEMENT_3D ( 'NONE', #3692, #4094, #3321 ) ;
#3213 = CARTESIAN_POINT ( 'NONE',  ( 0.9887705649582904099, 26.35523398735550771, 8.946314896032067310 ) ) ;
#3214 = CARTESIAN_POINT ( 'NONE',  ( 0.5384615384615391021, 62.18461538461537685, 9.003877735788572423 ) ) ;
#3215 = CARTESIAN_POINT ( 'NONE',  ( 2.534948559508941379, 26.35121513804705629, 8.656981255677072440 ) ) ;
#3216 = ORIENTED_EDGE ( 'NONE', *, *, #1400, .T. ) ;
#3217 = CARTESIAN_POINT ( 'NONE',  ( 1.156850961538461675, 29.00000000000000355, 8.925340097317723931 ) ) ;
#3218 = CARTESIAN_POINT ( 'NONE',  ( 0.8666286912093266182, 34.35492130483914508, 8.958050108009285140 ) ) ;
#3219 = CARTESIAN_POINT ( 'NONE',  ( 2.019230769230769607, 32.41656650641025550, 8.790559109919486858 ) ) ;
#3220 = CARTESIAN_POINT ( 'NONE',  ( 1.196261646316310934, 33.18208029547748339, 8.920248598591607347 ) ) ;
#3221 = DIRECTION ( 'NONE',  ( 0.000000000000000000, 1.000000000000000000, 0.000000000000000000 ) ) ;
#3222 = CARTESIAN_POINT ( 'NONE',  ( 1.156850961538461453, 29.00000000000000355, 8.945340097317723504 ) ) ;
#3223 = VERTEX_POINT ( 'NONE', #3875 ) ;
#3224 = B_SPLINE_SURFACE_WITH_KNOTS ( 'NONE', 3, 1, ( 
 ( #3791, #1247 ),
 ( #2749, #4607 ),
 ( #3866, #2652 ),
 ( #867, #2673 ),
 ( #421, #474 ),
 ( #3121, #765 ),
 ( #1999, #4267 ),
 ( #2380, #844 ),
 ( #3511, #4167 ),
 ( #3839, #3438 ) ),
 .UNSPECIFIED., .F., .F., .F.,
 ( 4, 3, 3, 4 ),
 ( 2, 2 ),
 ( 0.000000000000000000, 0.2501108328652439927, 0.5003242984343939659, 1.000000000000000000 ),
 ( 0.000000000000000000, 1.000000000000000000 ),
 .UNSPECIFIED. ) ;
#3225 = CARTESIAN_POINT ( 'NONE',  ( 3.140678462097000079, 35.61665392488497872, 8.454378013948765869 ) ) ;
#3226 = CARTESIAN_POINT ( 'NONE',  ( 0.6865901848730330270, 28.76411938953259906, 8.993772557739358575 ) ) ;
#3227 = ORIENTED_EDGE ( 'NONE', *, *, #2855, .T. ) ;
#3228 = CARTESIAN_POINT ( 'NONE',  ( 0.000000000000000000, 61.15256410256409225, 0.02000000000000000042 ) ) ;
#3229 = EDGE_CURVE ( 'NONE', #1717, #3526, #1654, .T. ) ;
#3230 = CARTESIAN_POINT ( 'NONE',  ( 2.767754056236155336, 34.20884378912036539, 8.583966568468753167 ) ) ;
#3231 = CARTESIAN_POINT ( 'NONE',  ( 0.3240168681527769712, 30.18541210035440869, 9.014165501543580206 ) ) ;
#3232 = CARTESIAN_POINT ( 'NONE',  ( 3.499999999999999556, 28.82051282051282826, 8.311561975888498210 ) ) ;
#3233 = CYLINDRICAL_SURFACE ( 'NONE', #4311, 9.000000000000000000 ) ;
#3234 = CARTESIAN_POINT ( 'NONE',  ( 1.436093359273914905, 28.01166699579798802, 8.886082256587988226 ) ) ;
#3235 = VERTEX_POINT ( 'NONE', #4762 ) ;
#3236 = CARTESIAN_POINT ( 'NONE',  ( 0.5866592763759951312, 35.96554869313521152, 8.981340422266210766 ) ) ;
#3237 = CARTESIAN_POINT ( 'NONE',  ( 2.696952904057692280E-15, 29.41039598459150994, 9.000000000000000000 ) ) ;
#3238 = CARTESIAN_POINT ( 'NONE',  ( 1.525641025641025106, 1.334615384615392308, 8.889747429373679566 ) ) ;
#3239 = ORIENTED_EDGE ( 'NONE', *, *, #4127, .T. ) ;
#3240 = CARTESIAN_POINT ( 'NONE',  ( -0.05213138693697425691, 32.76718895573950618, 8.999859980327055808 ) ) ;
#3241 = CARTESIAN_POINT ( 'NONE',  ( 0.4033980184186997664, 34.68035583999605365, 9.011260617315741683 ) ) ;
#3242 = CARTESIAN_POINT ( 'NONE',  ( 3.126206200148406555, 35.64014659342111457, 8.439740906594387582 ) ) ;
#3243 = FACE_OUTER_BOUND ( 'NONE', #878, .T. ) ;
#3244 = DIRECTION ( 'NONE',  ( 0.000000000000000000, 0.000000000000000000, -1.000000000000000000 ) ) ;
#3245 = CARTESIAN_POINT ( 'NONE',  ( 3.583494377508217976, 35.34501215129139950, 8.275833934135089720 ) ) ;
#3246 = ORIENTED_EDGE ( 'NONE', *, *, #3768, .T. ) ;
#3247 = CARTESIAN_POINT ( 'NONE',  ( 1.431770927244793379, 34.49846074143883357, 8.905383053750778544 ) ) ;
#3248 = CARTESIAN_POINT ( 'NONE',  ( 1.851322676266654810, 29.42131774316410286, 8.807594168197772078 ) ) ;
#3249 = CARTESIAN_POINT ( 'NONE',  ( 1.903527151319452271, 28.93649506597543564, 8.796570668949762251 ) ) ;
#3250 = EDGE_CURVE ( 'NONE', #1234, #2932, #1939, .T. ) ;
#3251 = VERTEX_POINT ( 'NONE', #2410 ) ;
#3252 = CARTESIAN_POINT ( 'NONE',  ( 1.156850961538461453, 29.00000000000000355, 8.945340097317725281 ) ) ;
#3253 = B_SPLINE_CURVE_WITH_KNOTS ( 'NONE', 3,
 ( #4774, #4309, #3660, #916, #4752, #222, #2071, #195, #966, #3268, #2523, #2047, #3192, #4704, #571, #2790 ),
 .UNSPECIFIED., .F., .F.,
 ( 4, 3, 3, 3, 3, 4 ),
 ( 0.000000000000000000, 0.2735084533117628225, 0.4594344858163033063, 0.6449850236944797421, 0.8510896094543056734, 1.000000000000000000 ),
 .UNSPECIFIED. ) ;
#3254 = CARTESIAN_POINT ( 'NONE',  ( -0.05569416465847825543, 29.56463758234269434, 9.019845089038602381 ) ) ;
#3255 = CARTESIAN_POINT ( 'NONE',  ( 1.717270386729470744, 34.93569679637660386, 8.854663304533760382 ) ) ;
#3256 = CARTESIAN_POINT ( 'NONE',  ( 0.1853782835168377718, 33.19398262030788516, 9.018090624793705601 ) ) ;
#3257 = EDGE_CURVE ( 'NONE', #3844, #2475, #155, .T. ) ;
#3258 = CARTESIAN_POINT ( 'NONE',  ( -0.08727652888725570546, 27.30207349032830422, 8.999577150872138276 ) ) ;
#3259 = ORIENTED_EDGE ( 'NONE', *, *, #533, .T. ) ;
#3260 = CARTESIAN_POINT ( 'NONE',  ( 1.198384955508610350, 36.38840244312456207, 8.920416663177114458 ) ) ;
#3261 = CARTESIAN_POINT ( 'NONE',  ( 1.346604295554237440, 28.32456961239112658, 8.928119608152979225 ) ) ;
#3262 = ORIENTED_EDGE ( 'NONE', *, *, #99, .F. ) ;
#3263 = B_SPLINE_SURFACE_WITH_KNOTS ( 'NONE', 3, 1, ( 
 ( #2787, #2043 ),
 ( #3381, #3358 ),
 ( #686, #316 ),
 ( #1456, #2987 ),
 ( #4819, #1404 ),
 ( #365, #2240 ),
 ( #4084, #2194 ),
 ( #3706, #4499 ),
 ( #3311, #3010 ),
 ( #2541, #1777 ),
 ( #1822, #2615 ),
 ( #1429, #4873 ),
 ( #1130, #2934 ),
 ( #3657, #1485 ),
 ( #1108, #4475 ),
 ( #4424, #4449 ) ),
 .UNSPECIFIED., .F., .F., .F.,
 ( 4, 3, 3, 3, 3, 4 ),
 ( 2, 2 ),
 ( 0.000000000000000000, 0.2358494508360171049, 0.4743947014905959825, 0.6806944817200916154, 0.9130293632771566692, 1.000000000000000000 ),
 ( 0.000000000000000000, 1.000000000000000000 ),
 .UNSPECIFIED. ) ;
#3264 = CARTESIAN_POINT ( 'NONE',  ( 1.928123739612948029, 29.91067140414394743, 8.791037526553244774 ) ) ;
#3265 = CARTESIAN_POINT ( 'NONE',  ( 0.3297053553049290597, 34.84327327290338161, 9.014085244668878616 ) ) ;
#3266 = CARTESIAN_POINT ( 'NONE',  ( 2.229743574867680600, 30.16596626863940145, 8.719422156179254202 ) ) ;
#3267 = CARTESIAN_POINT ( 'NONE',  ( 1.103792330734928884, 36.40118485603312593, 8.952781909965949581 ) ) ;
#3268 = CARTESIAN_POINT ( 'NONE',  ( 0.3921902702689890052, 36.21630199027183039, 9.011450761247621344 ) ) ;
#3269 = CARTESIAN_POINT ( 'NONE',  ( 2.992353333446488239, 36.16143726800181213, 8.507981004208110321 ) ) ;
#3270 = ORIENTED_EDGE ( 'NONE', *, *, #3257, .F. ) ;
#3271 = CARTESIAN_POINT ( 'NONE',  ( 1.236634583837281864, 34.38086211759208055, 8.914635663240021657 ) ) ;
#3272 = CARTESIAN_POINT ( 'NONE',  ( 1.884615384615384803, 65.00000000000000000, 8.800467308732587313 ) ) ;
#3273 = CARTESIAN_POINT ( 'NONE',  ( 3.228556766925503752, 35.29952684162947918, 8.400977730111286235 ) ) ;
#3274 = VERTEX_POINT ( 'NONE', #3232 ) ;
#3275 = CARTESIAN_POINT ( 'NONE',  ( 0.5384615384615391021, 62.18461538461537685, 8.983877735788572849 ) ) ;
#3276 = CARTESIAN_POINT ( 'NONE',  ( 2.681790865384614975, 34.20512820512820440, 8.591158114849218208 ) ) ;
#3277 = CARTESIAN_POINT ( 'NONE',  ( 0.3880723089366997502, 30.32572209890637183, 8.991610619427101270 ) ) ;
#3278 = DIRECTION ( 'NONE',  ( 0.000000000000000000, 1.000000000000000000, 0.000000000000000000 ) ) ;
#3279 = CARTESIAN_POINT ( 'NONE',  ( 2.112061367438998971, 35.29010525063112169, 8.748671149725703700 ) ) ;
#3280 = VECTOR ( 'NONE', #2340, 1000.000000000000000 ) ;
#3281 = EDGE_CURVE ( 'NONE', #2929, #3031, #1007, .T. ) ;
#3282 = VECTOR ( 'NONE', #888, 1000.000000000000000 ) ;
#3283 = VECTOR ( 'NONE', #4403, 1000.000000000000000 ) ;
#3284 = CARTESIAN_POINT ( 'NONE',  ( 1.949819711538461675, 35.71324118589743790, 8.786250798406339158 ) ) ;
#3285 = CARTESIAN_POINT ( 'NONE',  ( 3.431201340437079583, 34.62364678254429151, 8.340658599139686658 ) ) ;
#3286 = AXIS2_PLACEMENT_3D ( 'NONE', #3412, #2277, #1811 ) ;
#3287 = EDGE_LOOP ( 'NONE', ( #2753, #1820, #2781, #4776 ) ) ;
#3288 = CARTESIAN_POINT ( 'NONE',  ( 1.568056855695880492, 32.87676339383089186, 8.862258540483932023 ) ) ;
#3289 = CARTESIAN_POINT ( 'NONE',  ( 3.166150402716472190, 27.47203449808135289, 8.425328474772866727 ) ) ;
#3290 = DIRECTION ( 'NONE',  ( 0.000000000000000000, 0.000000000000000000, -1.000000000000000000 ) ) ;
#3291 = CARTESIAN_POINT ( 'NONE',  ( 1.430432060185064413, 36.30576652200556254, 8.906245298196049376 ) ) ;
#3292 = LINE ( 'NONE', #2503, #4395 ) ;
#3293 = CALENDAR_DATE ( 2026, 1, 3 ) ;
#3294 = ORIENTED_EDGE ( 'NONE', *, *, #4073, .F. ) ;
#3295 = CARTESIAN_POINT ( 'NONE',  ( 0.8668772544569437466, 31.69697129071804298, 8.958275562739789422 ) ) ;
#3296 = CARTESIAN_POINT ( 'NONE',  ( 0.8016445163467484925, 34.37057947168874961, 8.984381031601875733 ) ) ;
#3297 = CARTESIAN_POINT ( 'NONE',  ( 2.846749477110226856, 35.89002026103540288, 8.538233668543025345 ) ) ;
#3298 = EDGE_LOOP ( 'NONE', ( #4823, #2843, #3377, #2283 ) ) ;
#3299 = CARTESIAN_POINT ( 'NONE',  ( 1.795120052114145492, 29.32487806031840094, 8.819102777624950207 ) ) ;
#3300 = CARTESIAN_POINT ( 'NONE',  ( 1.985576923076922462, 32.77904647435897800, 8.778239247283270430 ) ) ;
#3301 = CARTESIAN_POINT ( 'NONE',  ( 0.2719862225342621342, 29.98898539903236227, 9.015889677740313246 ) ) ;
#3302 = LINE ( 'NONE', #4886, #2642 ) ;
#3303 = CARTESIAN_POINT ( 'NONE',  ( 1.812527315678325701, 35.95435062129456583, 8.835924287144665712 ) ) ;
#3304 = B_SPLINE_SURFACE_WITH_KNOTS ( 'NONE', 3, 1, ( 
 ( #841, #4207 ),
 ( #1953, #3459 ),
 ( #4604, #1213 ),
 ( #4237, #1974 ),
 ( #3483, #95 ),
 ( #3242, #2471 ),
 ( #2044, #4676 ),
 ( #3146, #2788 ),
 ( #2069, #964 ),
 ( #4750, #493 ),
 ( #1314, #3168 ),
 ( #1710, #4357 ),
 ( #1287, #543 ),
 ( #2768, #4305 ),
 ( #4333, #3984 ),
 ( #914, #166 ) ),
 .UNSPECIFIED., .F., .F., .F.,
 ( 4, 3, 3, 3, 3, 4 ),
 ( 2, 2 ),
 ( 0.000000000000000000, 0.2881532323793605799, 0.5199406569283890889, 0.7524639609251931871, 0.9098829338842663317, 1.000000000000000000 ),
 ( 0.000000000000000000, 1.000000000000000000 ),
 .UNSPECIFIED. ) ;
#3305 = CARTESIAN_POINT ( 'NONE',  ( 3.114761018612679067, 28.02885898922134444, 8.443958499217583125 ) ) ;
#3306 = CARTESIAN_POINT ( 'NONE',  ( 3.286669630016481491, 34.44949978361606924, 8.398749770803785708 ) ) ;
#3307 = EDGE_CURVE ( 'NONE', #4089, #4472, #555, .T. ) ;
#3308 = ORIENTED_EDGE ( 'NONE', *, *, #353, .T. ) ;
#3309 = B_SPLINE_CURVE_WITH_KNOTS ( 'NONE', 3,
 ( #1756, #3267, #3335, #4036, #3291, #4799, #2146, #2914, #1948, #4180, #3829, #41, #2293 ),
 .UNSPECIFIED., .F., .F.,
 ( 4, 3, 3, 3, 4 ),
 ( 0.000000000000000000, 0.2727628557492303707, 0.5465475081654749268, 0.8955037421976567158, 1.000000000000000000 ),
 .UNSPECIFIED. ) ;
#3310 = CARTESIAN_POINT ( 'NONE',  ( 1.904298334317840791, 30.10890764371999850, 8.816234726239077446 ) ) ;
#3311 = CARTESIAN_POINT ( 'NONE',  ( 0.3228347986938351899, 30.75569768494950296, 8.994559589613531969 ) ) ;
#3312 = CARTESIAN_POINT ( 'NONE',  ( 2.108974358974359031, 35.20352564102564230, 8.749412960489902247 ) ) ;
#3313 = EDGE_CURVE ( 'NONE', #1555, #370, #4831, .T. ) ;
#3314 = CARTESIAN_POINT ( 'NONE',  ( 1.613552667985956868, 35.71840309495323140, 8.874454425031196081 ) ) ;
#3315 = CARTESIAN_POINT ( 'NONE',  ( 2.238550768379149680, 25.97655731881507180, 8.717197741270316769 ) ) ;
#3316 = ORIENTED_EDGE ( 'NONE', *, *, #3801, .F. ) ;
#3317 = CARTESIAN_POINT ( 'NONE',  ( 1.747999312029216101, 35.30833499615082616, 8.828492304023880521 ) ) ;
#3318 = CARTESIAN_POINT ( 'NONE',  ( 2.108974358974359031, 35.20352564102564230, 8.749412960489904023 ) ) ;
#3319 = LINE ( 'NONE', #648, #1634 ) ;
#3320 = VERTEX_POINT ( 'NONE', #3945 ) ;
#3321 = DIRECTION ( 'NONE',  ( 0.000000000000000000, 0.000000000000000000, -1.000000000000000000 ) ) ;
#3322 = CARTESIAN_POINT ( 'NONE',  ( 1.631586612435918404, 29.14691168302944746, 8.871063201316536251 ) ) ;
#3323 = CARTESIAN_POINT ( 'NONE',  ( 0.04064662091637886304, 31.93006254041852543, 9.000000000000000000 ) ) ;
#3324 = FACE_OUTER_BOUND ( 'NONE', #1737, .T. ) ;
#3325 = CARTESIAN_POINT ( 'NONE',  ( 0.4875146015747208184, 29.30004875313569457, 9.006786384089222608 ) ) ;
#3326 = CARTESIAN_POINT ( 'NONE',  ( 1.324401239106464567, 36.34575278482435579, 8.901885807375121473 ) ) ;
#3327 = ORIENTED_EDGE ( 'NONE', *, *, #1596, .F. ) ;
#3328 = CARTESIAN_POINT ( 'NONE',  ( 2.044698683027466046, 28.31979199205353837, 8.764667545493820100 ) ) ;
#3329 = CARTESIAN_POINT ( 'NONE',  ( 2.767754056236155336, 34.20884378912036539, 8.583966568468742508 ) ) ;
#3330 = B_SPLINE_CURVE_WITH_KNOTS ( 'NONE', 3,
 ( #3968, #174, #2053, #576, #1369, #1667, #2531, #3592, #1393, #3174, #1003, #1348, #252, #974 ),
 .UNSPECIFIED., .F., .F.,
 ( 4, 2, 2, 2, 2, 2, 4 ),
 ( 4.336808689942017736E-19, 0.0001264073244883662554, 0.0002528146489767320771, 0.0005056292979534739119, 0.0007584439469302158010, 0.0008848512714185865829, 0.001011258595906957365 ),
 .UNSPECIFIED. ) ;
#3331 = ORIENTED_EDGE ( 'NONE', *, *, #1346, .T. ) ;
#3332 = CARTESIAN_POINT ( 'NONE',  ( 1.417632302786240306, 33.05574425431998975, 8.907953496081971068 ) ) ;
#3333 = FACE_OUTER_BOUND ( 'NONE', #727, .T. ) ;
#3334 = CARTESIAN_POINT ( 'NONE',  ( 3.586527690655221257, 35.13394261387558970, 8.254503027476788546 ) ) ;
#3335 = CARTESIAN_POINT ( 'NONE',  ( 1.218910590773804037, 36.38553533810692642, 8.937714480912774206 ) ) ;
#3336 = CARTESIAN_POINT ( 'NONE',  ( 2.986501686242723608, 26.19368089016117906, 8.490170749517041315 ) ) ;
#3337 = ORIENTED_EDGE ( 'NONE', *, *, #930, .T. ) ;
#3338 = CARTESIAN_POINT ( 'NONE',  ( 0.9801682692307693845, 36.08974358974359831, 8.966595916208934369 ) ) ;
#3339 = DIRECTION ( 'NONE',  ( 0.000000000000000000, 0.000000000000000000, 1.000000000000000000 ) ) ;
#3340 = CARTESIAN_POINT ( 'NONE',  ( 0.1853782835168377718, 33.19398262030788516, 9.018090624793709154 ) ) ;
#3341 = VERTEX_POINT ( 'NONE', #1299 ) ;
#3342 = PLANE ( 'NONE',  #1236 ) ;
#3343 = CARTESIAN_POINT ( 'NONE',  ( 1.748831225909856180, 35.14314201151884731, 8.828453475155928487 ) ) ;
#3344 = LINE ( 'NONE', #378, #1784 ) ;
#3345 = DIRECTION ( 'NONE',  ( 0.000000000000000000, 0.000000000000000000, 1.000000000000000000 ) ) ;
#3346 = CARTESIAN_POINT ( 'NONE',  ( -0.05314852101796425227, 32.16895423659858722, 8.999854524792020527 ) ) ;
#3347 = CARTESIAN_POINT ( 'NONE',  ( 3.221866967431195050, 26.97840296022688378, 8.403349897656379852 ) ) ;
#3348 = B_SPLINE_CURVE_WITH_KNOTS ( 'NONE', 3,
 ( #1538, #784, #3435, #4579, #471, #3836, #2299, #3811, #418, #1187, #3092, #2717 ),
 .UNSPECIFIED., .F., .F.,
 ( 4, 2, 2, 2, 2, 4 ),
 ( 2.168404344971008868E-19, 0.0001457617974931369603, 0.0002915235949862737038, 0.0005830471899725373245, 0.0008745707849588010537, 0.001166094379945064674 ),
 .UNSPECIFIED. ) ;
#3349 = ORIENTED_EDGE ( 'NONE', *, *, #353, .F. ) ;
#3350 = DIRECTION ( 'NONE',  ( -0.000000000000000000, 1.000000000000000000, -0.000000000000000000 ) ) ;
#3351 = VECTOR ( 'NONE', #2500, 1000.000000000000000 ) ;
#3352 = DIRECTION ( 'NONE',  ( 0.000000000000000000, 0.000000000000000000, -1.000000000000000000 ) ) ;
#3353 = VERTEX_POINT ( 'NONE', #579 ) ;
#3354 = AXIS2_PLACEMENT_3D ( 'NONE', #3672, #2160, #4788 ) ;
#3355 = AXIS2_PLACEMENT_3D ( 'NONE', #2648, #4805, #3016 ) ;
#3356 = B_SPLINE_CURVE_WITH_KNOTS ( 'NONE', 3,
 ( #4007, #3631, #238, #4301, #3529, #140, #2777, #133, #1176, #1573, #796, #4615, #2733, #1647 ),
 .UNSPECIFIED., .F., .F.,
 ( 4, 2, 2, 2, 2, 2, 4 ),
 ( 4.336808689942017736E-19, 0.0001264073244883660927, 0.0002528146489767317518, 0.0005056292979534617689, 0.0007584439469301917317, 0.0008848512714185569842, 0.001011258595906922237 ),
 .UNSPECIFIED. ) ;
#3357 = DIRECTION ( 'NONE',  ( 0.000000000000000000, 0.000000000000000000, -1.000000000000000000 ) ) ;
#3358 = CARTESIAN_POINT ( 'NONE',  ( -0.08726923455048958556, 30.03144726883032689, 9.019577223611305428 ) ) ;
#3359 = CARTESIAN_POINT ( 'NONE',  ( 0.000000000000000000, 37.70512820512822572, 0.000000000000000000 ) ) ;
#3360 = AXIS2_PLACEMENT_3D ( 'NONE', #2058, #4297, #1048 ) ;
#3361 = CARTESIAN_POINT ( 'NONE',  ( 0.9633413461538461453, 33.21794871794871540, 8.948294443679783328 ) ) ;
#3362 = DIRECTION ( 'NONE',  ( 0.000000000000000000, 1.000000000000000000, 0.000000000000000000 ) ) ;
#3363 = PERSON_AND_ORGANIZATION_ROLE ( 'creator' ) ;
#3364 = ORIENTED_EDGE ( 'NONE', *, *, #2644, .T. ) ;
#3365 = VECTOR ( 'NONE', #2864, 1000.000000000000000 ) ;
#3366 = CARTESIAN_POINT ( 'NONE',  ( -1.062179315856892428E-15, 32.02592962024690593, 8.999999999999994671 ) ) ;
#3367 = DIRECTION ( 'NONE',  ( -0.000000000000000000, -1.000000000000000000, -0.000000000000000000 ) ) ;
#3368 = CARTESIAN_POINT ( 'NONE',  ( -0.05569416465847825543, 29.56463758234269434, 9.019845089038602381 ) ) ;
#3369 = EDGE_LOOP ( 'NONE', ( #2996, #3895, #4233, #4647 ) ) ;
#3370 = DIRECTION ( 'NONE',  ( 0.000000000000000000, 1.000000000000000000, -0.000000000000000000 ) ) ;
#3371 = CARTESIAN_POINT ( 'NONE',  ( 1.270603099065927166, 29.00223684496993926, 8.910462012942652166 ) ) ;
#3372 = EDGE_CURVE ( 'NONE', #2223, #1468, #2325, .T. ) ;
#3373 = CARTESIAN_POINT ( 'NONE',  ( 3.176359598677400253, 32.00034762286728096, 8.421759781224466224 ) ) ;
#3374 = CARTESIAN_POINT ( 'NONE',  ( 0.9906850961538462563, 36.40384615384615330, 8.945308437402179180 ) ) ;
#3375 = CARTESIAN_POINT ( 'NONE',  ( 1.049568564634837387, 29.00380436002266293, 8.938618120232515452 ) ) ;
#3376 = CARTESIAN_POINT ( 'NONE',  ( 8.572527594031473190E-16, 0.2000000000000000111, 7.000000000000000000 ) ) ;
#3377 = ORIENTED_EDGE ( 'NONE', *, *, #1081, .F. ) ;
#3378 = CARTESIAN_POINT ( 'NONE',  ( 2.073849404112185102, 35.92079265488010975, 8.778243431314082912 ) ) ;
#3379 = CARTESIAN_POINT ( 'NONE',  ( 2.534221831618403087, 34.54680422660041472, 8.655934722509243784 ) ) ;
#3380 = ORIENTED_EDGE ( 'NONE', *, *, #2554, .T. ) ;
#3381 = CARTESIAN_POINT ( 'NONE',  ( -0.08726923455048958556, 30.03144726883032689, 8.999437208038232328 ) ) ;
#3382 = CARTESIAN_POINT ( 'NONE',  ( 3.499999999999996447, 30.25641025641025905, 8.291561975888502189 ) ) ;
#3383 = PLANE ( 'NONE',  #3587 ) ;
#3384 = CARTESIAN_POINT ( 'NONE',  ( 3.525765410618779239, 26.79242479581869674, 8.280655646404300185 ) ) ;
#3385 = ORIENTED_EDGE ( 'NONE', *, *, #3480, .T. ) ;
#3386 = CARTESIAN_POINT ( 'NONE',  ( 0.9801682692307693845, 36.08974358974359831, 8.946340829881712864 ) ) ;
#3387 = CARTESIAN_POINT ( 'NONE',  ( 0.9595515541139603144, 34.34104854873916679, 8.968864024588144801 ) ) ;
#3388 = CARTESIAN_POINT ( 'NONE',  ( 1.156850961538461453, 29.00000000000000355, 8.945340097317723504 ) ) ;
#3389 = CARTESIAN_POINT ( 'NONE',  ( 2.657575518161817918, 34.52124256712198758, 8.618808451635882051 ) ) ;
#3390 = CARTESIAN_POINT ( 'NONE',  ( 0.9801682692307691624, 36.08974358974359120, 8.946339076498590615 ) ) ;
#3391 = CARTESIAN_POINT ( 'NONE',  ( 1.869944798716008272, 29.47110401311875449, 8.803548647107215075 ) ) ;
#3392 = EDGE_CURVE ( 'NONE', #1810, #4781, #1476, .T. ) ;
#3393 = DIRECTION ( 'NONE',  ( 0.000000000000000000, 0.000000000000000000, 1.000000000000000000 ) ) ;
#3394 = FACE_OUTER_BOUND ( 'NONE', #3632, .T. ) ;
#3395 = CARTESIAN_POINT ( 'NONE',  ( 1.156850961538461675, 29.00000000000000355, 8.925208596305393982 ) ) ;
#3396 = CARTESIAN_POINT ( 'NONE',  ( 1.430432060185064413, 36.30576652200556254, 8.906245298196051152 ) ) ;
#3397 = ORIENTED_EDGE ( 'NONE', *, *, #328, .T. ) ;
#3398 = EDGE_CURVE ( 'NONE', #1593, #4136, #2056, .T. ) ;
#3399 = EDGE_CURVE ( 'NONE', #112, #1302, #818, .T. ) ;
#3400 = CARTESIAN_POINT ( 'NONE',  ( 2.753516019057163255, 28.20359348007962552, 8.568585542547314304 ) ) ;
#3401 = CARTESIAN_POINT ( 'NONE',  ( 0.3485648411162801663, 32.08226125450671162, 9.013305628832039673 ) ) ;
#3402 = ORIENTED_EDGE ( 'NONE', *, *, #1346, .F. ) ;
#3403 = CARTESIAN_POINT ( 'NONE',  ( 0.5304114576704642703, 30.87626053015648608, 8.984803273545967528 ) ) ;
#3404 = CARTESIAN_POINT ( 'NONE',  ( 2.521251339565506289, 35.87759530314766465, 8.639634927630867267 ) ) ;
#3405 = CARTESIAN_POINT ( 'NONE',  ( 1.949819711538462119, 34.70222355769230660, 8.786110984970520121 ) ) ;
#3406 = CARTESIAN_POINT ( 'NONE',  ( 3.159142721319793345, 26.30471415741438790, 8.427427174481380234 ) ) ;
#3407 = EDGE_LOOP ( 'NONE', ( #4140, #1089, #3615, #2890, #2414 ) ) ;
#3408 = LINE ( 'NONE', #4577, #4307 ) ;
#3409 = DIRECTION ( 'NONE',  ( 0.000000000000000000, 0.000000000000000000, 1.000000000000000000 ) ) ;
#3410 = CARTESIAN_POINT ( 'NONE',  ( 0.000000000000000000, 64.79999999999999716, 0.000000000000000000 ) ) ;
#3411 = CARTESIAN_POINT ( 'NONE',  ( 0.2692307692307691069, 29.88832131410256565, 8.995972142736958332 ) ) ;
#3412 = CARTESIAN_POINT ( 'NONE',  ( 1.884615384615384803, 62.18461538461537685, 8.800467308732587313 ) ) ;
#3413 = CARTESIAN_POINT ( 'NONE',  ( 1.504330514323637599E-15, 34.70110131209741411, 9.000000000000001776 ) ) ;
#3414 = CARTESIAN_POINT ( 'NONE',  ( 1.424418464085599911, 28.71308444572161989, 8.886434243103833452 ) ) ;
#3415 = B_SPLINE_CURVE_WITH_KNOTS ( 'NONE', 3,
 ( #4169, #2184, #1145, #4809, #1419, #2555, #306, #1813, #3323, #4832 ),
 .UNSPECIFIED., .F., .F.,
 ( 4, 2, 2, 2, 4 ),
 ( 2.168404344971008868E-19, 0.0003103073321219681200, 0.0006206146642439360232, 0.0009309219963659039806, 0.001241229328487871830 ),
 .UNSPECIFIED. ) ;
#3416 = CARTESIAN_POINT ( 'NONE',  ( 0.9633413461538461453, 31.69230769230769340, 8.968294543186102530 ) ) ;
#3417 = DIRECTION ( 'NONE',  ( -1.000000000000000000, 0.000000000000000000, 0.000000000000000000 ) ) ;
#3418 = VERTEX_POINT ( 'NONE', #3626 ) ;
#3419 = CARTESIAN_POINT ( 'NONE',  ( 2.771436566761761977, 36.21880035978603729, 8.562763261685759630 ) ) ;
#3420 = ORIENTED_EDGE ( 'NONE', *, *, #629, .F. ) ;
#3421 = CARTESIAN_POINT ( 'NONE',  ( 2.552750706716070184, 36.21702309740827275, 8.630745469353445998 ) ) ;
#3422 = CARTESIAN_POINT ( 'NONE',  ( 2.549983582209511379, 30.13210697612709055, 8.637893988598428052 ) ) ;
#3423 = ORIENTED_EDGE ( 'NONE', *, *, #1237, .T. ) ;
#3424 = LINE ( 'NONE', #2740, #4707 ) ;
#3425 = CARTESIAN_POINT ( 'NONE',  ( 2.630777636544448850, 35.90808012214801437, 8.627116297585825322 ) ) ;
#3426 = CARTESIAN_POINT ( 'NONE',  ( 1.392554844366473477, 35.96072738694626025, 8.892154437349066853 ) ) ;
#3427 = CARTESIAN_POINT ( 'NONE',  ( 3.150480302022569123, 34.82442994692233640, 8.430440858600460885 ) ) ;
#3428 =( GEOMETRIC_REPRESENTATION_CONTEXT ( 3 ) GLOBAL_UNCERTAINTY_ASSIGNED_CONTEXT ( ( #2206 ) ) GLOBAL_UNIT_ASSIGNED_CONTEXT ( ( #2867, #4732, #2474 ) ) REPRESENTATION_CONTEXT ( 'NONE', 'WORKASPACE' ) );
#3429 = EDGE_CURVE ( 'NONE', #1462, #2448, #233, .T. ) ;
#3430 = CIRCLE ( 'NONE', #1305, 1.000000000000000888 ) ;
#3431 = ORIENTED_EDGE ( 'NONE', *, *, #3801, .T. ) ;
#3432 = CARTESIAN_POINT ( 'NONE',  ( 0.5907214895024399670, 34.10109453165927107, 9.001197823866466052 ) ) ;
#3433 = VECTOR ( 'NONE', #1107, 1000.000000000000000 ) ;
#3434 = CARTESIAN_POINT ( 'NONE',  ( 0.4866327720817558711, 34.15860963774565562, 9.006834178126135626 ) ) ;
#3435 = CARTESIAN_POINT ( 'NONE',  ( 1.060480571891486257, 31.69788508057084897, 8.937429323923835156 ) ) ;
#3436 = EDGE_LOOP ( 'NONE', ( #500, #515, #1184, #1730 ) ) ;
#3437 = CARTESIAN_POINT ( 'NONE',  ( 0.5246144370656659062, 33.05489317430361496, 9.004918240908319049 ) ) ;
#3438 = CARTESIAN_POINT ( 'NONE',  ( 2.019230769230769162, 32.41656650641025550, 8.790559109919486858 ) ) ;
#3439 = AXIS2_PLACEMENT_3D ( 'NONE', #2937, #2544, #4060 ) ;
#3440 = CARTESIAN_POINT ( 'NONE',  ( 2.853195277751430670, 34.54291927686335839, 8.536075657658711791 ) ) ;
#3441 = CARTESIAN_POINT ( 'NONE',  ( 0.8122160000591939211, 36.39236745486069680, 8.983692790749426393 ) ) ;
#3442 = CARTESIAN_POINT ( 'NONE',  ( 1.525641025641025106, 2.680769230769243450, 8.869747429373679992 ) ) ;
#3443 = ORIENTED_EDGE ( 'NONE', *, *, #2370, .T. ) ;
#3444 = CARTESIAN_POINT ( 'NONE',  ( 3.589743589743591201, 35.19861778846154010, 8.253104928443287136 ) ) ;
#3445 = ORIENTED_EDGE ( 'NONE', *, *, #199, .T. ) ;
#3446 = CARTESIAN_POINT ( 'NONE',  ( 1.884615384615384803, 65.00000000000000000, 8.800467308732587313 ) ) ;
#3447 = CARTESIAN_POINT ( 'NONE',  ( 2.263153395629519338, 30.03026196412632132, 8.730808049281973737 ) ) ;
#3448 = LINE ( 'NONE', #1230, #4397 ) ;
#3449 = LINE ( 'NONE', #3058, #361 ) ;
#3450 = VERTEX_POINT ( 'NONE', #4464 ) ;
#3451 = FACE_OUTER_BOUND ( 'NONE', #3407, .T. ) ;
#3452 = CARTESIAN_POINT ( 'NONE',  ( 2.812078163117107898, 34.21562223608675879, 8.549402544312352248 ) ) ;
#3453 = CARTESIAN_POINT ( 'NONE',  ( 1.475413306316583295, 35.88636294730540044, 8.878517384837584459 ) ) ;
#3454 = CARTESIAN_POINT ( 'NONE',  ( 3.230769230769231726, 35.21614583333333570, 8.399999828055713991 ) ) ;
#3455 = ORIENTED_EDGE ( 'NONE', *, *, #1128, .F. ) ;
#3456 = DIRECTION ( 'NONE',  ( 0.000000000000000000, 1.000000000000000000, 0.000000000000000000 ) ) ;
#3457 = EDGE_CURVE ( 'NONE', #2119, #4673, #835, .T. ) ;
#3458 = CARTESIAN_POINT ( 'NONE',  ( 0.9539310207473524761, 34.02712703665494587, 8.969545330721608423 ) ) ;
#3459 = CARTESIAN_POINT ( 'NONE',  ( 3.228236139216409395, 35.31161032120716214, 8.421101046599515527 ) ) ;
#3460 = CARTESIAN_POINT ( 'NONE',  ( 2.531177993724719411, 34.54592817434061658, 8.636814962729358669 ) ) ;
#3461 = CARTESIAN_POINT ( 'NONE',  ( 3.589743589743590313, 32.09615384615385381, 8.273104928443279604 ) ) ;
#3462 = CARTESIAN_POINT ( 'NONE',  ( 0.04107740902326349058, 33.00211849552290033, 9.000000000000000000 ) ) ;
#3463 = CARTESIAN_POINT ( 'NONE',  ( 1.270603099065927166, 29.00223684496993926, 8.930596203164569147 ) ) ;
#3464 = CARTESIAN_POINT ( 'NONE',  ( -0.06930596362689374346, 35.54890278592818476, 9.019889936155987442 ) ) ;
#3465 = CARTESIAN_POINT ( 'NONE',  ( -0.07983880874825498297, 32.29049194999348771, 9.019671028672924251 ) ) ;
#3466 = ORIENTED_EDGE ( 'NONE', *, *, #256, .T. ) ;
#3467 = CARTESIAN_POINT ( 'NONE',  ( 2.350408851096191132, 30.49222382541616838, 8.729203996728788439 ) ) ;
#3468 = ORIENTED_EDGE ( 'NONE', *, *, #1280, .F. ) ;
#3469 = CARTESIAN_POINT ( 'NONE',  ( 0.8974358974358975782, 30.97435897435897445, 8.955144265169233009 ) ) ;
#3470 = CARTESIAN_POINT ( 'NONE',  ( 2.017655256639002026, 32.47721625701003489, 8.770921837479127348 ) ) ;
#3471 = CARTESIAN_POINT ( 'NONE',  ( 1.748597756410257054, 25.94871794871794890, 8.828499639592052972 ) ) ;
#3472 = CARTESIAN_POINT ( 'NONE',  ( 2.612043345984257137, 34.52538988754357518, 8.632716086229219599 ) ) ;
#3473 = VERTEX_POINT ( 'NONE', #4146 ) ;
#3474 = CARTESIAN_POINT ( 'NONE',  ( 2.578221807323966885, 28.30065516662927294, 8.651241347942608684 ) ) ;
#3475 = CARTESIAN_POINT ( 'NONE',  ( 2.924196674104963201, 34.23949404948789521, 8.511934466746225780 ) ) ;
#3476 = CARTESIAN_POINT ( 'NONE',  ( 2.380905684723759297, 26.31373921023962481, 8.680847148854633488 ) ) ;
#3477 = CARTESIAN_POINT ( 'NONE',  ( 1.769567037080327587, 28.84490029928957355, 8.844320512157059611 ) ) ;
#3478 = ORIENTED_EDGE ( 'NONE', *, *, #3047, .F. ) ;
#3479 = ADVANCED_FACE ( 'NONE', ( #356 ), #1013, .F. ) ;
#3480 = EDGE_CURVE ( 'NONE', #3473, #3251, #3302, .T. ) ;
#3481 = CARTESIAN_POINT ( 'NONE',  ( 0.4186389311892252940, 34.19618021281912235, 8.990394741342832674 ) ) ;
#3482 = DIRECTION ( 'NONE',  ( 0.000000000000000000, 0.000000000000000000, -1.000000000000000000 ) ) ;
#3483 = CARTESIAN_POINT ( 'NONE',  ( 3.163158198572815660, 35.57137761873029547, 8.425860637482317728 ) ) ;
#3484 = CARTESIAN_POINT ( 'NONE',  ( 2.233055963215837991, 34.77490625314266737, 8.718664829148966788 ) ) ;
#3485 = PLANE ( 'NONE',  #2806 ) ;
#3486 = DIRECTION ( 'NONE',  ( 0.000000000000000000, 0.000000000000000000, 1.000000000000000000 ) ) ;
#3487 = CARTESIAN_POINT ( 'NONE',  ( 1.795120052114145492, 29.32487806031840094, 8.839236967846868964 ) ) ;
#3488 = CARTESIAN_POINT ( 'NONE',  ( 0.9906850961538462563, 36.40384615384615330, 8.945154754147221610 ) ) ;
#3489 = CARTESIAN_POINT ( 'NONE',  ( 0.4822026912497356377, 31.48853382611361340, 8.987694048769096611 ) ) ;
#3490 = ORIENTED_EDGE ( 'NONE', *, *, #527, .F. ) ;
#3491 = FACE_OUTER_BOUND ( 'NONE', #910, .T. ) ;
#3492 = ORIENTED_EDGE ( 'NONE', *, *, #4524, .T. ) ;
#3493 = EDGE_CURVE ( 'NONE', #1358, #3902, #2296, .T. ) ;
#3494 = B_SPLINE_CURVE_WITH_KNOTS ( 'NONE', 3,
 ( #4353, #2092, #2466, #3979, #162, #3185, #3605, #1678, #1282, #2784, #2118, #936 ),
 .UNSPECIFIED., .F., .F.,
 ( 4, 2, 1, 1, 2, 2, 4 ),
 ( 0.000000000000000000, 0.2500000000000002776, 0.3750000000000007772, 0.4375000000000010547, 0.4687500000000013323, 0.5000000000000016653, 1.000000000000000000 ),
 .UNSPECIFIED. ) ;
#3495 = CARTESIAN_POINT ( 'NONE',  ( 3.589743589743590313, 35.19861778846154010, 8.273104928443290262 ) ) ;
#3496 = CARTESIAN_POINT ( 'NONE',  ( 2.288461538461538769, 29.78735977564102910, 8.724191162134607325 ) ) ;
#3497 = CARTESIAN_POINT ( 'NONE',  ( -0.08550930478402023194, 32.60244894030115859, 9.019594773641051333 ) ) ;
#3498 = DIRECTION ( 'NONE',  ( 0.000000000000000000, 0.000000000000000000, 1.000000000000000000 ) ) ;
#3499 = ORIENTED_EDGE ( 'NONE', *, *, #4260, .F. ) ;
#3500 = VERTEX_POINT ( 'NONE', #2607 ) ;
#3501 = CARTESIAN_POINT ( 'NONE',  ( 1.748597756410257498, 28.32692307692307665, 8.828499639592052972 ) ) ;
#3502 = CARTESIAN_POINT ( 'NONE',  ( 2.693709935897436125, 34.51923076923077360, 8.587301447644582808 ) ) ;
#3503 = ORIENTED_EDGE ( 'NONE', *, *, #3768, .F. ) ;
#3504 = CARTESIAN_POINT ( 'NONE',  ( 0.5907214895024399670, 34.10109453165927107, 8.981076553122257167 ) ) ;
#3505 = CARTESIAN_POINT ( 'NONE',  ( 1.750000000000000000, 26.26282051282051455, 8.828221791504788030 ) ) ;
#3506 = CARTESIAN_POINT ( 'NONE',  ( 0.5047292806857814895, 35.89557581563791899, 9.006053249797201232 ) ) ;
#3507 = VECTOR ( 'NONE', #1486, 1000.000000000000000 ) ;
#3508 = VECTOR ( 'NONE', #273, 1000.000000000000000 ) ;
#3509 = PLANE ( 'NONE',  #1461 ) ;
#3510 = CARTESIAN_POINT ( 'NONE',  ( 0.2692307692307692180, 35.21614583333333570, 8.995844309667663907 ) ) ;
#3511 = CARTESIAN_POINT ( 'NONE',  ( 2.017654780922064628, 32.47723456985231394, 8.770921749718755933 ) ) ;
#3512 = AXIS2_PLACEMENT_3D ( 'NONE', #2072, #3583, #4336 ) ;
#3513 = VECTOR ( 'NONE', #4682, 1000.000000000000000 ) ;
#3514 = CARTESIAN_POINT ( 'NONE',  ( 0.000000000000000000, 64.79999999999999716, 0.000000000000000000 ) ) ;
#3515 = CARTESIAN_POINT ( 'NONE',  ( -0.01618185993893068650, 35.70295802641562233, 8.999831769367112599 ) ) ;
#3516 = CARTESIAN_POINT ( 'NONE',  ( 1.926760741126585907, 29.97717063242343727, 8.791336692337296199 ) ) ;
#3517 = ORIENTED_EDGE ( 'NONE', *, *, #2918, .F. ) ;
#3518 = CARTESIAN_POINT ( 'NONE',  ( 0.8974358974358975782, 65.00000000000000000, 8.955144265169233009 ) ) ;
#3519 = AXIS2_PLACEMENT_3D ( 'NONE', #3969, #207, #925 ) ;
#3520 = CARTESIAN_POINT ( 'NONE',  ( 0.2692307692307692180, 27.14623397435897800, 8.995972142736960109 ) ) ;
#3521 = DIRECTION ( 'NONE',  ( 0.000000000000000000, 0.000000000000000000, 1.000000000000000000 ) ) ;
#3522 = CARTESIAN_POINT ( 'NONE',  ( 1.699859099504813509, 31.65311276031864551, 8.838189533767911499 ) ) ;
#3523 = EDGE_CURVE ( 'NONE', #3235, #4484, #2233, .T. ) ;
#3524 = CARTESIAN_POINT ( 'NONE',  ( 1.098268117092246809, 29.00158395141201595, 8.932933266786710291 ) ) ;
#3525 = B_SPLINE_CURVE_WITH_KNOTS ( 'NONE', 3,
 ( #4067, #1278, #179, #2829, #1698, #534, #1257, #4348, #2780, #1724 ),
 .UNSPECIFIED., .F., .F.,
 ( 4, 2, 2, 2, 4 ),
 ( 0.000000000000000000, 0.001010820795486322161, 0.001516231193229483458, 0.001768936392101067576, 0.002021641590972651260 ),
 .UNSPECIFIED. ) ;
#3526 = VERTEX_POINT ( 'NONE', #3723 ) ;
#3527 = EDGE_LOOP ( 'NONE', ( #4253, #4401, #2775, #3420, #345 ) ) ;
#3528 = DIRECTION ( 'NONE',  ( 0.000000000000000000, 0.000000000000000000, 1.000000000000000000 ) ) ;
#3529 = CARTESIAN_POINT ( 'NONE',  ( 2.489255293261081636, 35.86501318921393278, 8.648986379582643380 ) ) ;
#3530 = ORIENTED_EDGE ( 'NONE', *, *, #1217, .F. ) ;
#3531 = LINE ( 'NONE', #2419, #2719 ) ;
#3532 = CARTESIAN_POINT ( 'NONE',  ( -0.08163357111482949513, 35.39869540709921836, 8.999639864578991677 ) ) ;
#3533 = LINE ( 'NONE', #144, #607 ) ;
#3534 = CARTESIAN_POINT ( 'NONE',  ( 0.07230404296074693926, 34.54519735646686485, 8.999849895306534009 ) ) ;
#3535 = CARTESIAN_POINT ( 'NONE',  ( 0.3416995181074496402, 30.24050349085135991, 8.993556720178316866 ) ) ;
#3536 = CARTESIAN_POINT ( 'NONE',  ( 3.122591877096878576, 26.26174315395418191, 8.463093716963060231 ) ) ;
#3537 = CARTESIAN_POINT ( 'NONE',  ( 1.512558398412340743, 34.56690916291138649, 8.892365139744866198 ) ) ;
#3538 = CARTESIAN_POINT ( 'NONE',  ( 0.4938832030453583766, 36.28480112633965859, 9.007015105662222965 ) ) ;
#3539 = LINE ( 'NONE', #150, #2407 ) ;
#3540 = ORIENTED_EDGE ( 'NONE', *, *, #2706, .F. ) ;
#3541 = CARTESIAN_POINT ( 'NONE',  ( 2.072488058898252383, 28.01202628854703391, 8.784805763987675320 ) ) ;
#3542 = EDGE_CURVE ( 'NONE', #402, #1714, #4473, .T. ) ;
#3543 = ADVANCED_FACE ( 'NONE', ( #3099 ), #4270, .F. ) ;
#3544 = LINE ( 'NONE', #4294, #3679 ) ;
#3545 = DIRECTION ( 'NONE',  ( 0.000000000000000000, 1.000000000000000000, 0.000000000000000000 ) ) ;
#3546 = CARTESIAN_POINT ( 'NONE',  ( 0.9633413461538461453, 33.21794871794871540, 8.968294443679782901 ) ) ;
#3547 = FACE_OUTER_BOUND ( 'NONE', #903, .T. ) ;
#3548 = B_SPLINE_CURVE_WITH_KNOTS ( 'NONE', 3,
 ( #2931, #4445, #263, #312, #1773, #3285, #1035, #3306, #4471, #2561, #683, #2190, #3702, #3329, #4839, #1082 ),
 .UNSPECIFIED., .F., .F.,
 ( 4, 3, 3, 3, 3, 4 ),
 ( 0.000000000000000000, 0.2364505135764685961, 0.4738529553743491274, 0.6945972448023902679, 0.9130570711727742372, 1.000000000000000000 ),
 .UNSPECIFIED. ) ;
#3549 = EDGE_LOOP ( 'NONE', ( #385, #1830, #3114, #2373 ) ) ;
#3550 = CARTESIAN_POINT ( 'NONE',  ( 1.143529647435897356, 28.68589743589743790, 8.927056622730425772 ) ) ;
#3551 = CARTESIAN_POINT ( 'NONE',  ( 0.6948545792820465250, 34.06968272441784507, 8.973346442317588156 ) ) ;
#3552 = VERTEX_POINT ( 'NONE', #3442 ) ;
#3553 = EDGE_CURVE ( 'NONE', #3500, #1047, #4539, .T. ) ;
#3554 = PLANE ( 'NONE',  #819 ) ;
#3555 = CARTESIAN_POINT ( 'NONE',  ( 0.9759615384615387690, 33.53205128205127750, 8.946926795019830791 ) ) ;
#3556 = CARTESIAN_POINT ( 'NONE',  ( 0.7754389047582044281, 36.05797550428156484, 8.986674811300517263 ) ) ;
#3557 = LINE ( 'NONE', #167, #4702 ) ;
#3558 = LINE ( 'NONE', #4015, #206 ) ;
#3559 = CARTESIAN_POINT ( 'NONE',  ( 0.7170739127417669057, 29.11024597044750095, 8.991388131368813319 ) ) ;
#3560 = CARTESIAN_POINT ( 'NONE',  ( 1.685850875732446852, 33.34504925155083299, 8.866289856577701300 ) ) ;
#3561 = CARTESIAN_POINT ( 'NONE',  ( 2.681790865384614975, 34.20512820512820440, 8.591158114849218208 ) ) ;
#3562 = CARTESIAN_POINT ( 'NONE',  ( 0.9895181787653413163, 28.68948815526670870, 8.966785038031552801 ) ) ;
#3563 = ORIENTED_EDGE ( 'NONE', *, *, #1284, .F. ) ;
#3564 = DIRECTION ( 'NONE',  ( 0.000000000000000000, 0.000000000000000000, -1.000000000000000000 ) ) ;
#3565 = CARTESIAN_POINT ( 'NONE',  ( 0.2853271915995456154, 32.25675111349090685, 8.995416706586173206 ) ) ;
#3566 = CARTESIAN_POINT ( 'NONE',  ( 2.536806690592482649, 36.20889101850760738, 8.635172813840107153 ) ) ;
#3567 = CARTESIAN_POINT ( 'NONE',  ( 0.000000000000000000, 61.15256410256409225, 0.000000000000000000 ) ) ;
#3568 = CARTESIAN_POINT ( 'NONE',  ( 2.109954321109949849, 35.24671486953648980, 8.769177261160681525 ) ) ;
#3569 = CARTESIAN_POINT ( 'NONE',  ( 2.164168125858975777, 25.95370323420106473, 8.766190589887870033 ) ) ;
#3570 = B_SPLINE_CURVE_WITH_KNOTS ( 'NONE', 3,
 ( #2638, #1180, #2344, #88, #3853, #2685, #3403, #4623, #1946, #487 ),
 .UNSPECIFIED., .F., .F.,
 ( 4, 2, 2, 2, 4 ),
 ( 0.0004518773405178751787, 0.0007344827081010779418, 0.001017088075684280651, 0.001299693443267483468, 0.001582298810850686285 ),
 .UNSPECIFIED. ) ;
#3571 = ORIENTED_EDGE ( 'NONE', *, *, #3250, .T. ) ;
#3572 = DIRECTION ( 'NONE',  ( 0.000000000000000000, 0.000000000000000000, 1.000000000000000000 ) ) ;
#3573 = CARTESIAN_POINT ( 'NONE',  ( 0.4738623318418651587, 33.00441479681869339, 8.987780513451962605 ) ) ;
#3574 = EDGE_CURVE ( 'NONE', #3353, #1302, #1220, .T. ) ;
#3575 = CARTESIAN_POINT ( 'NONE',  ( 2.953975871038284851, 26.57083296680140094, 8.521690550330847103 ) ) ;
#3576 = ORIENTED_EDGE ( 'NONE', *, *, #4518, .T. ) ;
#3577 = CARTESIAN_POINT ( 'NONE',  ( 0.000000000000000000, 28.82051282051282470, 0.000000000000000000 ) ) ;
#3578 = CARTESIAN_POINT ( 'NONE',  ( 1.344014823036808526, 25.95364932992901075, 8.928632486447034111 ) ) ;
#3579 = FACE_OUTER_BOUND ( 'NONE', #4124, .T. ) ;
#3580 = ADVANCED_FACE ( 'NONE', ( #128 ), #870, .F. ) ;
#3581 = CARTESIAN_POINT ( 'NONE',  ( 0.5167438418132206390, 27.75835564443907089, 8.989972430984964902 ) ) ;
#3582 = PLANE ( 'NONE',  #1077 ) ;
#3583 = DIRECTION ( 'NONE',  ( 0.000000000000000000, -1.000000000000000000, 0.000000000000000000 ) ) ;
#3584 = B_SPLINE_CURVE_WITH_KNOTS ( 'NONE', 3,
 ( #86, #1576, #2313, #3401, #33, #1178, #7, #799, #2341, #3876, #3802, #753 ),
 .UNSPECIFIED., .F., .F.,
 ( 4, 2, 2, 2, 2, 4 ),
 ( 0.000000000000000000, 0.0002856379211158894442, 0.0005712758422317788885, 0.0008569137633476682243, 0.0009997327239056131090, 0.001142551684463557777 ),
 .UNSPECIFIED. ) ;
#3585 = EDGE_LOOP ( 'NONE', ( #3590, #558, #3443, #3003 ) ) ;
#3586 = AXIS2_PLACEMENT_3D ( 'NONE', #3001, #1421, #2534 ) ;
#3587 = AXIS2_PLACEMENT_3D ( 'NONE', #90, #1533, #757 ) ;
#3588 = CARTESIAN_POINT ( 'NONE',  ( 1.884615384615385691, 63.53076923076922355, 8.820467308732586886 ) ) ;
#3589 = CARTESIAN_POINT ( 'NONE',  ( 0.03225900989143248160, 29.33758789011836399, 9.019942186274356288 ) ) ;
#3590 = ORIENTED_EDGE ( 'NONE', *, *, #3553, .F. ) ;
#3591 = EDGE_CURVE ( 'NONE', #434, #3138, #1817, .T. ) ;
#3592 = CARTESIAN_POINT ( 'NONE',  ( 2.217952940154965802, 35.61145403996928138, 8.742587761404614355 ) ) ;
#3593 = AXIS2_PLACEMENT_3D ( 'NONE', #3518, #1222, #2385 ) ;
#3594 = AXIS2_PLACEMENT_3D ( 'NONE', #1563, #1537, #3482 ) ;
#3595 = DIRECTION ( 'NONE',  ( 0.000000000000000000, 0.000000000000000000, 1.000000000000000000 ) ) ;
#3596 = CARTESIAN_POINT ( 'NONE',  ( 0.3516630199865430351, 30.25675645405669201, 8.993032438634989134 ) ) ;
#3597 = CARTESIAN_POINT ( 'NONE',  ( 2.277928966753949069, 34.31367913018413418, 8.727414798361527559 ) ) ;
#3598 = AXIS2_PLACEMENT_3D ( 'NONE', #2807, #4327, #658 ) ;
#3599 = FACE_OUTER_BOUND ( 'NONE', #2738, .T. ) ;
#3600 = CARTESIAN_POINT ( 'NONE',  ( 8.572527594031473190E-16, 0.2000000000000000111, 7.000000000000000000 ) ) ;
#3601 = ORIENTED_EDGE ( 'NONE', *, *, #4194, .T. ) ;
#3602 = EDGE_LOOP ( 'NONE', ( #3927, #1895, #3963, #2018 ) ) ;
#3603 = CARTESIAN_POINT ( 'NONE',  ( 1.576984714038881297, 26.26550264545326741, 8.861197594681589962 ) ) ;
#3604 = CARTESIAN_POINT ( 'NONE',  ( 0.3256684847295658880, 32.77752156238123860, 8.994214034558011051 ) ) ;
#3605 = CARTESIAN_POINT ( 'NONE',  ( 2.570096028617816497, 30.44716010490066083, 8.625249530369377027 ) ) ;
#3606 = EDGE_LOOP ( 'NONE', ( #3380, #1330, #645, #3308 ) ) ;
#3607 = ADVANCED_FACE ( 'NONE', ( #54 ), #656, .F. ) ;
#3608 = EDGE_CURVE ( 'NONE', #638, #881, #477, .T. ) ;
#3609 = DIRECTION ( 'NONE',  ( 1.000000000000000000, -0.000000000000000000, 1.224646799147353207E-16 ) ) ;
#3610 = CARTESIAN_POINT ( 'NONE',  ( 0.3718085448025942874, 26.26438558129413181, 9.014205363374999891 ) ) ;
#3611 = CARTESIAN_POINT ( 'NONE',  ( 0.5866592763759912454, 35.96554869313522573, 9.001340422266208563 ) ) ;
#3612 = CARTESIAN_POINT ( 'NONE',  ( 0.2692307692307692180, 27.14623397435897800, 9.016146850906508803 ) ) ;
#3613 = CARTESIAN_POINT ( 'NONE',  ( 0.000000000000000000, 1.200000000000006617, 0.000000000000000000 ) ) ;
#3614 = CARTESIAN_POINT ( 'NONE',  ( 3.252815728127209649, 35.99616528196020937, 8.411614257033516395 ) ) ;
#3615 = ORIENTED_EDGE ( 'NONE', *, *, #4833, .F. ) ;
#3616 = EDGE_CURVE ( 'NONE', #112, #4472, #4639, .T. ) ;
#3617 = B_SPLINE_SURFACE_WITH_KNOTS ( 'NONE', 3, 1, ( 
 ( #1149, #4491 ),
 ( #2928, #1053 ),
 ( #1124, #1502 ),
 ( #4812, #2658 ),
 ( #357, #723 ),
 ( #4099, #1100 ),
 ( #3347, #2608 ),
 ( #4888, #2234 ) ),
 .UNSPECIFIED., .F., .F., .F.,
 ( 4, 2, 2, 4 ),
 ( 2, 2 ),
 ( 0.000000000000000000, 0.5000000000000000000, 0.7500000000000000000, 1.000000000000000000 ),
 ( 0.000000000000000000, 1.000000000000000000 ),
 .UNSPECIFIED. ) ;
#3618 = CARTESIAN_POINT ( 'NONE',  ( 1.348438499226978671, 33.51893863610333568, 8.926295727391952539 ) ) ;
#3619 = DIRECTION ( 'NONE',  ( -1.000000000000000000, 0.000000000000000000, 0.000000000000000000 ) ) ;
#3620 = DIRECTION ( 'NONE',  ( 0.000000000000000000, 0.000000000000000000, 1.000000000000000000 ) ) ;
#3621 = EDGE_LOOP ( 'NONE', ( #485, #850, #3053, #838, #3975 ) ) ;
#3622 = FACE_BOUND ( 'NONE', #2321, .T. ) ;
#3623 = EDGE_CURVE ( 'NONE', #1221, #2077, #2463, .T. ) ;
#3624 = CARTESIAN_POINT ( 'NONE',  ( 0.09332408154543904433, 29.21231309126071096, 9.019723307229387643 ) ) ;
#3625 = CARTESIAN_POINT ( 'NONE',  ( 1.265795651265354094, 34.39112488120093047, 8.930660788090474256 ) ) ;
#3626 = CARTESIAN_POINT ( 'NONE',  ( -7.702917622330608861E-15, 30.34932131614368700, 9.000000000000005329 ) ) ;
#3627 = LINE ( 'NONE', #2112, #1231 ) ;
#3628 = ORIENTED_EDGE ( 'NONE', *, *, #3638, .F. ) ;
#3629 = LINE ( 'NONE', #2062, #2653 ) ;
#3630 = CARTESIAN_POINT ( 'NONE',  ( 1.748597756410256832, 28.32692307692307665, 8.848499639592054322 ) ) ;
#3631 = CARTESIAN_POINT ( 'NONE',  ( 2.645988187087527699, 35.90867207315178433, 8.602358165407066437 ) ) ;
#3632 = EDGE_LOOP ( 'NONE', ( #2014, #3445, #2939, #871 ) ) ;
#3633 = DIRECTION ( 'NONE',  ( 0.000000000000000000, 1.000000000000000000, 0.000000000000000000 ) ) ;
#3634 = CARTESIAN_POINT ( 'NONE',  ( 0.4033980184186997664, 34.68035583999605365, 8.991006160806188419 ) ) ;
#3635 = CARTESIAN_POINT ( 'NONE',  ( 0.3891935602739473032, 26.74028737568535519, 9.011746735658393348 ) ) ;
#3636 = CARTESIAN_POINT ( 'NONE',  ( 1.475413306316580853, 35.88636294730538623, 8.898517384837580479 ) ) ;
#3637 = DIRECTION ( 'NONE',  ( 0.000000000000000000, 0.000000000000000000, 1.000000000000000000 ) ) ;
#3638 = EDGE_CURVE ( 'NONE', #2199, #3128, #172, .T. ) ;
#3639 = ORIENTED_EDGE ( 'NONE', *, *, #792, .F. ) ;
#3640 = CARTESIAN_POINT ( 'NONE',  ( 1.748817318059558312, 35.14251524846923047, 8.828455901289824936 ) ) ;
#3641 = DIRECTION ( 'NONE',  ( 0.000000000000000000, 0.000000000000000000, -1.000000000000000000 ) ) ;
#3642 = CARTESIAN_POINT ( 'NONE',  ( 0.2838518876868255658, 29.00369211785558576, 8.995374571420255094 ) ) ;
#3643 = EDGE_LOOP ( 'NONE', ( #4062, #1079, #1935, #1913 ) ) ;
#3644 = DIRECTION ( 'NONE',  ( -0.000000000000000000, -1.000000000000000000, -0.000000000000000000 ) ) ;
#3645 = DIRECTION ( 'NONE',  ( 0.000000000000000000, 0.000000000000000000, 1.000000000000000000 ) ) ;
#3646 = CARTESIAN_POINT ( 'NONE',  ( 2.387665318881000864, 36.16288110345669793, 8.677846488470583708 ) ) ;
#3647 = DIRECTION ( 'NONE',  ( -0.000000000000000000, -1.000000000000000000, -0.000000000000000000 ) ) ;
#3648 = DIRECTION ( 'NONE',  ( 0.000000000000000000, 0.000000000000000000, 1.000000000000000000 ) ) ;
#3649 = EDGE_CURVE ( 'NONE', #1503, #856, #227, .T. ) ;
#3650 = VERTEX_POINT ( 'NONE', #920 ) ;
#3651 = CARTESIAN_POINT ( 'NONE',  ( 0.9887705649582904099, 26.35523398735550771, 8.966316808137589689 ) ) ;
#3652 = CARTESIAN_POINT ( 'NONE',  ( 3.589743589743592533, 35.19861778846154010, 8.273104928443290262 ) ) ;
#3653 = ORIENTED_EDGE ( 'NONE', *, *, #409, .F. ) ;
#3654 = B_SPLINE_SURFACE_WITH_KNOTS ( 'NONE', 3, 1, ( 
 ( #4444, #2236 ),
 ( #1056, #682 ),
 ( #2189, #3378 ),
 ( #2982, #3701 ),
 ( #1451, #4891 ),
 ( #1202, #1942 ),
 ( #3082, #3135 ),
 ( #901, #2705 ),
 ( #3421, #1256 ),
 ( #4645, #4251 ),
 ( #4197, #4593 ),
 ( #4275, #875 ),
 ( #825, #1624 ) ),
 .UNSPECIFIED., .F., .F., .F.,
 ( 4, 3, 3, 3, 4 ),
 ( 2, 2 ),
 ( 0.000000000000000000, 0.3732013010283352084, 0.6592041338967318254, 0.9460595609145023843, 1.000000000000000000 ),
 ( 0.000000000000000000, 1.000000000000000000 ),
 .UNSPECIFIED. ) ;
#3655 = B_SPLINE_CURVE_WITH_KNOTS ( 'NONE', 3,
 ( #3520, #481, #1940, #2311, #899, #1275, #2386, #3105, #1228, #2703 ),
 .UNSPECIFIED., .F., .F.,
 ( 4, 2, 2, 2, 4 ),
 ( 3.551486221896847302E-18, 0.0002542472669266165864, 0.0005084945338532295949, 0.0007627418007798426576, 0.001016989067706455504 ),
 .UNSPECIFIED. ) ;
#3656 = CARTESIAN_POINT ( 'NONE',  ( 1.890565892792096081, 30.17411308259577396, 8.799206537326833555 ) ) ;
#3657 = CARTESIAN_POINT ( 'NONE',  ( 0.8054863693707418060, 30.95994016504501190, 8.963858132434292969 ) ) ;
#3658 = CARTESIAN_POINT ( 'NONE',  ( 0.3445059886774796687, 26.81571042919467374, 9.013450758915970695 ) ) ;
#3659 = CARTESIAN_POINT ( 'NONE',  ( 0.4822026912497356377, 31.48853382611361340, 9.007696699009848373 ) ) ;
#3660 = CARTESIAN_POINT ( 'NONE',  ( -0.06930596362689374346, 35.54890278592818476, 9.019889936155982113 ) ) ;
#3661 = CALENDAR_DATE ( 2026, 1, 3 ) ;
#3662 = ORIENTED_EDGE ( 'NONE', *, *, #588, .F. ) ;
#3663 = CARTESIAN_POINT ( 'NONE',  ( 0.5995981301595479929, 31.79372390287881700, 8.980422568298436659 ) ) ;
#3664 = CARTESIAN_POINT ( 'NONE',  ( 1.156850961538461675, 29.00000000000000355, 8.925340097317723931 ) ) ;
#3665 = DIRECTION ( 'NONE',  ( -0.000000000000000000, -1.000000000000000000, -0.000000000000000000 ) ) ;
#3666 = ORIENTED_EDGE ( 'NONE', *, *, #1163, .T. ) ;
#3667 = CARTESIAN_POINT ( 'NONE',  ( 1.387300436916595325, 29.02070302750252040, 8.892919095840127852 ) ) ;
#3668 = CARTESIAN_POINT ( 'NONE',  ( 3.108858926904289444, 34.32383138342518691, 8.466004746185767260 ) ) ;
#3669 = B_SPLINE_CURVE_WITH_KNOTS ( 'NONE', 3,
 ( #2942, #3688, #4851, #1464, #4900, #2150, #3663, #2969, #1785, #3295, #4804, #2599 ),
 .UNSPECIFIED., .F., .F.,
 ( 4, 2, 2, 2, 2, 4 ),
 ( 0.000000000000000000, 0.0002856379211158893358, 0.0005712758422317786716, 0.0008569137633476678990, 0.0009997327239056126753, 0.001142551684463557560 ),
 .UNSPECIFIED. ) ;
#3670 = CARTESIAN_POINT ( 'NONE',  ( 1.988458364588856275, 35.78411623950249520, 8.777676218750748660 ) ) ;
#3671 = CARTESIAN_POINT ( 'NONE',  ( 0.3601961618785648467, 29.47471006571092289, 9.012866178158784436 ) ) ;
#3672 = CARTESIAN_POINT ( 'NONE',  ( 0.000000000000000000, 0.2000000000000000944, 0.000000000000000000 ) ) ;
#3673 = VECTOR ( 'NONE', #4811, 1000.000000000000000 ) ;
#3674 = VECTOR ( 'NONE', #1807, 1000.000000000000000 ) ;
#3675 = EDGE_LOOP ( 'NONE', ( #1387, #750, #3576, #2188 ) ) ;
#3676 = VECTOR ( 'NONE', #548, 1000.000000000000000 ) ;
#3677 = CARTESIAN_POINT ( 'NONE',  ( 0.000000000000000000, 0.000000000000000000, 0.000000000000000000 ) ) ;
#3678 = CARTESIAN_POINT ( 'NONE',  ( 0.2692307692307692180, 32.45512820512820440, 9.015972851469459926 ) ) ;
#3679 = VECTOR ( 'NONE', #428, 1000.000000000000000 ) ;
#3680 = ORIENTED_EDGE ( 'NONE', *, *, #4671, .F. ) ;
#3681 = CARTESIAN_POINT ( 'NONE',  ( 1.797891380912078452, 30.49215172344402092, 8.818728382914079234 ) ) ;
#3682 = DIRECTION ( 'NONE',  ( 0.000000000000000000, 0.000000000000000000, -1.000000000000000000 ) ) ;
#3683 = CARTESIAN_POINT ( 'NONE',  ( 2.971957524405115514, 27.72914464534423828, 8.515771698531676037 ) ) ;
#3684 = CARTESIAN_POINT ( 'NONE',  ( -0.02944831917404104604, 30.27643194464938858, 9.019951821898699151 ) ) ;
#3685 = CARTESIAN_POINT ( 'NONE',  ( 2.390567758821725342, 25.99830592923666472, 8.676740534496323320 ) ) ;
#3686 = CALENDAR_DATE ( 2026, 1, 3 ) ;
#3687 = EDGE_LOOP ( 'NONE', ( #1607, #2066, #4747, #35 ) ) ;
#3688 = CARTESIAN_POINT ( 'NONE',  ( 0.2720757654339624465, 32.35907109439406781, 8.995886997907241778 ) ) ;
#3689 = CARTESIAN_POINT ( 'NONE',  ( 0.2692307692307692180, 35.21614583333333570, 9.015972142736957906 ) ) ;
#3690 = CARTESIAN_POINT ( 'NONE',  ( 0.000000000000000000, 62.49871794871794606, 0.000000000000000000 ) ) ;
#3691 = ORIENTED_EDGE ( 'NONE', *, *, #1406, .T. ) ;
#3692 = CARTESIAN_POINT ( 'NONE',  ( 0.000000000000000000, 62.18461538461537685, 0.02000000000000000042 ) ) ;
#3693 = CARTESIAN_POINT ( 'NONE',  ( 1.613800215889199974, 34.69574130812857504, 8.854385004928268188 ) ) ;
#3694 = CARTESIAN_POINT ( 'NONE',  ( 0.4760524412523327031, 31.91139571724263391, 8.987276692382366150 ) ) ;
#3695 = CARTESIAN_POINT ( 'NONE',  ( 1.436076516664352321, 31.89499863873126273, 8.904873844875119460 ) ) ;
#3696 = DIRECTION ( 'NONE',  ( 0.000000000000000000, 0.000000000000000000, 1.000000000000000000 ) ) ;
#3697 = B_SPLINE_SURFACE_WITH_KNOTS ( 'NONE', 3, 1, ( 
 ( #2754, #4272 ),
 ( #897, #2873 ),
 ( #2903, #4758 ),
 ( #1322, #628 ),
 ( #2510, #529 ),
 ( #4685, #152 ),
 ( #205, #3541 ),
 ( #1718, #4024 ) ),
 .UNSPECIFIED., .F., .F., .F.,
 ( 4, 2, 2, 4 ),
 ( 2, 2 ),
 ( 0.000000000000000000, 0.2500000000000001665, 0.5000000000000003331, 1.000000000000000000 ),
 ( 0.000000000000000000, 1.000000000000000000 ),
 .UNSPECIFIED. ) ;
#3698 = ORIENTED_EDGE ( 'NONE', *, *, #3108, .T. ) ;
#3699 = EDGE_CURVE ( 'NONE', #1923, #1503, #4714, .T. ) ;
#3700 = EDGE_CURVE ( 'NONE', #3320, #1595, #4242, .T. ) ;
#3701 = CARTESIAN_POINT ( 'NONE',  ( 2.158922686949866332, 36.00316794949669230, 8.757222260638478417 ) ) ;
#3702 = CARTESIAN_POINT ( 'NONE',  ( 2.810089599556771844, 34.21535657743153536, 8.570052423375127404 ) ) ;
#3703 = EDGE_CURVE ( 'NONE', #4614, #2525, #3539, .T. ) ;
#3704 = ORIENTED_EDGE ( 'NONE', *, *, #1258, .F. ) ;
#3705 = CARTESIAN_POINT ( 'NONE',  ( 1.524009069242416858, 32.94348299246119893, 8.890333031731646685 ) ) ;
#3706 = CARTESIAN_POINT ( 'NONE',  ( 0.2369888222684057022, 30.68332922119639150, 8.997036563614759785 ) ) ;
#3707 = CARTESIAN_POINT ( 'NONE',  ( 2.263153395629519338, 30.03026196412632132, 8.710807317160741192 ) ) ;
#3708 = CARTESIAN_POINT ( 'NONE',  ( 0.7128210128339259599, 31.40043226560117873, 8.992600975122829965 ) ) ;
#3709 = CARTESIAN_POINT ( 'NONE',  ( 2.539820318682103117, 26.02849205475322947, 8.634230699022671374 ) ) ;
#3710 = APPROVAL_STATUS ( 'not_yet_approved' ) ;
#3711 = ADVANCED_FACE ( 'NONE', ( #2794 ), #3736, .F. ) ;
#3712 = EDGE_CURVE ( 'NONE', #4204, #2609, #2202, .T. ) ;
#3713 = EDGE_CURVE ( 'NONE', #2103, #2576, #3764, .T. ) ;
#3714 = ORIENTED_EDGE ( 'NONE', *, *, #597, .T. ) ;
#3715 = CARTESIAN_POINT ( 'NONE',  ( 1.661111235539171727, 35.63648514766120456, 8.865587045834052660 ) ) ;
#3716 = CARTESIAN_POINT ( 'NONE',  ( 1.013120993589744057, 34.33974358974359831, 8.962795192351647344 ) ) ;
#3717 = CARTESIAN_POINT ( 'NONE',  ( -0.08550930478402023194, 32.60244894030115859, 8.999453783086160286 ) ) ;
#3718 = VERTEX_POINT ( 'NONE', #2252 ) ;
#3719 = FACE_OUTER_BOUND ( 'NONE', #4507, .T. ) ;
#3720 = CARTESIAN_POINT ( 'NONE',  ( 1.402268564763172964, 34.46538551738788669, 8.890562418485066232 ) ) ;
#3721 = DIRECTION ( 'NONE',  ( 0.000000000000000000, 0.000000000000000000, -1.000000000000000000 ) ) ;
#3722 = CARTESIAN_POINT ( 'NONE',  ( 1.013120993589744057, 34.33974358974359831, 8.942795192351647771 ) ) ;
#3723 = CARTESIAN_POINT ( 'NONE',  ( 0.9759615384615381029, 33.53205128205127750, 8.966926795019828589 ) ) ;
#3724 = CARTESIAN_POINT ( 'NONE',  ( 1.615541620007189483, 36.17046448910546985, 8.853679900943582481 ) ) ;
#3725 = CARTESIAN_POINT ( 'NONE',  ( 3.154312586842103361, 28.00112160910877179, 8.429245206849023120 ) ) ;
#3726 = CARTESIAN_POINT ( 'NONE',  ( 0.2812800057904578654, 32.60390041060820465, 9.015604165885475751 ) ) ;
#3727 = VERTEX_POINT ( 'NONE', #1856 ) ;
#3728 = DIRECTION ( 'NONE',  ( 0.000000000000000000, -1.000000000000000000, 0.000000000000000000 ) ) ;
#3729 = CARTESIAN_POINT ( 'NONE',  ( 3.230769230769231282, 27.14623397435897445, 8.400126795323675566 ) ) ;
#3730 = CARTESIAN_POINT ( 'NONE',  ( 0.8700921474358974672, 26.39533253205128105, 8.977842354884931098 ) ) ;
#3731 = CARTESIAN_POINT ( 'NONE',  ( 0.8515053286464757676, 30.96724641905697339, 8.979747177193953434 ) ) ;
#3732 = CARTESIAN_POINT ( 'NONE',  ( 2.614632118892668444, 26.04753755143484284, 8.611872468590735963 ) ) ;
#3733 = APPROVAL_ROLE ( '' ) ;
#3734 = EDGE_LOOP ( 'NONE', ( #896, #2390, #1857, #480, #2452, #1993, #817, #4302, #1959 ) ) ;
#3735 = MANIFOLD_SOLID_BREP ( 'Boss-Extrude5', #1380 ) ;
#3736 = B_SPLINE_SURFACE_WITH_KNOTS ( 'NONE', 3, 1, ( 
 ( #3172, #1665 ),
 ( #2131, #3562 ),
 ( #4683, #2106 ),
 ( #4315, #3226 ),
 ( #2478, #2821 ),
 ( #947, #626 ),
 ( #3642, #1716 ),
 ( #972, #2451 ),
 ( #3966, #574 ),
 ( #2076, #3589 ),
 ( #4735, #2846 ),
 ( #604, #3368 ),
 ( #275, #4043 ),
 ( #348, #4853 ),
 ( #1763, #4506 ),
 ( #2944, #4065 ) ),
 .UNSPECIFIED., .F., .F., .F.,
 ( 4, 3, 3, 3, 3, 4 ),
 ( 2, 2 ),
 ( 0.000000000000000000, 0.2407622692530783926, 0.4834244448357668533, 0.6998427487687294279, 0.8861999756223505331, 1.000000000000000000 ),
 ( 0.000000000000000000, 1.000000000000000000 ),
 .UNSPECIFIED. ) ;
#3737 = PLANE ( 'NONE',  #3990 ) ;
#3738 = CARTESIAN_POINT ( 'NONE',  ( 0.9633413461538461453, 31.69230769230769340, 8.948294443679783328 ) ) ;
#3739 = CARTESIAN_POINT ( 'NONE',  ( 3.177837098650639458, 35.54036958699142446, 8.420325979118903348 ) ) ;
#3740 = EDGE_LOOP ( 'NONE', ( #2832, #212, #4256, #4848 ) ) ;
#3741 = CARTESIAN_POINT ( 'NONE',  ( 1.682215585101344946, 33.33542143321924556, 8.843069763748419021 ) ) ;
#3742 = CARTESIAN_POINT ( 'NONE',  ( 2.073849404112185102, 35.92079265488010975, 8.778243431314082912 ) ) ;
#3743 = CARTESIAN_POINT ( 'NONE',  ( 0.6066684306033577334, 31.79043470652728587, 9.000013009417086707 ) ) ;
#3744 = FACE_OUTER_BOUND ( 'NONE', #1450, .T. ) ;
#3745 = CARTESIAN_POINT ( 'NONE',  ( 0.3230264000629821664, 29.57478984088800900, 9.014201128776251792 ) ) ;
#3746 = CARTESIAN_POINT ( 'NONE',  ( 2.740154782518946508, 32.65185570934153958, 8.572737583153426044 ) ) ;
#3747 = EDGE_LOOP ( 'NONE', ( #1151, #3905, #1423, #2428 ) ) ;
#3748 = CIRCLE ( 'NONE', #3354, 8.000000000000000000 ) ;
#3749 = AXIS2_PLACEMENT_3D ( 'NONE', #2770, #2865, #1288 ) ;
#3750 = CARTESIAN_POINT ( 'NONE',  ( 2.992353333446488239, 36.16143726800181213, 8.507981004208112097 ) ) ;
#3751 = EDGE_LOOP ( 'NONE', ( #1971, #3918, #4871, #1002 ) ) ;
#3752 = PRODUCT_DEFINITION_FORMATION_WITH_SPECIFIED_SOURCE ( 'ANY', '', #2192, .NOT_KNOWN. ) ;
#3753 = AXIS2_PLACEMENT_3D ( 'NONE', #2905, #2080, #4048 ) ;
#3754 = CARTESIAN_POINT ( 'NONE',  ( 3.499999999999998224, 37.70512820512822572, 8.291561975888500413 ) ) ;
#3755 = LINE ( 'NONE', #1920, #1224 ) ;
#3756 = VECTOR ( 'NONE', #2425, 1000.000000000000000 ) ;
#3757 = CARTESIAN_POINT ( 'NONE',  ( 2.001654643809972711, 34.61034303792969524, 8.774607924676862680 ) ) ;
#3758 = CARTESIAN_POINT ( 'NONE',  ( 2.850259779930024884, 26.12831487779624595, 8.536881112368961411 ) ) ;
#3759 = PERSON_AND_ORGANIZATION_ROLE ( 'design_supplier' ) ;
#3760 = ORIENTED_EDGE ( 'NONE', *, *, #2882, .F. ) ;
#3761 = AXIS2_PLACEMENT_3D ( 'NONE', #3946, #257, #3972 ) ;
#3762 = CARTESIAN_POINT ( 'NONE',  ( 1.234850432515576246, 36.04462244136410476, 8.935255377200743254 ) ) ;
#3763 = CARTESIAN_POINT ( 'NONE',  ( 1.750000000000000000, 35.19581330128205110, 8.828221791504788030 ) ) ;
#3764 = LINE ( 'NONE', #4412, #4621 ) ;
#3765 = CARTESIAN_POINT ( 'NONE',  ( 2.292935548612454966, 34.70956499237024673, 8.723142413033105669 ) ) ;
#3766 = CARTESIAN_POINT ( 'NONE',  ( 0.9801682692307691624, 36.08974358974359120, 8.966592630672407083 ) ) ;
#3767 = CARTESIAN_POINT ( 'NONE',  ( 2.657859620545281576, 36.22313321200462610, 8.618610003697682487 ) ) ;
#3768 = EDGE_CURVE ( 'NONE', #948, #1512, #3319, .T. ) ;
#3769 = EDGE_CURVE ( 'NONE', #4789, #2404, #2114, .T. ) ;
#3770 = B_SPLINE_CURVE_WITH_KNOTS ( 'NONE', 3,
 ( #1442, #2204, #2946, #3741, #4882, #3790 ),
 .UNSPECIFIED., .F., .F.,
 ( 4, 2, 4 ),
 ( 0.000000000000000000, 0.0005576860513348568839, 0.001115372102669713768 ),
 .UNSPECIFIED. ) ;
#3771 = FACE_OUTER_BOUND ( 'NONE', #4640, .T. ) ;
#3772 = CARTESIAN_POINT ( 'NONE',  ( 2.108974358974359031, 35.20352564102564230, 8.749412960489904023 ) ) ;
#3773 = CARTESIAN_POINT ( 'NONE',  ( 0.2721348612420316226, 29.78232177566333760, 9.015885229292397440 ) ) ;
#3774 = CARTESIAN_POINT ( 'NONE',  ( 3.343016299850678941, 32.25753385578529020, 8.360420625382435134 ) ) ;
#3775 = VERTEX_POINT ( 'NONE', #4880 ) ;
#3776 = EDGE_CURVE ( 'NONE', #1375, #1214, #670, .T. ) ;
#3777 = EDGE_CURVE ( 'NONE', #4753, #3798, #509, .T. ) ;
#3778 = CARTESIAN_POINT ( 'NONE',  ( 2.538004189402170319, 28.26114958551771750, 8.634768453363124152 ) ) ;
#3779 = CARTESIAN_POINT ( 'NONE',  ( 2.387446577731617836, 34.61964827805764600, 8.697893199237672235 ) ) ;
#3780 = EDGE_LOOP ( 'NONE', ( #3858, #4720, #3976, #3179 ) ) ;
#3781 = CARTESIAN_POINT ( 'NONE',  ( -0.08974358974358975782, 35.21965144230769340, 8.999419036948998141 ) ) ;
#3782 = CARTESIAN_POINT ( 'NONE',  ( 1.013120993589744057, 34.33974358974359831, 8.962795192351647344 ) ) ;
#3783 = FACE_OUTER_BOUND ( 'NONE', #2461, .T. ) ;
#3784 = CARTESIAN_POINT ( 'NONE',  ( -0.04370289355430860556, 34.81155071354302066, 9.019921190820127777 ) ) ;
#3785 = ORIENTED_EDGE ( 'NONE', *, *, #984, .F. ) ;
#3786 = CARTESIAN_POINT ( 'NONE',  ( 1.019431089743589869, 34.02564102564102910, 8.962078072420540664 ) ) ;
#3787 = CARTESIAN_POINT ( 'NONE',  ( 0.6090239360420653947, 34.46246145863827337, 8.999876137257647457 ) ) ;
#3788 = CARTESIAN_POINT ( 'NONE',  ( 0.7812115603846265799, 36.38849350803651106, 8.966596674507830045 ) ) ;
#3789 = CARTESIAN_POINT ( 'NONE',  ( 2.111596767818900044, 35.11414556140255883, 8.748655882889901036 ) ) ;
#3790 = CARTESIAN_POINT ( 'NONE',  ( 1.992588141025639858, 33.14082532051282470, 8.776650414608296202 ) ) ;
#3791 = CARTESIAN_POINT ( 'NONE',  ( 1.985576923076923350, 32.77904647435897800, 8.778239049999406518 ) ) ;
#3792 = CARTESIAN_POINT ( 'NONE',  ( 2.288461538461538769, 29.78735977564102910, 8.704060712446748838 ) ) ;
#3793 = LINE ( 'NONE', #307, #749 ) ;
#3794 = CARTESIAN_POINT ( 'NONE',  ( 0.2081386019786990171, 31.69287873677823697, 9.018010858267487606 ) ) ;
#3795 = ADVANCED_FACE ( 'NONE', ( #1116 ), #258, .F. ) ;
#3796 = ORIENTED_EDGE ( 'NONE', *, *, #3047, .T. ) ;
#3797 = CARTESIAN_POINT ( 'NONE',  ( 1.812527315678325701, 35.95435062129456583, 8.815790022768059231 ) ) ;
#3798 = VERTEX_POINT ( 'NONE', #1882 ) ;
#3799 = CARTESIAN_POINT ( 'NONE',  ( 2.000714035840601479, 32.16959125034483691, 8.774765688726731128 ) ) ;
#3800 = EDGE_CURVE ( 'NONE', #1210, #973, #4003, .T. ) ;
#3801 = EDGE_CURVE ( 'NONE', #4753, #4590, #2324, .T. ) ;
#3802 = CARTESIAN_POINT ( 'NONE',  ( 0.9153081111094886202, 31.69357983580882276, 8.973465529812340691 ) ) ;
#3803 = ORIENTED_EDGE ( 'NONE', *, *, #4867, .F. ) ;
#3804 = CARTESIAN_POINT ( 'NONE',  ( -0.06586948005366767556, 34.93479591967881248, 9.019758952971878685 ) ) ;
#3805 = CARTESIAN_POINT ( 'NONE',  ( 2.744787761332853293, 34.20836420871457761, 8.571242931322696990 ) ) ;
#3806 = CARTESIAN_POINT ( 'NONE',  ( 1.748044804082999670, 35.30577645475428739, 8.828609365915077944 ) ) ;
#3807 = CARTESIAN_POINT ( 'NONE',  ( 1.454021474605458275, 26.27086171509985846, 8.903027342015333190 ) ) ;
#3808 = ORIENTED_EDGE ( 'NONE', *, *, #1445, .F. ) ;
#3809 = CARTESIAN_POINT ( 'NONE',  ( 0.9539310207473524761, 34.02712703665494587, 8.949424059977404866 ) ) ;
#3810 = CARTESIAN_POINT ( 'NONE',  ( 0.3404403377880183545, 27.46632834852796634, 9.014094284153310710 ) ) ;
#3811 = CARTESIAN_POINT ( 'NONE',  ( 1.532854801140593359, 32.01425052749555533, 8.868728396304776496 ) ) ;
#3812 = CARTESIAN_POINT ( 'NONE',  ( 2.155915401596922187, 34.93965037678560748, 8.758093560599910177 ) ) ;
#3813 = DIRECTION ( 'NONE',  ( -1.000000000000000000, 0.000000000000000000, 0.000000000000000000 ) ) ;
#3814 = CARTESIAN_POINT ( 'NONE',  ( 1.570512820512820484, 62.49871794871794606, 8.881912292536235043 ) ) ;
#3815 = CARTESIAN_POINT ( 'NONE',  ( 1.143529647435896912, 28.68589743589743790, 8.926926173042552648 ) ) ;
#3816 = CARTESIAN_POINT ( 'NONE',  ( 0.1443638025204475317, 35.99459398117066655, 9.018842097321289941 ) ) ;
#3817 = CARTESIAN_POINT ( 'NONE',  ( -0.08761467368918958443, 27.01030420515208164, 8.999573778890232134 ) ) ;
#3818 = ORIENTED_EDGE ( 'NONE', *, *, #3608, .F. ) ;
#3819 = CARTESIAN_POINT ( 'NONE',  ( 3.561770188011755600, 35.45603143352912667, 8.265220552706480817 ) ) ;
#3820 = ORIENTED_EDGE ( 'NONE', *, *, #4010, .F. ) ;
#3821 = EDGE_CURVE ( 'NONE', #4673, #2119, #1143, .T. ) ;
#3822 = DIRECTION ( 'NONE',  ( -0.000000000000000000, -1.000000000000000000, -0.000000000000000000 ) ) ;
#3823 = CARTESIAN_POINT ( 'NONE',  ( 1.414636162150942456, 31.45753201003760680, 8.888606024729790889 ) ) ;
#3824 = CARTESIAN_POINT ( 'NONE',  ( 2.529684462253935173, 34.21737140520859555, 8.637511130773736667 ) ) ;
#3825 = VERTEX_POINT ( 'NONE', #3388 ) ;
#3826 = CIRCLE ( 'NONE', #2956, 9.000000000000000000 ) ;
#3827 = CARTESIAN_POINT ( 'NONE',  ( 0.6783507594154204456, 28.17776146366649570, 8.974757872532110881 ) ) ;
#3828 = DIRECTION ( 'NONE',  ( -0.000000000000000000, -1.000000000000000000, -0.000000000000000000 ) ) ;
#3829 = CARTESIAN_POINT ( 'NONE',  ( 1.909283357814385962, 35.79139490061916007, 8.815178446501931830 ) ) ;
#3830 = CARTESIAN_POINT ( 'NONE',  ( 3.212954032928811987, 35.01281254361831685, 8.427091367279722078 ) ) ;
#3831 = VECTOR ( 'NONE', #2786, 1000.000000000000000 ) ;
#3832 = ORIENTED_EDGE ( 'NONE', *, *, #1069, .F. ) ;
#3833 = CARTESIAN_POINT ( 'NONE',  ( 0.2924174925716652162, 26.94324418340274363, 9.015342374960999550 ) ) ;
#3834 = CIRCLE ( 'NONE', #4469, 9.000000000000000000 ) ;
#3835 = DIRECTION ( 'NONE',  ( 0.000000000000000000, 0.000000000000000000, 1.000000000000000000 ) ) ;
#3836 = CARTESIAN_POINT ( 'NONE',  ( 1.331684755108056617, 31.80081330886257263, 8.901364782926577846 ) ) ;
#3837 = ORIENTED_EDGE ( 'NONE', *, *, #377, .F. ) ;
#3838 = CARTESIAN_POINT ( 'NONE',  ( 0.2692307692307692180, 32.45512820512820440, 9.015972142736957906 ) ) ;
#3839 = CARTESIAN_POINT ( 'NONE',  ( 2.019230769230769162, 32.41656650641025550, 8.770558912635623372 ) ) ;
#3840 = CIRCLE ( 'NONE', #40, 7.000000000000000000 ) ;
#3841 = CARTESIAN_POINT ( 'NONE',  ( 1.237768655114176886, 28.68791953921170546, 8.934984883547011592 ) ) ;
#3842 = CARTESIAN_POINT ( 'NONE',  ( 1.613544934356459404, 31.57772207391753483, 8.874710343497332232 ) ) ;
#3843 = CARTESIAN_POINT ( 'NONE',  ( -0.07983880874825498297, 32.29049194999348771, 8.999668378432172489 ) ) ;
#3844 = VERTEX_POINT ( 'NONE', #1610 ) ;
#3845 = CARTESIAN_POINT ( 'NONE',  ( 3.587562410559337334, 35.25451145289785160, 8.254053312502152906 ) ) ;
#3846 = VERTEX_POINT ( 'NONE', #4264 ) ;
#3847 = CARTESIAN_POINT ( 'NONE',  ( 3.229038156146045502, 35.13254678862718805, 8.420792583205809478 ) ) ;
#3848 = DIRECTION ( 'NONE',  ( 0.000000000000000000, 1.000000000000000000, 0.000000000000000000 ) ) ;
#3849 = CARTESIAN_POINT ( 'NONE',  ( 1.959375784117501240, 32.05487190684797838, 8.804124688125426701 ) ) ;
#3850 = CARTESIAN_POINT ( 'NONE',  ( 2.123214871803535519, 35.03612888974426909, 8.766011673244646474 ) ) ;
#3851 = EDGE_CURVE ( 'NONE', #4588, #1113, #1166, .T. ) ;
#3852 = VERTEX_POINT ( 'NONE', #3068 ) ;
#3853 = CARTESIAN_POINT ( 'NONE',  ( 0.2867368574943993664, 30.72526719336132928, 8.995773094089683397 ) ) ;
#3854 = CARTESIAN_POINT ( 'NONE',  ( 2.981282825380713319, 34.25971480882844844, 8.492083102693566588 ) ) ;
#3855 = EDGE_CURVE ( 'NONE', #5, #3223, #1987, .T. ) ;
#3856 = CARTESIAN_POINT ( 'NONE',  ( 2.574448496244448936, 34.20918243414224946, 8.624525982354722231 ) ) ;
#3857 = CARTESIAN_POINT ( 'NONE',  ( 1.952068938665285858, 28.97500639479777007, 8.806079642202886859 ) ) ;
#3858 = ORIENTED_EDGE ( 'NONE', *, *, #533, .F. ) ;
#3859 = CARTESIAN_POINT ( 'NONE',  ( 0.3547157015932473900, 34.24152270648199448, 8.993087837585402866 ) ) ;
#3860 = DIRECTION ( 'NONE',  ( -0.000000000000000000, -1.000000000000000000, -0.000000000000000000 ) ) ;
#3861 = CARTESIAN_POINT ( 'NONE',  ( -0.08622357950139186711, 27.36409767420300199, 9.019587650889466346 ) ) ;
#3862 = EDGE_CURVE ( 'NONE', #1302, #2367, #2670, .T. ) ;
#3863 = EDGE_CURVE ( 'NONE', #391, #1917, #3348, .T. ) ;
#3864 = CARTESIAN_POINT ( 'NONE',  ( 2.111596767818900044, 35.11414556140255883, 8.768909614615905568 ) ) ;
#3865 = CARTESIAN_POINT ( 'NONE',  ( 0.2711284177331370060, 35.30085465408451739, 9.016041071161611242 ) ) ;
#3866 = CARTESIAN_POINT ( 'NONE',  ( 1.995143257457020924, 32.71903122448933487, 8.776070839249584310 ) ) ;
#3867 = CARTESIAN_POINT ( 'NONE',  ( 2.285619978009004516, 29.65610941613664764, 8.704807801025539860 ) ) ;
#3868 = CARTESIAN_POINT ( 'NONE',  ( -0.08573927179063825510, 35.38255988432629096, 8.999438797153784364 ) ) ;
#3869 = CARTESIAN_POINT ( 'NONE',  ( 1.570512820512820706, 65.00000000000000000, 8.861912292536235469 ) ) ;
#3870 = ORIENTED_EDGE ( 'NONE', *, *, #3372, .T. ) ;
#3871 = CARTESIAN_POINT ( 'NONE',  ( 2.858945680909708909, 36.20352890918114497, 8.533855598487960492 ) ) ;
#3872 = EDGE_LOOP ( 'NONE', ( #2854, #3967, #2702, #4668 ) ) ;
#3873 = CARTESIAN_POINT ( 'NONE',  ( -0.08974358974358974395, 29.90655048076923350, 8.999552549327102469 ) ) ;
#3874 = CARTESIAN_POINT ( 'NONE',  ( 2.247401337562477508, 30.09839628402324152, 8.734883087450022288 ) ) ;
#3875 = CARTESIAN_POINT ( 'NONE',  ( 0.9906850961538462563, 36.40384615384615330, 8.945308437402180957 ) ) ;
#3876 = CARTESIAN_POINT ( 'NONE',  ( 0.8668772544569398608, 31.69697129071802877, 8.978275562739794324 ) ) ;
#3877 = B_SPLINE_CURVE_WITH_KNOTS ( 'NONE', 3,
 ( #884, #4284, #1243, #4263, #807, #3505 ),
 .UNSPECIFIED., .F., .F.,
 ( 4, 2, 4 ),
 ( 2.168404344971008868E-19, 0.0004520598364467940875, 0.0009041196728935879581 ),
 .UNSPECIFIED. ) ;
#3878 = ORIENTED_EDGE ( 'NONE', *, *, #855, .T. ) ;
#3879 = CARTESIAN_POINT ( 'NONE',  ( 1.582794948429137039, 28.32595238693462036, 8.861339015463139290 ) ) ;
#3880 = CARTESIAN_POINT ( 'NONE',  ( 3.078301397079961088, 34.71069969146677181, 8.477477283382842899 ) ) ;
#3881 = ORIENTED_EDGE ( 'NONE', *, *, #3951, .F. ) ;
#3882 = ADVANCED_FACE ( 'NONE', ( #2692 ), #3304, .F. ) ;
#3883 = CARTESIAN_POINT ( 'NONE',  ( 2.257028274130612910, 30.06467119595518867, 8.712404034913049600 ) ) ;
#3884 = CARTESIAN_POINT ( 'NONE',  ( 2.220452724358973562, 30.19961939102563875, 8.741788216810059353 ) ) ;
#3885 = CARTESIAN_POINT ( 'NONE',  ( 0.2715956743892493641, 35.32171244744193928, 9.015901366035468101 ) ) ;
#3886 = CARTESIAN_POINT ( 'NONE',  ( 0.000000000000000000, 65.00000000000000000, 0.000000000000000000 ) ) ;
#3887 = CARTESIAN_POINT ( 'NONE',  ( 0.2879895813342981947, 32.64631180543468503, 9.015394320091743907 ) ) ;
#3888 = CARTESIAN_POINT ( 'NONE',  ( 0.3067658847918459664, 33.31091783930770589, 8.995188360397580851 ) ) ;
#3889 = B_SPLINE_CURVE_WITH_KNOTS ( 'NONE', 3,
 ( #42, #1559, #3064, #4573, #1581, #1183, #2347, #3857, #1970, #3477, #1606, #4625, #1240, #2741, #564, #1655 ),
 .UNSPECIFIED., .F., .F.,
 ( 4, 3, 3, 3, 3, 4 ),
 ( 0.000000000000000000, 0.2204409511328044857, 0.4440843390912066480, 0.6326823881959577900, 0.8420738254301889381, 1.000000000000000000 ),
 .UNSPECIFIED. ) ;
#3890 = EDGE_CURVE ( 'NONE', #2588, #2981, #4596, .T. ) ;
#3891 = ADVANCED_FACE ( 'NONE', ( #2397 ), #220, .F. ) ;
#3892 = CARTESIAN_POINT ( 'NONE',  ( 1.896488162548129353, 29.55286471280324179, 8.817930187233118389 ) ) ;
#3893 = CARTESIAN_POINT ( 'NONE',  ( 0.9019152104782744983, 36.40125619374666854, 8.954985941449647768 ) ) ;
#3894 = CARTESIAN_POINT ( 'NONE',  ( 0.3814616047488025297, 31.54690452698419989, 9.012330205683175777 ) ) ;
#3895 = ORIENTED_EDGE ( 'NONE', *, *, #4168, .F. ) ;
#3896 = LINE ( 'NONE', #1646, #31 ) ;
#3897 = CARTESIAN_POINT ( 'NONE',  ( 3.585853944677861005, 35.07841466872629610, 8.254796755769135075 ) ) ;
#3898 = CARTESIAN_POINT ( 'NONE',  ( 1.749999999999998668, 30.61538461538461675, 8.848221791504787603 ) ) ;
#3899 = CARTESIAN_POINT ( 'NONE',  ( 2.015945176680631334, 32.29432479608986029, 8.771177405193201437 ) ) ;
#3900 = CARTESIAN_POINT ( 'NONE',  ( 0.5364888569397320284, 27.72129162639773625, 8.984531780911675369 ) ) ;
#3901 = ORIENTED_EDGE ( 'NONE', *, *, #3851, .T. ) ;
#3902 = VERTEX_POINT ( 'NONE', #3219 ) ;
#3903 = CARTESIAN_POINT ( 'NONE',  ( -0.08974358974358974395, 27.15675080128205110, 9.019552549327100266 ) ) ;
#3904 = CARTESIAN_POINT ( 'NONE',  ( 2.889951449588777255, 34.56608232195791430, 8.523263239628564136 ) ) ;
#3905 = ORIENTED_EDGE ( 'NONE', *, *, #980, .F. ) ;
#3906 = CARTESIAN_POINT ( 'NONE',  ( 0.4804628258876031399, 30.44817464894228110, 9.007285809699945744 ) ) ;
#3907 = CARTESIAN_POINT ( 'NONE',  ( 0.6693217613127269150, 27.82219953564636228, 8.996327152139038219 ) ) ;
#3908 = DIRECTION ( 'NONE',  ( -0.2009441437213316251, -0.9796027006414901317, 0.000000000000000000 ) ) ;
#3909 = AXIS2_PLACEMENT_3D ( 'NONE', #1996, #3908, #4655 ) ;
#3910 = CIRCLE ( 'NONE', #2486, 9.000000000000000000 ) ;
#3911 = DIRECTION ( 'NONE',  ( -0.000000000000000000, -1.000000000000000000, -0.000000000000000000 ) ) ;
#3912 = CARTESIAN_POINT ( 'NONE',  ( 1.949819711538461675, 34.70222355769230660, 8.786002705459999618 ) ) ;
#3913 = CARTESIAN_POINT ( 'NONE',  ( 3.589743589743591201, 27.15675080128204755, 8.273104928443281381 ) ) ;
#3914 = AXIS2_PLACEMENT_3D ( 'NONE', #84, #3545, #2704 ) ;
#3915 = CARTESIAN_POINT ( 'NONE',  ( 1.582927041583764405, 34.65040269877280821, 8.879865534173642772 ) ) ;
#3916 = LINE ( 'NONE', #498, #193 ) ;
#3917 = CARTESIAN_POINT ( 'NONE',  ( 1.445545168868255459, 31.47793905066126996, 8.883380617944748536 ) ) ;
#3918 = ORIENTED_EDGE ( 'NONE', *, *, #3800, .F. ) ;
#3919 = CARTESIAN_POINT ( 'NONE',  ( 0.000000000000000000, 63.79999999999999716, 0.000000000000000000 ) ) ;
#3920 = AXIS2_PLACEMENT_3D ( 'NONE', #4343, #1394, #3645 ) ;
#3921 = ADVANCED_BREP_SHAPE_REPRESENTATION ( '18650', ( #3735, #908 ), #3428 ) ;
#3922 = CARTESIAN_POINT ( 'NONE',  ( 0.2692307692307692180, 27.14623397435897800, 9.015972142736957906 ) ) ;
#3923 = CARTESIAN_POINT ( 'NONE',  ( 3.589743589743591201, 27.15675080128204755, 8.273104928443281381 ) ) ;
#3924 = DIRECTION ( 'NONE',  ( 0.000000000000000000, 0.000000000000000000, 1.000000000000000000 ) ) ;
#3925 = CARTESIAN_POINT ( 'NONE',  ( 1.748597756410256610, 25.94871794871794890, 8.848499639592059651 ) ) ;
#3926 = EDGE_LOOP ( 'NONE', ( #1295, #3397, #2094, #460, #559 ) ) ;
#3927 = ORIENTED_EDGE ( 'NONE', *, *, #4584, .F. ) ;
#3928 = CARTESIAN_POINT ( 'NONE',  ( 0.1079460564892130298, 29.19457642855279289, 8.999693917952894751 ) ) ;
#3929 = CARTESIAN_POINT ( 'NONE',  ( 2.754031276069980994, 26.44464845194886138, 8.588615062132079814 ) ) ;
#3930 = ORIENTED_EDGE ( 'NONE', *, *, #3195, .F. ) ;
#3931 = CARTESIAN_POINT ( 'NONE',  ( 0.6899012894627436498, 30.60385232714321901, 8.993958112832951102 ) ) ;
#3932 = CARTESIAN_POINT ( 'NONE',  ( 0.2047209157273174041, 26.39560761672521494, 9.018416545644122095 ) ) ;
#3933 = CARTESIAN_POINT ( 'NONE',  ( 0.8762573318249275989, 36.08163169793925107, 8.977384425994385353 ) ) ;
#3934 = CARTESIAN_POINT ( 'NONE',  ( 3.399739583333333925, 31.85426682692307665, 8.333172911053535969 ) ) ;
#3935 = CARTESIAN_POINT ( 'NONE',  ( 1.166666666666666741, 65.00000000000000000, 8.924062353485036070 ) ) ;
#3936 = CARTESIAN_POINT ( 'NONE',  ( 0.8993162690851095320, 29.02790283239038516, 8.975490756344308707 ) ) ;
#3937 = CARTESIAN_POINT ( 'NONE',  ( 0.9759615384615385469, 33.53205128205127750, 8.966926795019830365 ) ) ;
#3938 = CARTESIAN_POINT ( 'NONE',  ( -0.02687937037286967576, 26.74249708266406955, 9.020704888046633840 ) ) ;
#3939 = CARTESIAN_POINT ( 'NONE',  ( 1.443137811025482442, 28.70702485084573041, 8.884664982141268652 ) ) ;
#3940 = VERTEX_POINT ( 'NONE', #1682 ) ;
#3941 = DIRECTION ( 'NONE',  ( 0.000000000000000000, 0.000000000000000000, -1.000000000000000000 ) ) ;
#3942 = EDGE_CURVE ( 'NONE', #4789, #3718, #2021, .T. ) ;
#3943 = CARTESIAN_POINT ( 'NONE',  ( 0.2721403943164485417, 32.35688899527048079, 8.995760904156588467 ) ) ;
#3944 = CARTESIAN_POINT ( 'NONE',  ( 0.7944904229917670868, 30.63643592113563230, 8.985460901228806918 ) ) ;
#3945 = CARTESIAN_POINT ( 'NONE',  ( 2.019230769230769162, 32.41656650641025550, 8.770559109919487284 ) ) ;
#3946 = CARTESIAN_POINT ( 'NONE',  ( 0.000000000000000000, 65.00000000000000000, 0.02000000000000000042 ) ) ;
#3947 = CARTESIAN_POINT ( 'NONE',  ( 0.9244771667549002148, 29.02509008436277327, 8.952579071299826552 ) ) ;
#3948 = ORIENTED_EDGE ( 'NONE', *, *, #1794, .T. ) ;
#3949 = ORIENTED_EDGE ( 'NONE', *, *, #3591, .T. ) ;
#3950 = EDGE_CURVE ( 'NONE', #3138, #1210, #4700, .T. ) ;
#3951 = EDGE_CURVE ( 'NONE', #1797, #1434, #940, .T. ) ;
#3952 = CARTESIAN_POINT ( 'NONE',  ( 0.7257281889498993221, 36.03885545216836306, 8.970812662048027519 ) ) ;
#3953 = DIRECTION ( 'NONE',  ( 0.000000000000000000, -1.000000000000000000, 0.000000000000000000 ) ) ;
#3954 = CARTESIAN_POINT ( 'NONE',  ( 2.823902439792180363, 26.48103627590322517, 8.565776188901562449 ) ) ;
#3955 = EDGE_LOOP ( 'NONE', ( #717, #4736, #2061, #1263 ) ) ;
#3956 = EDGE_CURVE ( 'NONE', #4161, #4484, #2444, .T. ) ;
#3957 = DIRECTION ( 'NONE',  ( 1.224646799147351482E-16, 0.000000000000000000, -1.000000000000000000 ) ) ;
#3958 = CARTESIAN_POINT ( 'NONE',  ( 0.000000000000000000, 37.70512820512822572, 9.000000000000000000 ) ) ;
#3959 = DIRECTION ( 'NONE',  ( 0.000000000000000000, 0.000000000000000000, 1.000000000000000000 ) ) ;
#3960 = CARTESIAN_POINT ( 'NONE',  ( 1.058019888524588614, 33.21389377818890409, 8.937717626156372219 ) ) ;
#3961 = CARTESIAN_POINT ( 'NONE',  ( 0.000000000000000000, 1.200000000000006617, -8.000000000000000000 ) ) ;
#3962 = CARTESIAN_POINT ( 'NONE',  ( 2.581592339861327634, 25.99116840520291660, 8.650239114190245715 ) ) ;
#3963 = ORIENTED_EDGE ( 'NONE', *, *, #4648, .T. ) ;
#3964 = CARTESIAN_POINT ( 'NONE',  ( 5.510910596163088569E-16, 37.70512820512822572, 9.019999999999997797 ) ) ;
#3965 = CARTESIAN_POINT ( 'NONE',  ( 1.912062186692746968, 29.62876310588877971, 8.794547624946815745 ) ) ;
#3966 = CARTESIAN_POINT ( 'NONE',  ( 0.09332408154543904433, 29.21231309126071096, 8.999575208684515104 ) ) ;
#3967 = ORIENTED_EDGE ( 'NONE', *, *, #831, .F. ) ;
#3968 = CARTESIAN_POINT ( 'NONE',  ( 2.686698717948718063, 35.91025641025641590, 8.609624555181252248 ) ) ;
#3969 = CARTESIAN_POINT ( 'NONE',  ( 0.000000000000000000, 0.2000000000000000111, 0.000000000000000000 ) ) ;
#3970 = CARTESIAN_POINT ( 'NONE',  ( 0.6012853092821305312, 30.54568344106672839, 8.979754653554470778 ) ) ;
#3971 = CARTESIAN_POINT ( 'NONE',  ( 1.949819711538461675, 34.70222355769230660, 8.806250798406342284 ) ) ;
#3972 = DIRECTION ( 'NONE',  ( 0.000000000000000000, 0.000000000000000000, -1.000000000000000000 ) ) ;
#3973 = CARTESIAN_POINT ( 'NONE',  ( 3.288483846722471071, 26.39138061916207789, 8.378675262211420005 ) ) ;
#3974 = B_SPLINE_SURFACE_WITH_KNOTS ( 'NONE', 3, 1, ( 
 ( #1276, #2778 ),
 ( #1721, #3944 ),
 ( #4344, #631 ),
 ( #3970, #609 ),
 ( #578, #1372 ),
 ( #1791, #4739 ),
 ( #1695, #281 ),
 ( #3277, #3998 ),
 ( #3596, #2110 ),
 ( #2055, #3231 ),
 ( #254, #1051 ),
 ( #1325, #3301 ),
 ( #2136, #1350 ) ),
 .UNSPECIFIED., .F., .F., .F.,
 ( 4, 3, 3, 3, 4 ),
 ( 2, 2 ),
 ( 0.000000000000000000, 0.2956647997942632999, 0.5085483449358110253, 0.7196514546225010189, 1.000000000000000000 ),
 ( 0.000000000000000000, 1.000000000000000000 ),
 .UNSPECIFIED. ) ;
#3975 = ORIENTED_EDGE ( 'NONE', *, *, #3649, .T. ) ;
#3976 = ORIENTED_EDGE ( 'NONE', *, *, #3574, .T. ) ;
#3977 = LINE ( 'NONE', #4398, #517 ) ;
#3978 = CARTESIAN_POINT ( 'NONE',  ( -0.02688118084646090242, 27.56812515569404454, 9.000461360468234417 ) ) ;
#3979 = CARTESIAN_POINT ( 'NONE',  ( 2.286220802726070200, 30.50539406671006404, 8.705115246227279613 ) ) ;
#3980 = ORIENTED_EDGE ( 'NONE', *, *, #1435, .F. ) ;
#3981 = B_SPLINE_CURVE_WITH_KNOTS ( 'NONE', 3,
 ( #719, #3462, #74, #4210, #3888, #787, #496, #1613, #4582, #51, #2302, #4188 ),
 .UNSPECIFIED., .F., .F.,
 ( 4, 2, 2, 2, 2, 4 ),
 ( 0.0004458431632156966752, 0.0007503411252193093860, 0.001054839087222922151, 0.001359337049226534916, 0.001511586030228341407, 0.001663835011230148115 ),
 .UNSPECIFIED. ) ;
#3982 = CARTESIAN_POINT ( 'NONE',  ( 0.3880723089366997502, 30.32572209890637183, 9.011747723396299037 ) ) ;
#3983 = CARTESIAN_POINT ( 'NONE',  ( 1.013120993589744057, 34.33974358974359831, 8.942667209275516171 ) ) ;
#3984 = CARTESIAN_POINT ( 'NONE',  ( 2.715571464993692619, 35.90962649371618909, 8.600593616521358342 ) ) ;
#3985 = CARTESIAN_POINT ( 'NONE',  ( 1.660256410256410575, 32.48247195512821150, 8.845538347223561360 ) ) ;
#3986 = DIRECTION ( 'NONE',  ( -0.000000000000000000, -1.000000000000000000, -0.000000000000000000 ) ) ;
#3987 = ORIENTED_EDGE ( 'NONE', *, *, #1284, .T. ) ;
#3988 = AXIS2_PLACEMENT_3D ( 'NONE', #191, #989, #4476 ) ;
#3989 = CARTESIAN_POINT ( 'NONE',  ( 1.166666666666666741, 65.00000000000000000, 8.944062353485035644 ) ) ;
#3990 = AXIS2_PLACEMENT_3D ( 'NONE', #323, #4481, #2249 ) ;
#3991 = LINE ( 'NONE', #3561, #36 ) ;
#3992 = CARTESIAN_POINT ( 'NONE',  ( 2.065800462738689891, 29.09003646983244096, 8.760408269407280457 ) ) ;
#3993 = EDGE_LOOP ( 'NONE', ( #2530, #1205, #3045, #3698 ) ) ;
#3994 = DIRECTION ( 'NONE',  ( 0.000000000000000000, 0.000000000000000000, -1.000000000000000000 ) ) ;
#3995 = TOROIDAL_SURFACE ( 'NONE', #192, 8.000000000000000000, 1.000000000000000000 ) ;
#3996 = VECTOR ( 'NONE', #394, 1000.000000000000000 ) ;
#3997 = CARTESIAN_POINT ( 'NONE',  ( 0.5400854190957540268, 28.81762189648510386, 9.004981749143819769 ) ) ;
#3998 = CARTESIAN_POINT ( 'NONE',  ( 0.3880723089366997502, 30.32572209890637183, 9.011747723396299037 ) ) ;
#3999 = DIRECTION ( 'NONE',  ( 0.000000000000000000, 0.000000000000000000, -1.000000000000000000 ) ) ;
#4000 = CIRCLE ( 'NONE', #120, 9.000000000000000000 ) ;
#4001 = FACE_OUTER_BOUND ( 'NONE', #489, .T. ) ;
#4002 = CIRCLE ( 'NONE', #4385, 9.000000000000000000 ) ;
#4003 = B_SPLINE_CURVE_WITH_KNOTS ( 'NONE', 3,
 ( #46, #3861, #808, #2377, #3117, #2746, #4185, #71 ),
 .UNSPECIFIED., .F., .F.,
 ( 4, 2, 2, 4 ),
 ( 0.000000000000000000, 0.2499999999999995559, 0.4999999999999991118, 1.000000000000000000 ),
 .UNSPECIFIED. ) ;
#4004 = CARTESIAN_POINT ( 'NONE',  ( -0.08974358974358974395, 27.15675080128205110, 8.999552549327102469 ) ) ;
#4005 = EDGE_CURVE ( 'NONE', #2714, #724, #3533, .T. ) ;
#4006 = CARTESIAN_POINT ( 'NONE',  ( -0.08974358974358974395, 27.15675080128205110, 8.999311839520704126 ) ) ;
#4007 = CARTESIAN_POINT ( 'NONE',  ( 2.686698717948718063, 35.91025641025641590, 8.589624555181252674 ) ) ;
#4008 = ORIENTED_EDGE ( 'NONE', *, *, #4515, .T. ) ;
#4009 = CARTESIAN_POINT ( 'NONE',  ( 0.6166372903807897377, 26.51454438033814753, 8.979172934804484640 ) ) ;
#4010 = EDGE_CURVE ( 'NONE', #2585, #973, #569, .T. ) ;
#4011 = CARTESIAN_POINT ( 'NONE',  ( -0.08753623831094799190, 35.30945354771096589, 8.999574561048273580 ) ) ;
#4012 = CARTESIAN_POINT ( 'NONE',  ( 1.884615384615385691, 62.18461538461537685, 8.820467308732586886 ) ) ;
#4013 = B_SPLINE_CURVE_WITH_KNOTS ( 'NONE', 3,
 ( #2130, #4734, #971, #4339 ),
 .UNSPECIFIED., .F., .F.,
 ( 4, 4 ),
 ( 0.000000000000000000, 0.0004518773405178751787 ),
 .UNSPECIFIED. ) ;
#4014 = CARTESIAN_POINT ( 'NONE',  ( 0.6006831290800901391, 33.11574161775898517, 8.980349943473354912 ) ) ;
#4015 = CARTESIAN_POINT ( 'NONE',  ( 1.525641025641025550, 65.00000000000000000, 8.869747429373679992 ) ) ;
#4016 = APPLICATION_PROTOCOL_DEFINITION ( 'international standard', 'config_control_design', 1994, #2030 ) ;
#4017 = ORIENTED_EDGE ( 'NONE', *, *, #3703, .F. ) ;
#4018 = B_SPLINE_SURFACE_WITH_KNOTS ( 'NONE', 3, 1, ( 
 ( #340, #2143 ),
 ( #3264, #2217 ),
 ( #1843, #293 ),
 ( #639, #2933 ),
 ( #1799, #3310 ),
 ( #3656, #2239 ),
 ( #2911, #1821 ),
 ( #2891, #661 ),
 ( #3681, #2519 ),
 ( #4448, #4129 ) ),
 .UNSPECIFIED., .F., .F., .F.,
 ( 4, 3, 3, 4 ),
 ( 2, 2 ),
 ( 0.000000000000000000, 0.2504702539737148070, 0.5006768664120678780, 1.000000000000000000 ),
 ( 0.000000000000000000, 1.000000000000000000 ),
 .UNSPECIFIED. ) ;
#4019 = ADVANCED_FACE ( 'NONE', ( #3579 ), #4381, .F. ) ;
#4020 = CARTESIAN_POINT ( 'NONE',  ( 1.686991834772790799, 34.83242189199030747, 8.860632553411639023 ) ) ;
#4021 = CARTESIAN_POINT ( 'NONE',  ( 0.3718085448025942874, 26.26438558129413181, 8.993978497379039538 ) ) ;
#4022 = CARTESIAN_POINT ( 'NONE',  ( 1.319745248127637716, 31.42731860177033809, 8.902939094397950726 ) ) ;
#4023 = ORIENTED_EDGE ( 'NONE', *, *, #230, .T. ) ;
#4024 = CARTESIAN_POINT ( 'NONE',  ( 1.750000000000000222, 28.01282051282051100, 8.848731899556106839 ) ) ;
#4025 = CARTESIAN_POINT ( 'NONE',  ( 0.8700921474358974672, 26.39533253205128105, 8.977842354884931098 ) ) ;
#4026 = CARTESIAN_POINT ( 'NONE',  ( 1.729918676509300202, 34.98638776425914898, 8.852182712731002212 ) ) ;
#4027 = CARTESIAN_POINT ( 'NONE',  ( 2.574448496244448936, 34.20918243414224946, 8.644665795790546170 ) ) ;
#4028 = CARTESIAN_POINT ( 'NONE',  ( 2.469225225602984075, 32.46276877925144788, 8.688841350811234321 ) ) ;
#4029 = ORIENTED_EDGE ( 'NONE', *, *, #2000, .T. ) ;
#4030 = CARTESIAN_POINT ( 'NONE',  ( 1.652803729907673214, 36.14381177368913001, 8.847324981075237460 ) ) ;
#4031 = CARTESIAN_POINT ( 'NONE',  ( 3.587507901412249289, 35.27153839989646400, 8.254077356144827959 ) ) ;
#4032 = EDGE_LOOP ( 'NONE', ( #1630, #1179, #67, #3503 ) ) ;
#4033 = CARTESIAN_POINT ( 'NONE',  ( 1.657015897413798955, 32.59206362478570185, 8.846002046159433974 ) ) ;
#4034 = CARTESIAN_POINT ( 'NONE',  ( 3.141025641025642301, 28.82051282051282826, 8.434094967595482828 ) ) ;
#4035 = CARTESIAN_POINT ( 'NONE',  ( 2.833681940505327290, 27.81919240511775371, 8.563610640329411439 ) ) ;
#4036 = CARTESIAN_POINT ( 'NONE',  ( 1.324401239106464567, 36.34575278482435579, 8.922020071751727954 ) ) ;
#4037 = DIRECTION ( 'NONE',  ( 0.000000000000000000, -1.000000000000000000, 0.000000000000000000 ) ) ;
#4038 = PERSON_AND_ORGANIZATION_ROLE ( 'classification_officer' ) ;
#4039 = ORIENTED_EDGE ( 'NONE', *, *, #328, .F. ) ;
#4040 = EDGE_CURVE ( 'NONE', #4101, #3852, #687, .T. ) ;
#4041 = CARTESIAN_POINT ( 'NONE',  ( 1.462647896579285733, 35.89660075085971158, 8.880468652874668578 ) ) ;
#4042 = PLANE ( 'NONE',  #2801 ) ;
#4043 = CARTESIAN_POINT ( 'NONE',  ( -0.07339856584273117546, 29.68408051035824968, 9.019700697830533187 ) ) ;
#4044 = ORIENTED_EDGE ( 'NONE', *, *, #2154, .F. ) ;
#4045 = CARTESIAN_POINT ( 'NONE',  ( 1.563704146123585659, 29.10001950965276052, 8.883425124126439698 ) ) ;
#4046 = CARTESIAN_POINT ( 'NONE',  ( 1.570512820512820706, 62.49871794871794606, 8.861912292536235469 ) ) ;
#4047 = B_SPLINE_CURVE_WITH_KNOTS ( 'NONE', 3,
 ( #2230, #1885, #4068, #673, #2183, #3720, #2578, #3693, #305, #4095, #1859, #1832, #3343, #4856 ),
 .UNSPECIFIED., .F., .F.,
 ( 4, 2, 2, 2, 2, 2, 4 ),
 ( 1.734723475976806902E-18, 0.0001556130551786499817, 0.0003112261103572982286, 0.0006224522207146052392, 0.0009336783310719122498, 0.001089291386250566080, 0.001244904441429219803 ),
 .UNSPECIFIED. ) ;
#4048 = DIRECTION ( 'NONE',  ( 0.000000000000000000, 0.000000000000000000, -1.000000000000000000 ) ) ;
#4049 = CARTESIAN_POINT ( 'NONE',  ( 0.2721348612420316226, 29.78232177566333760, 8.995753728280066142 ) ) ;
#4050 = CARTESIAN_POINT ( 'NONE',  ( 3.499999999999998668, 38.35226362179489712, 8.311561975888499987 ) ) ;
#4051 = EDGE_LOOP ( 'NONE', ( #1245, #326, #4039, #2518 ) ) ;
#4052 = CARTESIAN_POINT ( 'NONE',  ( 1.318532022611200061, 26.28750086077027959, 8.903307192425883088 ) ) ;
#4053 = CARTESIAN_POINT ( 'NONE',  ( 0.2707038207782307415, 32.50485964246324500, 8.995928057362421626 ) ) ;
#4054 = ORIENTED_EDGE ( 'NONE', *, *, #3493, .F. ) ;
#4055 = B_SPLINE_SURFACE_WITH_KNOTS ( 'NONE', 3, 1, ( 
 ( #599, #2100 ),
 ( #2445, #1362 ),
 ( #570, #2070 ),
 ( #3581, #194 ),
 ( #2378, #1711 ),
 ( #4730, #3612 ) ),
 .UNSPECIFIED., .F., .F., .F.,
 ( 4, 2, 4 ),
 ( 2, 2 ),
 ( 0.000000000000000000, 0.5000000000000000000, 1.000000000000000000 ),
 ( 0.000000000000000000, 1.000000000000000000 ),
 .UNSPECIFIED. ) ;
#4056 = DIRECTION ( 'NONE',  ( -1.000000000000000000, 0.000000000000000000, 0.000000000000000000 ) ) ;
#4057 = CARTESIAN_POINT ( 'NONE',  ( 1.911158087544441164, 28.01242361234167788, 8.796275759805160632 ) ) ;
#4058 = CARTESIAN_POINT ( 'NONE',  ( 3.166150402716468637, 27.47203449808133868, 8.445328474772859195 ) ) ;
#4059 = CARTESIAN_POINT ( 'NONE',  ( 0.5878604234193800515, 31.44817011597815437, 9.000780596505913778 ) ) ;
#4060 = DIRECTION ( 'NONE',  ( 0.000000000000000000, 0.000000000000000000, 1.000000000000000000 ) ) ;
#4061 = PERSON_AND_ORGANIZATION ( #2266, #2959 ) ;
#4062 = ORIENTED_EDGE ( 'NONE', *, *, #1227, .T. ) ;
#4063 = CARTESIAN_POINT ( 'NONE',  ( 1.661111235539171727, 35.63648514766120456, 8.845331959506831154 ) ) ;
#4064 = CARTESIAN_POINT ( 'NONE',  ( 0.5384615384615384359, 62.49871794871794606, 8.983877735788572849 ) ) ;
#4065 = CARTESIAN_POINT ( 'NONE',  ( -0.08974358974358975782, 29.90655048076923705, 9.019552549327100266 ) ) ;
#4066 = ORIENTED_EDGE ( 'NONE', *, *, #629, .T. ) ;
#4067 = CARTESIAN_POINT ( 'NONE',  ( 1.748597756410257054, 25.94871794871794890, 8.828499639592052972 ) ) ;
#4068 = CARTESIAN_POINT ( 'NONE',  ( 1.116539796103483084, 34.34705347685483190, 8.930615534411474599 ) ) ;
#4069 = LINE ( 'NONE', #2628, #4630 ) ;
#4070 = CARTESIAN_POINT ( 'NONE',  ( 0.2824647219251222308, 35.00297440429100249, 8.995613666132326713 ) ) ;
#4071 = CARTESIAN_POINT ( 'NONE',  ( 1.999443931675845443, 32.68894846579949132, 8.795091108591671869 ) ) ;
#4072 = EDGE_CURVE ( 'NONE', #425, #2508, #999, .T. ) ;
#4073 = EDGE_CURVE ( 'NONE', #684, #2929, #4002, .T. ) ;
#4074 = CARTESIAN_POINT ( 'NONE',  ( 1.324401239106464567, 36.34575278482435579, 8.922020071751727954 ) ) ;
#4075 = AXIS2_PLACEMENT_3D ( 'NONE', #1397, #2907, #3208 ) ;
#4076 = VECTOR ( 'NONE', #4674, 1000.000000000000000 ) ;
#4077 = EDGE_LOOP ( 'NONE', ( #3666, #3007, #455, #2307 ) ) ;
#4078 = AXIS2_PLACEMENT_3D ( 'NONE', #4130, #2218, #1061 ) ;
#4079 = CARTESIAN_POINT ( 'NONE',  ( 1.884615384615385691, 62.49871794871794606, 8.820467308732586886 ) ) ;
#4080 = CARTESIAN_POINT ( 'NONE',  ( 3.335148445037647846, 35.92225981105228527, 8.379699878190230322 ) ) ;
#4081 = VECTOR ( 'NONE', #136, 1000.000000000000000 ) ;
#4082 = ORIENTED_EDGE ( 'NONE', *, *, #3004, .F. ) ;
#4083 = CARTESIAN_POINT ( 'NONE',  ( 0.2944711538461538547, 34.29066506410256920, 8.995181306652607844 ) ) ;
#4084 = CARTESIAN_POINT ( 'NONE',  ( 0.1638565751058939368, 30.60138464002599079, 8.998368250956138681 ) ) ;
#4085 = CARTESIAN_POINT ( 'NONE',  ( 2.229743574867680600, 30.16596626863940145, 8.739422888300488523 ) ) ;
#4086 = CARTESIAN_POINT ( 'NONE',  ( 1.392554844366489020, 35.96072738694628157, 8.912154437349057545 ) ) ;
#4087 = CARTESIAN_POINT ( 'NONE',  ( 3.587862291201370901, 27.04940103500383586, 8.253923211918518632 ) ) ;
#4088 = PERSON_AND_ORGANIZATION ( #2266, #2959 ) ;
#4089 = VERTEX_POINT ( 'NONE', #4012 ) ;
#4090 = CARTESIAN_POINT ( 'NONE',  ( 2.916666666666666963, 62.49871794871794606, 8.534285381378493796 ) ) ;
#4091 = CARTESIAN_POINT ( 'NONE',  ( 2.496681551112780895, 34.56215180061833081, 8.646849953425675750 ) ) ;
#4092 = CARTESIAN_POINT ( 'NONE',  ( 0.3589701612419735621, 33.35003814517122578, 9.013417774837993335 ) ) ;
#4093 = ORIENTED_EDGE ( 'NONE', *, *, #3281, .F. ) ;
#4094 = DIRECTION ( 'NONE',  ( 0.000000000000000000, -1.000000000000000000, 0.000000000000000000 ) ) ;
#4095 = CARTESIAN_POINT ( 'NONE',  ( 1.717270386729470744, 34.93569679637660386, 8.834663304533760808 ) ) ;
#4096 = CARTESIAN_POINT ( 'NONE',  ( 0.6859197579061028227, 31.75342871467708150, 8.993955385344827747 ) ) ;
#4097 = CARTESIAN_POINT ( 'NONE',  ( 0.8016445163467484925, 34.37057947168874961, 8.964381031601877936 ) ) ;
#4098 = CARTESIAN_POINT ( 'NONE',  ( 3.141025641025641413, 38.01923076923078781, 8.434094967595482828 ) ) ;
#4099 = CARTESIAN_POINT ( 'NONE',  ( 3.165088351963949886, 26.81817503608639441, 8.425560458352475024 ) ) ;
#4100 = B_SPLINE_SURFACE_WITH_KNOTS ( 'NONE', 3, 1, ( 
 ( #4006, #3903 ),
 ( #2858, #1751 ),
 ( #3978, #614 ),
 ( #2039, #2016 ),
 ( #2392, #1333 ),
 ( #2117, #511 ),
 ( #4375, #3261 ),
 ( #587, #3630 ) ),
 .UNSPECIFIED., .F., .F., .F.,
 ( 4, 2, 2, 4 ),
 ( 2, 2 ),
 ( 0.000000000000000000, 0.2499999999999995559, 0.4999999999999991118, 1.000000000000000000 ),
 ( 0.000000000000000000, 1.000000000000000000 ),
 .UNSPECIFIED. ) ;
#4101 = VERTEX_POINT ( 'NONE', #295 ) ;
#4102 = EDGE_CURVE ( 'NONE', #2760, #2847, #2696, .T. ) ;
#4103 = FACE_OUTER_BOUND ( 'NONE', #3687, .T. ) ;
#4104 = CARTESIAN_POINT ( 'NONE',  ( 0.2707038207782307415, 32.50485964246324500, 9.015928766094923219 ) ) ;
#4105 = ORIENTED_EDGE ( 'NONE', *, *, #3139, .T. ) ;
#4106 = CARTESIAN_POINT ( 'NONE',  ( 1.287252410693180193, 33.14066221106868682, 8.927608423463025744 ) ) ;
#4107 = DIRECTION ( 'NONE',  ( 0.000000000000000000, 0.000000000000000000, 1.000000000000000000 ) ) ;
#4108 = CARTESIAN_POINT ( 'NONE',  ( 3.577253603389437764, 35.04034149012354504, 8.258528387059300258 ) ) ;
#4109 = CARTESIAN_POINT ( 'NONE',  ( -0.07983880874825498297, 32.29049194999348771, 9.019671028672922475 ) ) ;
#4110 = CARTESIAN_POINT ( 'NONE',  ( -0.08724100764860426294, 35.12439954665509134, 9.019577505090138558 ) ) ;
#4111 = PERSON_AND_ORGANIZATION ( #2266, #2959 ) ;
#4112 = EDGE_LOOP ( 'NONE', ( #2662, #2728, #2805, #3691 ) ) ;
#4113 = B_SPLINE_CURVE_WITH_KNOTS ( 'NONE', 3,
 ( #3729, #4843, #3289, #1873, #1800, #1508, #4520, #2144, #4057, #1038 ),
 .UNSPECIFIED., .F., .F.,
 ( 4, 2, 2, 2, 4 ),
 ( 0.000000000000000000, 0.0004919980280390419012, 0.0009839960560780838025, 0.001475994084117125595, 0.001967992112156167605 ),
 .UNSPECIFIED. ) ;
#4114 = CARTESIAN_POINT ( 'NONE',  ( 1.698097232859764771, 35.52926660933918157, 8.858480990336317973 ) ) ;
#4115 = LINE ( 'NONE', #1855, #514 ) ;
#4116 = CARTESIAN_POINT ( 'NONE',  ( -0.08974358974358974395, 32.47195512820512420, 8.999411558772209219 ) ) ;
#4117 = ORIENTED_EDGE ( 'NONE', *, *, #3712, .T. ) ;
#4118 = CARTESIAN_POINT ( 'NONE',  ( 0.6068397658555316765, 35.97557373565378214, 8.979591067220514589 ) ) ;
#4119 = DIRECTION ( 'NONE',  ( 0.8368789961609507388, -0.5473879298857798892, 0.000000000000000000 ) ) ;
#4120 = CARTESIAN_POINT ( 'NONE',  ( 0.9222022744254863014, 31.69339600143435121, 8.972783014413447944 ) ) ;
#4121 = CARTESIAN_POINT ( 'NONE',  ( 1.652156009142755622, 32.33346332578065585, 8.847073466715126955 ) ) ;
#4122 = CARTESIAN_POINT ( 'NONE',  ( 0.2692307692307692180, 29.88832131410256565, 8.995840641724628384 ) ) ;
#4123 = CARTESIAN_POINT ( 'NONE',  ( 3.080906117963163826, 32.42897526783056605, 8.461282005412156693 ) ) ;
#4124 = EDGE_LOOP ( 'NONE', ( #4408, #1571, #55, #2265 ) ) ;
#4125 = CYLINDRICAL_SURFACE ( 'NONE', #742, 7.000000000000000000 ) ;
#4126 = DIRECTION ( 'NONE',  ( -0.000000000000000000, -1.000000000000000000, -0.000000000000000000 ) ) ;
#4127 = EDGE_CURVE ( 'NONE', #956, #1260, #2567, .T. ) ;
#4128 = ORIENTED_EDGE ( 'NONE', *, *, #3777, .T. ) ;
#4129 = CARTESIAN_POINT ( 'NONE',  ( 1.750000000000000000, 30.61538461538461675, 8.848221791504785827 ) ) ;
#4130 = CARTESIAN_POINT ( 'NONE',  ( 2.220452724358972674, 30.19961939102563520, 8.721788216810059780 ) ) ;
#4131 = CARTESIAN_POINT ( 'NONE',  ( 2.691786272586890405, 34.20555289113823250, 8.588037977683486091 ) ) ;
#4132 = ADVANCED_FACE ( 'NONE', ( #1755 ), #1838, .F. ) ;
#4133 = EDGE_CURVE ( 'NONE', #3940, #3450, #3113, .T. ) ;
#4134 = CARTESIAN_POINT ( 'NONE',  ( 1.949819711538462119, 34.70222355769230660, 8.806250798406342284 ) ) ;
#4135 = CARTESIAN_POINT ( 'NONE',  ( 1.916637134484559635, 25.95276175547972031, 8.793557761253474325 ) ) ;
#4136 = VERTEX_POINT ( 'NONE', #1109 ) ;
#4137 = CARTESIAN_POINT ( 'NONE',  ( 0.9633413461538461453, 31.69230769230769340, 8.948294443679785104 ) ) ;
#4138 = DIRECTION ( 'NONE',  ( -0.000000000000000000, -1.000000000000000000, -0.000000000000000000 ) ) ;
#4139 = CARTESIAN_POINT ( 'NONE',  ( 0.4609285415443556966, 33.40421825793436739, 9.008189188017230009 ) ) ;
#4140 = ORIENTED_EDGE ( 'NONE', *, *, #2433, .T. ) ;
#4141 = CARTESIAN_POINT ( 'NONE',  ( 0.5469005129432900070, 35.92425365769819479, 9.003493676884934516 ) ) ;
#4142 = APPROVAL ( #1877, 'UNSPECIFIED' ) ;
#4143 = CARTESIAN_POINT ( 'NONE',  ( 1.490729066300429562, 29.06720769043293728, 8.875547578007887850 ) ) ;
#4144 = LINE ( 'NONE', #1519, #2015 ) ;
#4145 = CARTESIAN_POINT ( 'NONE',  ( 1.379333357069329358, 31.84673344168026432, 8.893674127718206535 ) ) ;
#4146 = CARTESIAN_POINT ( 'NONE',  ( 3.141025641025640969, 30.01101762820512775, 8.434094967595482828 ) ) ;
#4147 = CARTESIAN_POINT ( 'NONE',  ( 0.9906850961538462563, 36.40384615384615330, 8.945174173025574049 ) ) ;
#4148 = ORIENTED_EDGE ( 'NONE', *, *, #1427, .T. ) ;
#4149 = CARTESIAN_POINT ( 'NONE',  ( 2.111152277087251949, 28.31615300926175394, 8.748927368685375683 ) ) ;
#4150 = VECTOR ( 'NONE', #2009, 1000.000000000000000 ) ;
#4151 = CIRCLE ( 'NONE', #2879, 9.000000000000000000 ) ;
#4152 = CARTESIAN_POINT ( 'NONE',  ( 1.660256410256410575, 32.48247195512821150, 8.865538347223557381 ) ) ;
#4153 = ORIENTED_EDGE ( 'NONE', *, *, #4518, .F. ) ;
#4154 = APPROVAL_PERSON_ORGANIZATION ( #1410, #4142, #2619 ) ;
#4155 = VECTOR ( 'NONE', #4578, 1000.000000000000000 ) ;
#4156 = CARTESIAN_POINT ( 'NONE',  ( 0.2944711538461538547, 34.29066506410256920, 9.015181306652609194 ) ) ;
#4157 = FACE_OUTER_BOUND ( 'NONE', #660, .T. ) ;
#4158 = VECTOR ( 'NONE', #1209, 1000.000000000000000 ) ;
#4159 = CARTESIAN_POINT ( 'NONE',  ( 2.131699212892910200, 34.44439125449177652, 8.743764261161048879 ) ) ;
#4160 = CARTESIAN_POINT ( 'NONE',  ( 3.116334470681526359, 26.27364979627467179, 8.443367785661520131 ) ) ;
#4161 = VERTEX_POINT ( 'NONE', #387 ) ;
#4162 = CARTESIAN_POINT ( 'NONE',  ( 2.220452724358973562, 30.19961939102563875, 8.721788216810059780 ) ) ;
#4163 = FACE_OUTER_BOUND ( 'NONE', #1539, .T. ) ;
#4164 = CARTESIAN_POINT ( 'NONE',  ( 0.09315729495235099133, 35.93529328321344707, 8.999778728070729983 ) ) ;
#4165 = CARTESIAN_POINT ( 'NONE',  ( 2.693709935897436125, 34.51923076923077360, 8.607557179219753607 ) ) ;
#4166 = FACE_OUTER_BOUND ( 'NONE', #1065, .T. ) ;
#4167 = CARTESIAN_POINT ( 'NONE',  ( 2.017654780922064628, 32.47723456985231394, 8.790921947002619419 ) ) ;
#4168 = EDGE_CURVE ( 'NONE', #2418, #3844, #1848, .T. ) ;
#4169 = CARTESIAN_POINT ( 'NONE',  ( 0.9822716346153845812, 31.37820512820512775, 8.946236216187790191 ) ) ;
#4170 = CARTESIAN_POINT ( 'NONE',  ( 1.526713486828159994, 32.01507418240286285, 8.889562993421995074 ) ) ;
#4171 = CARTESIAN_POINT ( 'NONE',  ( 3.500000000000000000, 65.00000000000000000, 8.291561975888500413 ) ) ;
#4172 = ORIENTED_EDGE ( 'NONE', *, *, #1280, .T. ) ;
#4173 = DIRECTION ( 'NONE',  ( 0.000000000000000000, 0.000000000000000000, -1.000000000000000000 ) ) ;
#4174 = ORIENTED_EDGE ( 'NONE', *, *, #3776, .T. ) ;
#4175 = CARTESIAN_POINT ( 'NONE',  ( 2.611508154276191984, 28.24421495673464477, 8.612820188012753064 ) ) ;
#4176 = CARTESIAN_POINT ( 'NONE',  ( 2.108974358974359031, 35.20352564102564230, 8.769412960489903597 ) ) ;
#4177 = EDGE_LOOP ( 'NONE', ( #3639, #3796, #1582, #4706 ) ) ;
#4178 = CARTESIAN_POINT ( 'NONE',  ( 3.589743589743591645, 27.15675080128204755, 8.253104928443281807 ) ) ;
#4179 = CARTESIAN_POINT ( 'NONE',  ( 2.118940935217608068, 35.33272237993396914, 8.747004590890480102 ) ) ;
#4180 = CARTESIAN_POINT ( 'NONE',  ( 1.886840320153561956, 35.82919327781014118, 8.819990545804170523 ) ) ;
#4181 = CARTESIAN_POINT ( 'NONE',  ( 3.078301397079961088, 34.71069969146677181, 8.457215971573116775 ) ) ;
#4182 = VERTEX_POINT ( 'NONE', #3782 ) ;
#4183 = CARTESIAN_POINT ( 'NONE',  ( 1.424550857861097697, 34.09239477775750515, 8.888016728821337864 ) ) ;
#4184 = CARTESIAN_POINT ( 'NONE',  ( 0.2716451717834315049, 35.09025228725437273, 9.016026358114645589 ) ) ;
#4185 = CARTESIAN_POINT ( 'NONE',  ( 1.346604295554237440, 28.32456961239112658, 8.928119608152979225 ) ) ;
#4186 = ORIENTED_EDGE ( 'NONE', *, *, #3950, .F. ) ;
#4187 = CARTESIAN_POINT ( 'NONE',  ( 0.8678872616222539360, 33.21541403938017822, 8.978570688708071401 ) ) ;
#4188 = CARTESIAN_POINT ( 'NONE',  ( 0.9759615384615386580, 33.53205128205127750, 8.946926795019829015 ) ) ;
#4189 = CARTESIAN_POINT ( 'NONE',  ( 2.285619978009004516, 29.65610941613664764, 8.724938250713400123 ) ) ;
#4190 = CARTESIAN_POINT ( 'NONE',  ( 0.3002967527353780919, 36.15440362241642447, 8.995305301407825027 ) ) ;
#4191 = CARTESIAN_POINT ( 'NONE',  ( 0.1336944437226581239, 31.78233393418673813, 9.019198651419829460 ) ) ;
#4192 = ORIENTED_EDGE ( 'NONE', *, *, #461, .T. ) ;
#4193 = CARTESIAN_POINT ( 'NONE',  ( 1.749999999999998668, 30.61538461538461675, 8.848221791504787603 ) ) ;
#4194 = EDGE_CURVE ( 'NONE', #1167, #4781, #3755, .T. ) ;
#4195 = ORIENTED_EDGE ( 'NONE', *, *, #4400, .T. ) ;
#4196 = LINE ( 'NONE', #3446, #2572 ) ;
#4197 = CARTESIAN_POINT ( 'NONE',  ( 2.657859620545281576, 36.22313321200462610, 8.598481719774506260 ) ) ;
#4198 = CARTESIAN_POINT ( 'NONE',  ( 1.750000000000000000, 26.26282051282051455, 8.828221791504788030 ) ) ;
#4199 = ORIENTED_EDGE ( 'NONE', *, *, #4367, .T. ) ;
#4200 = FACE_OUTER_BOUND ( 'NONE', #1175, .T. ) ;
#4201 = CARTESIAN_POINT ( 'NONE',  ( 2.521251339565506289, 35.87759530314766465, 8.659635440151062014 ) ) ;
#4202 = CARTESIAN_POINT ( 'NONE',  ( 3.163905334554390159, 26.81620852502070562, 8.426199566915098416 ) ) ;
#4203 = CARTESIAN_POINT ( 'NONE',  ( 2.988325428743324519, 34.62612228064676856, 8.509651808852401800 ) ) ;
#4204 = VERTEX_POINT ( 'NONE', #3382 ) ;
#4205 = CARTESIAN_POINT ( 'NONE',  ( 3.230769230769231282, 27.14623397435897445, 8.420126795323675140 ) ) ;
#4206 = LINE ( 'NONE', #2691, #2088 ) ;
#4207 = CARTESIAN_POINT ( 'NONE',  ( 3.230769230769231282, 35.21614583333333570, 8.420126795323675140 ) ) ;
#4208 = CARTESIAN_POINT ( 'NONE',  ( 2.186806581115903647, 34.85543888364590259, 8.730218057528853492 ) ) ;
#4209 = CARTESIAN_POINT ( 'NONE',  ( 3.500000000000000000, 28.82051282051282470, 8.291561975888500413 ) ) ;
#4210 = CARTESIAN_POINT ( 'NONE',  ( 0.2276475493363459834, 33.24451121663170738, 8.997367789347997302 ) ) ;
#4211 = ADVANCED_FACE ( 'NONE', ( #756 ), #464, .F. ) ;
#4212 = CARTESIAN_POINT ( 'NONE',  ( 2.288461538461538769, 29.78735977564102910, 8.724191162134609101 ) ) ;
#4213 = CARTESIAN_POINT ( 'NONE',  ( 0.9906850961538462563, 36.40384615384615330, 8.965308437402182307 ) ) ;
#4214 = CARTESIAN_POINT ( 'NONE',  ( 0.2948162385144457165, 31.61987804271050706, 9.015170003146590005 ) ) ;
#4215 = ORIENTED_EDGE ( 'NONE', *, *, #1352, .F. ) ;
#4216 = DIRECTION ( 'NONE',  ( -0.000000000000000000, -1.000000000000000000, -0.000000000000000000 ) ) ;
#4217 = ORIENTED_EDGE ( 'NONE', *, *, #1861, .T. ) ;
#4218 = ADVANCED_FACE ( 'NONE', ( #4157 ), #299, .F. ) ;
#4219 = CARTESIAN_POINT ( 'NONE',  ( 3.431201340437079583, 34.62364678254429151, 8.340658599139697316 ) ) ;
#4220 = CARTESIAN_POINT ( 'NONE',  ( 0.9633413461538461453, 33.21794871794871540, 8.948149917089038397 ) ) ;
#4221 = LINE ( 'NONE', #2779, #3280 ) ;
#4222 = LINE ( 'NONE', #407, #1632 ) ;
#4223 = ORIENTED_EDGE ( 'NONE', *, *, #798, .T. ) ;
#4224 = VECTOR ( 'NONE', #3620, 1000.000000000000000 ) ;
#4225 = EDGE_CURVE ( 'NONE', #2633, #1358, #582, .T. ) ;
#4226 = AXIS2_PLACEMENT_3D ( 'NONE', #4526, #3115, #16 ) ;
#4227 = CC_DESIGN_PERSON_AND_ORGANIZATION_ASSIGNMENT ( #4061, #690, ( #2591 ) ) ;
#4228 = CARTESIAN_POINT ( 'NONE',  ( 0.9182178754769113604, 28.25655108521570114, 8.954475441178061601 ) ) ;
#4229 = CARTESIAN_POINT ( 'NONE',  ( 2.418961418367532978, 35.82514794183587981, 8.668948107800245495 ) ) ;
#4230 = CARTESIAN_POINT ( 'NONE',  ( 2.681790865384615419, 34.20512820512820440, 8.591018301413399172 ) ) ;
#4231 = CARTESIAN_POINT ( 'NONE',  ( 2.941316324437501795, 34.59093021139756985, 8.526108712092240083 ) ) ;
#4232 = VECTOR ( 'NONE', #3860, 1000.000000000000000 ) ;
#4233 = ORIENTED_EDGE ( 'NONE', *, *, #651, .T. ) ;
#4234 = CARTESIAN_POINT ( 'NONE',  ( 0.4222199284695969945, 26.69289459230496675, 8.990308516912323356 ) ) ;
#4235 = VECTOR ( 'NONE', #851, 1000.000000000000000 ) ;
#4236 = CARTESIAN_POINT ( 'NONE',  ( -0.08974358974358974395, 29.90655048076923350, 8.999552549327102469 ) ) ;
#4237 = CARTESIAN_POINT ( 'NONE',  ( 3.187909513618829571, 35.49895837839326163, 8.416485590135295070 ) ) ;
#4238 = ORIENTED_EDGE ( 'NONE', *, *, #1043, .T. ) ;
#4239 = CARTESIAN_POINT ( 'NONE',  ( 1.166666666666666741, 65.00000000000000000, 8.924062353485036070 ) ) ;
#4240 = CARTESIAN_POINT ( 'NONE',  ( 0.4173981054843876604, 29.38047601044174328, 9.010590059195578760 ) ) ;
#4241 = VECTOR ( 'NONE', #2752, 1000.000000000000000 ) ;
#4242 = B_SPLINE_CURVE_WITH_KNOTS ( 'NONE', 3,
 ( #2403, #1367, #249, #2507, #203, #2027, #4364, #3152, #3917, #4022, #2427, #1272, #525, #4710 ),
 .UNSPECIFIED., .F., .F.,
 ( 4, 2, 2, 2, 2, 2, 4 ),
 ( 0.000000000000000000, 0.0004073274535417370696, 0.0008146549070834745729, 0.001018318633854336033, 0.001221982360625197385, 0.001425646087396059171, 0.001629309814166920523 ),
 .UNSPECIFIED. ) ;
#4243 = CARTESIAN_POINT ( 'NONE',  ( 1.490729066300429562, 29.06720769043293728, 8.895681768229804831 ) ) ;
#4244 = CARTESIAN_POINT ( 'NONE',  ( 0.8974358974358971341, 30.97435897435897445, 8.975144265169230806 ) ) ;
#4245 = CARTESIAN_POINT ( 'NONE',  ( -0.08641291847037398111, 32.38165583296493821, 8.999583112559427889 ) ) ;
#4246 = EDGE_LOOP ( 'NONE', ( #4172, #4044, #1347, #539 ) ) ;
#4247 = CARTESIAN_POINT ( 'NONE',  ( 2.935607625035780988, 36.18531864231566431, 8.508019533805601498 ) ) ;
#4248 = VERTEX_POINT ( 'NONE', #4396 ) ;
#4249 = CARTESIAN_POINT ( 'NONE',  ( 3.230769230769231726, 35.21614583333333570, 8.420126795323675140 ) ) ;
#4250 = CARTESIAN_POINT ( 'NONE',  ( 2.916666666666666963, 62.18461538461537685, 8.514285381378494222 ) ) ;
#4251 = CARTESIAN_POINT ( 'NONE',  ( 2.640980247895802879, 36.22215199264419994, 8.623791218424125660 ) ) ;
#4252 = CARTESIAN_POINT ( 'NONE',  ( 1.408263340639789751, 31.86453090943071231, 8.909363395216356452 ) ) ;
#4253 = ORIENTED_EDGE ( 'NONE', *, *, #3229, .T. ) ;
#4254 = ADVANCED_FACE ( 'NONE', ( #2138 ), #1353, .T. ) ;
#4255 = ADVANCED_FACE ( 'NONE', ( #2802, #1770, #633 ), #4322, .T. ) ;
#4256 = ORIENTED_EDGE ( 'NONE', *, *, #68, .F. ) ;
#4257 = CARTESIAN_POINT ( 'NONE',  ( -0.04370289355430860556, 34.81155071354302066, 8.999787678442020322 ) ) ;
#4258 = FACE_OUTER_BOUND ( 'NONE', #4601, .T. ) ;
#4259 = ADVANCED_FACE ( 'NONE', ( #284 ), #4418, .F. ) ;
#4260 = EDGE_CURVE ( 'NONE', #684, #2551, #556, .T. ) ;
#4261 = ORIENTED_EDGE ( 'NONE', *, *, #4584, .T. ) ;
#4262 = CARTESIAN_POINT ( 'NONE',  ( 0.9539310207473524761, 34.02712703665494587, 8.969545330721611975 ) ) ;
#4263 = CARTESIAN_POINT ( 'NONE',  ( 1.454021474605458053, 26.27086171509985846, 8.883027342015335392 ) ) ;
#4264 = CARTESIAN_POINT ( 'NONE',  ( 0.000000000000000000, 64.79999999999999716, 8.000000000000000000 ) ) ;
#4265 = CARTESIAN_POINT ( 'NONE',  ( 3.141025641025640969, 38.55769230769233502, 8.454094967595485954 ) ) ;
#4266 = LINE ( 'NONE', #4239, #3049 ) ;
#4267 = CARTESIAN_POINT ( 'NONE',  ( 2.010406031922455483, 32.59841006270288233, 8.792586140176101850 ) ) ;
#4268 = CARTESIAN_POINT ( 'NONE',  ( 1.424418464085599911, 28.71308444572161989, 8.906564692791693716 ) ) ;
#4269 = CARTESIAN_POINT ( 'NONE',  ( 1.748597756410257054, 28.32692307692307665, 8.848499639592052546 ) ) ;
#4270 = PLANE ( 'NONE',  #2084 ) ;
#4271 = ORIENTED_EDGE ( 'NONE', *, *, #3096, .T. ) ;
#4272 = CARTESIAN_POINT ( 'NONE',  ( 3.230769230769231282, 27.14623397435897445, 8.420636903374990823 ) ) ;
#4273 = CARTESIAN_POINT ( 'NONE',  ( 3.201635671312738296, 34.37793137203379246, 8.431854894423775448 ) ) ;
#4274 = CARTESIAN_POINT ( 'NONE',  ( 1.054507506925502325, 33.21253913212246545, 8.937864978765453827 ) ) ;
#4275 = CARTESIAN_POINT ( 'NONE',  ( 2.674742147709756157, 36.22374605746916387, 8.593245139162563717 ) ) ;
#4276 = CARTESIAN_POINT ( 'NONE',  ( 1.660256410256410575, 32.48247195512821150, 8.845538347223561360 ) ) ;
#4277 = VERTEX_POINT ( 'NONE', #2484 ) ;
#4278 = EDGE_CURVE ( 'NONE', #1047, #4519, #3748, .T. ) ;
#4279 = CARTESIAN_POINT ( 'NONE',  ( 0.6681240484080923636, 33.15311287915456262, 8.975453090206345408 ) ) ;
#4280 = CARTESIAN_POINT ( 'NONE',  ( 3.225826508569331619, 35.07947865543516031, 8.422171790266169467 ) ) ;
#4281 = ORIENTED_EDGE ( 'NONE', *, *, #2918, .T. ) ;
#4282 = CARTESIAN_POINT ( 'NONE',  ( 0.3240168681527769712, 30.18541210035440869, 9.014165501543580206 ) ) ;
#4283 = ADVANCED_FACE ( 'NONE', ( #4001 ), #2877, .T. ) ;
#4284 = CARTESIAN_POINT ( 'NONE',  ( 1.012393825936241720, 26.34725226324795244, 8.944020324073839845 ) ) ;
#4285 = CARTESIAN_POINT ( 'NONE',  ( 0.3799058246607731060, 35.72771201925012718, 9.012195294774313581 ) ) ;
#4286 = CARTESIAN_POINT ( 'NONE',  ( 0.000000000000000000, 65.00000000000000000, 0.000000000000000000 ) ) ;
#4287 = FACE_OUTER_BOUND ( 'NONE', #2880, .T. ) ;
#4288 = CARTESIAN_POINT ( 'NONE',  ( 3.500000000000000000, 65.00000000000000000, 8.311561975888498210 ) ) ;
#4289 = CARTESIAN_POINT ( 'NONE',  ( 1.927929811589310427, 29.77442829961387716, 8.811080091992465668 ) ) ;
#4290 = CARTESIAN_POINT ( 'NONE',  ( -0.08974358974358974395, 35.21965144230769340, 9.019552549327103819 ) ) ;
#4291 = CARTESIAN_POINT ( 'NONE',  ( 1.293470635844039540, 28.68911474661700467, 8.907849623956163754 ) ) ;
#4292 = EDGE_LOOP ( 'NONE', ( #2536, #2804 ) ) ;
#4293 = CARTESIAN_POINT ( 'NONE',  ( 3.589188987573669110, 35.21670704033383004, 8.253346156393440936 ) ) ;
#4294 = CARTESIAN_POINT ( 'NONE',  ( 0.2692307692307690514, 29.88832131410256565, 8.995972142736949451 ) ) ;
#4295 = CARTESIAN_POINT ( 'NONE',  ( 2.016075589553857128, 32.53796295424405827, 8.771286849029536370 ) ) ;
#4296 = CARTESIAN_POINT ( 'NONE',  ( 0.9822716346153845812, 31.37820512820512775, 8.966236216187787988 ) ) ;
#4297 = DIRECTION ( 'NONE',  ( -0.000000000000000000, -1.000000000000000000, -0.000000000000000000 ) ) ;
#4298 = VERTEX_POINT ( 'NONE', #4718 ) ;
#4299 = ORIENTED_EDGE ( 'NONE', *, *, #4544, .F. ) ;
#4300 = DIRECTION ( 'NONE',  ( 0.000000000000000000, 1.000000000000000000, -0.000000000000000000 ) ) ;
#4301 = CARTESIAN_POINT ( 'NONE',  ( 2.527576478298386498, 35.88224722334015837, 8.637883133233563271 ) ) ;
#4302 = ORIENTED_EDGE ( 'NONE', *, *, #256, .F. ) ;
#4303 = DIRECTION ( 'NONE',  ( 0.000000000000000000, -1.000000000000000000, 0.000000000000000000 ) ) ;
#4304 = CARTESIAN_POINT ( 'NONE',  ( 0.7227247215425485205, 34.40004065870378724, 8.971034684995192521 ) ) ;
#4305 = CARTESIAN_POINT ( 'NONE',  ( 2.744613710241473825, 35.90818968455588589, 8.591346349856097575 ) ) ;
#4306 = CIRCLE ( 'NONE', #595, 9.000000000000000000 ) ;
#4307 = VECTOR ( 'NONE', #861, 1000.000000000000000 ) ;
#4308 = CARTESIAN_POINT ( 'NONE',  ( 1.504330514323637599E-15, 34.70110131209741411, 9.000000000000001776 ) ) ;
#4309 = CARTESIAN_POINT ( 'NONE',  ( -0.08573927179063825510, 35.38255988432629096, 9.019592480408737956 ) ) ;
#4310 = EDGE_CURVE ( 'NONE', #3526, #724, #285, .T. ) ;
#4311 = AXIS2_PLACEMENT_3D ( 'NONE', #1008, #4741, #611 ) ;
#4312 = VECTOR ( 'NONE', #963, 1000.000000000000000 ) ;
#4313 = FACE_OUTER_BOUND ( 'NONE', #3104, .T. ) ;
#4314 = CARTESIAN_POINT ( 'NONE',  ( 1.798479653429372327, 29.32468251123016145, 8.818766980868845806 ) ) ;
#4315 = CARTESIAN_POINT ( 'NONE',  ( 0.6865901848730330270, 28.76411938953259906, 8.973624459194486036 ) ) ;
#4316 = EDGE_LOOP ( 'NONE', ( #1426, #1666, #4458, #550 ) ) ;
#4317 = CARTESIAN_POINT ( 'NONE',  ( 3.141025641025641413, 65.00000000000000000, 8.454094967595482402 ) ) ;
#4318 = AXIS2_PLACEMENT_3D ( 'NONE', #3677, #2491, #1034 ) ;
#4319 = CARTESIAN_POINT ( 'NONE',  ( 2.914885702628708053, 34.23147813349552848, 8.515609776156800592 ) ) ;
#4320 = CARTESIAN_POINT ( 'NONE',  ( 1.999447819458123110, 32.68892127023449490, 8.775090222742109702 ) ) ;
#4321 = DIRECTION ( 'NONE',  ( 0.000000000000000000, 0.000000000000000000, 1.000000000000000000 ) ) ;
#4322 = CYLINDRICAL_SURFACE ( 'NONE', #3761, 9.000000000000000000 ) ;
#4323 = CARTESIAN_POINT ( 'NONE',  ( 0.3787116384151451576, 29.43831658677477847, 8.992141225064720800 ) ) ;
#4324 = ORIENTED_EDGE ( 'NONE', *, *, #4671, .T. ) ;
#4325 = B_SPLINE_CURVE_WITH_KNOTS ( 'NONE', 3,
 ( #1781, #4451, #709, #3684, #1017, #1385, #2894, #268, #2502, #2221, #4405, #621, #320, #343, #3731, #1063 ),
 .UNSPECIFIED., .F., .F.,
 ( 4, 3, 3, 3, 3, 4 ),
 ( 0.000000000000000000, 0.2358494508360171049, 0.4743947014905959825, 0.6806944817200916154, 0.9130293632771566692, 1.000000000000000000 ),
 .UNSPECIFIED. ) ;
#4326 = VERTEX_POINT ( 'NONE', #4050 ) ;
#4327 = DIRECTION ( 'NONE',  ( 0.000000000000000000, -1.000000000000000000, 0.000000000000000000 ) ) ;
#4328 = CARTESIAN_POINT ( 'NONE',  ( 1.023860983888654985, 28.68868746570366923, 8.942385825895426521 ) ) ;
#4329 = CARTESIAN_POINT ( 'NONE',  ( 0.9537311740326489540, 34.02713157061076288, 8.949568114011185571 ) ) ;
#4330 = ORIENTED_EDGE ( 'NONE', *, *, #2559, .T. ) ;
#4331 = DIRECTION ( 'NONE',  ( -0.000000000000000000, -1.000000000000000000, -0.000000000000000000 ) ) ;
#4332 = CARTESIAN_POINT ( 'NONE',  ( 0.8666286912093266182, 34.35492130483914508, 8.978304564518838404 ) ) ;
#4333 = CARTESIAN_POINT ( 'NONE',  ( 2.715571464993692619, 35.90962649371618909, 8.580593423806270437 ) ) ;
#4334 = FACE_OUTER_BOUND ( 'NONE', #151, .T. ) ;
#4335 = FACE_OUTER_BOUND ( 'NONE', #3585, .T. ) ;
#4336 = DIRECTION ( 'NONE',  ( 0.000000000000000000, 0.000000000000000000, -1.000000000000000000 ) ) ;
#4337 = ORIENTED_EDGE ( 'NONE', *, *, #1370, .F. ) ;
#4338 = CARTESIAN_POINT ( 'NONE',  ( 1.236634583837281864, 34.38086211759208055, 8.934635994030296402 ) ) ;
#4339 = CARTESIAN_POINT ( 'NONE',  ( -7.702917622330608861E-15, 30.34932131614368700, 9.000000000000005329 ) ) ;
#4340 = CARTESIAN_POINT ( 'NONE',  ( 1.842053851695214739, 30.36688559625983075, 8.809536684963351405 ) ) ;
#4341 = ORIENTED_EDGE ( 'NONE', *, *, #3951, .T. ) ;
#4342 = DIRECTION ( 'NONE',  ( 0.000000000000000000, 0.000000000000000000, -1.000000000000000000 ) ) ;
#4343 = CARTESIAN_POINT ( 'NONE',  ( 1.570512820512820706, 65.00000000000000000, 8.861912292536235469 ) ) ;
#4344 = CARTESIAN_POINT ( 'NONE',  ( 0.6899012894627436498, 30.60385232714321901, 8.973821008863753335 ) ) ;
#4345 = CARTESIAN_POINT ( 'NONE',  ( 2.131699212892910200, 34.44439125449177652, 8.763904074596871041 ) ) ;
#4346 = EDGE_CURVE ( 'NONE', #3353, #4590, #2010, .T. ) ;
#4347 = CARTESIAN_POINT ( 'NONE',  ( 0.9759615384615381029, 33.53205128205127750, 8.966926795019828589 ) ) ;
#4348 = CARTESIAN_POINT ( 'NONE',  ( 0.07787852450018017958, 26.57925788775671450, 8.999815666629661592 ) ) ;
#4349 = ORIENTED_EDGE ( 'NONE', *, *, #1478, .T. ) ;
#4350 = CARTESIAN_POINT ( 'NONE',  ( 0.3799058246607689981, 35.72771201925014140, 8.992195294774322889 ) ) ;
#4351 = PRODUCT_RELATED_PRODUCT_CATEGORY ( 'detail', '', ( #2192 ) ) ;
#4352 = CARTESIAN_POINT ( 'NONE',  ( 0.4738623318418651587, 33.00441479681869339, 9.007781222184462422 ) ) ;
#4353 = CARTESIAN_POINT ( 'NONE',  ( 1.749999999999998668, 30.61538461538461675, 8.828221791504786253 ) ) ;
#4354 = ORIENTED_EDGE ( 'NONE', *, *, #1227, .F. ) ;
#4355 = CARTESIAN_POINT ( 'NONE',  ( -0.03007258547027626475, 32.83963177121869137, 9.000000000000000000 ) ) ;
#4356 = CARTESIAN_POINT ( 'NONE',  ( 0.3594537233718086422, 34.76012683313223306, 8.992740256557755885 ) ) ;
#4357 = CARTESIAN_POINT ( 'NONE',  ( 2.821974663241627823, 35.89248506843512843, 8.566292896441881410 ) ) ;
#4358 = CARTESIAN_POINT ( 'NONE',  ( 1.151170801911367780, 33.19597945222961499, 8.926197859909144938 ) ) ;
#4359 = PLANE ( 'NONE',  #912 ) ;
#4360 = CARTESIAN_POINT ( 'NONE',  ( 3.175791060491830020, 36.06530601418347715, 8.441471092996648551 ) ) ;
#4361 = ORIENTED_EDGE ( 'NONE', *, *, #4461, .F. ) ;
#4362 = CARTESIAN_POINT ( 'NONE',  ( -0.08974358974358975782, 32.47195512820512420, 8.999552549327104245 ) ) ;
#4363 = CARTESIAN_POINT ( 'NONE',  ( 0.9236957603648126014, 25.98308836014395240, 8.980059876613086800 ) ) ;
#4364 = CARTESIAN_POINT ( 'NONE',  ( 1.618667156334272939, 31.58691763484412718, 8.853425859611471438 ) ) ;
#4365 = ORIENTED_EDGE ( 'NONE', *, *, #1676, .F. ) ;
#4366 = DIRECTION ( 'NONE',  ( -0.000000000000000000, -1.000000000000000000, -0.000000000000000000 ) ) ;
#4367 = EDGE_CURVE ( 'NONE', #3138, #2041, #2046, .T. ) ;
#4368 = CARTESIAN_POINT ( 'NONE',  ( 1.143529647435897356, 28.68589743589743790, 8.947056622730420017 ) ) ;
#4369 = CARTESIAN_POINT ( 'NONE',  ( 1.013120993589744057, 34.33974358974359831, 8.962795192351647344 ) ) ;
#4370 = CARTESIAN_POINT ( 'NONE',  ( 1.058019888524588614, 33.21389377818890409, 8.957717626156368240 ) ) ;
#4371 = CARTESIAN_POINT ( 'NONE',  ( 2.118940935217608068, 35.33272237993396914, 8.767005103410674849 ) ) ;
#4372 = ORIENTED_EDGE ( 'NONE', *, *, #1345, .F. ) ;
#4373 = ADVANCED_FACE ( 'NONE', ( #3599 ), #3233, .T. ) ;
#4374 = CARTESIAN_POINT ( 'NONE',  ( 1.404584496182623932, 26.27859670517774049, 8.890147300065029512 ) ) ;
#4375 = CARTESIAN_POINT ( 'NONE',  ( 1.346604295554237440, 28.32456961239112658, 8.907878898346583085 ) ) ;
#4376 = CARTESIAN_POINT ( 'NONE',  ( 3.141025641025641413, 38.01923076923078781, 8.434094967595482828 ) ) ;
#4377 = ORIENTED_EDGE ( 'NONE', *, *, #4648, .F. ) ;
#4378 = EDGE_CURVE ( 'NONE', #4298, #4182, #3627, .T. ) ;
#4379 = CARTESIAN_POINT ( 'NONE',  ( 0.6012853092821305312, 30.54568344106672839, 8.999891757523668545 ) ) ;
#4380 = DIRECTION ( 'NONE',  ( 0.000000000000000000, 0.000000000000000000, 1.000000000000000000 ) ) ;
#4381 = PLANE ( 'NONE',  #3988 ) ;
#4382 = DIRECTION ( 'NONE',  ( 0.000000000000000000, 0.000000000000000000, 1.000000000000000000 ) ) ;
#4383 = DIRECTION ( 'NONE',  ( -1.000000000000000000, -0.000000000000000000, -0.000000000000000000 ) ) ;
#4384 = ORIENTED_EDGE ( 'NONE', *, *, #767, .F. ) ;
#4385 = AXIS2_PLACEMENT_3D ( 'NONE', #3359, #663, #3290 ) ;
#4386 = CARTESIAN_POINT ( 'NONE',  ( 1.166261552661029821, 34.35294749237086620, 8.944398111539108243 ) ) ;
#4387 = LINE ( 'NONE', #1390, #3676 ) ;
#4388 = CARTESIAN_POINT ( 'NONE',  ( 2.285210488016903518, 29.63719526330602960, 8.705045911733229502 ) ) ;
#4389 = ORIENTED_EDGE ( 'NONE', *, *, #1323, .F. ) ;
#4390 = LINE ( 'NONE', #4782, #2796 ) ;
#4391 = LOCAL_TIME ( 22, 48, 33.00000000000000000, #1433 ) ;
#4392 = FACE_OUTER_BOUND ( 'NONE', #2731, .T. ) ;
#4393 = CARTESIAN_POINT ( 'NONE',  ( 1.143529647435897356, 28.68589743589743790, 8.947056622730420017 ) ) ;
#4394 = CARTESIAN_POINT ( 'NONE',  ( 0.8492762870632141192, 33.52747161395522113, 8.980058401820594227 ) ) ;
#4395 = VECTOR ( 'NONE', #622, 1000.000000000000000 ) ;
#4396 = CARTESIAN_POINT ( 'NONE',  ( 1.750000000000000222, 35.19581330128205110, 8.848221791504787603 ) ) ;
#4397 = VECTOR ( 'NONE', #2388, 1000.000000000000000 ) ;
#4398 = CARTESIAN_POINT ( 'NONE',  ( 2.691606570512820706, 36.22435897435897090, 8.588087916968024871 ) ) ;
#4399 = FACE_OUTER_BOUND ( 'NONE', #1989, .T. ) ;
#4400 = EDGE_CURVE ( 'NONE', #3727, #360, #1374, .T. ) ;
#4401 = ORIENTED_EDGE ( 'NONE', *, *, #1478, .F. ) ;
#4402 = CARTESIAN_POINT ( 'NONE',  ( 0.000000000000000000, 65.00000000000000000, 0.000000000000000000 ) ) ;
#4403 = DIRECTION ( 'NONE',  ( 0.000000000000000000, 0.000000000000000000, 1.000000000000000000 ) ) ;
#4404 = CARTESIAN_POINT ( 'NONE',  ( 2.247401337562477508, 30.09839628402324152, 8.714882355328789743 ) ) ;
#4405 = CARTESIAN_POINT ( 'NONE',  ( 0.5223538904282004625, 30.87625327912098783, 9.005450336818542567 ) ) ;
#4406 = CARTESIAN_POINT ( 'NONE',  ( 1.949819711538461675, 34.70222355769230660, 8.806250798406342284 ) ) ;
#4407 = PERSON_AND_ORGANIZATION ( #2266, #2959 ) ;
#4408 = ORIENTED_EDGE ( 'NONE', *, *, #4825, .T. ) ;
#4409 = B_SPLINE_SURFACE_WITH_KNOTS ( 'NONE', 3, 1, ( 
 ( #2459, #3209 ),
 ( #156, #4667 ),
 ( #2413, #2435 ),
 ( #3973, #1988 ),
 ( #3178, #902 ),
 ( #4435, #876 ),
 ( #1629, #3569 ),
 ( #1329, #3925 ) ),
 .UNSPECIFIED., .F., .F., .F.,
 ( 4, 2, 2, 4 ),
 ( 2, 2 ),
 ( 0.000000000000000000, 0.2500000000000000000, 0.5000000000000000000, 1.000000000000000000 ),
 ( 0.000000000000000000, 1.000000000000000000 ),
 .UNSPECIFIED. ) ;
#4410 = CARTESIAN_POINT ( 'NONE',  ( 1.582927041583764405, 34.65040269877280821, 8.859865203383368026 ) ) ;
#4411 = CARTESIAN_POINT ( 'NONE',  ( 1.929487179487179294, 29.84415064102564585, 8.790738263888570714 ) ) ;
#4412 = CARTESIAN_POINT ( 'NONE',  ( 1.525641025641025550, 1.334615384615392308, 8.869747429373679992 ) ) ;
#4413 = ORIENTED_EDGE ( 'NONE', *, *, #3372, .F. ) ;
#4414 = LINE ( 'NONE', #2848, #1542 ) ;
#4415 = CARTESIAN_POINT ( 'NONE',  ( 2.681790865384614975, 34.20512820512820440, 8.611158114849228440 ) ) ;
#4416 = CARTESIAN_POINT ( 'NONE',  ( 1.216779657717274477, 34.37094280931695778, 8.937510987059102519 ) ) ;
#4417 = CARTESIAN_POINT ( 'NONE',  ( -0.02070478284810833500, 32.85750999745518186, 9.019976183966665673 ) ) ;
#4418 = PLANE ( 'NONE',  #1004 ) ;
#4419 = CARTESIAN_POINT ( 'NONE',  ( 1.233287693183234834, 26.30211162939326996, 8.935101545078939722 ) ) ;
#4420 = CARTESIAN_POINT ( 'NONE',  ( 2.691606570512820706, 36.22435897435897090, 8.588087916968024871 ) ) ;
#4421 = VERTEX_POINT ( 'NONE', #1477 ) ;
#4422 = ADVANCED_FACE ( 'NONE', ( #2980 ), #3617, .F. ) ;
#4423 = PLANE ( 'NONE',  #2647 ) ;
#4424 = CARTESIAN_POINT ( 'NONE',  ( 0.8974358974358975782, 30.97435897435897445, 8.955004249596159482 ) ) ;
#4425 = CARTESIAN_POINT ( 'NONE',  ( 2.288461538461538325, 29.78735977564102910, 8.724191162134607325 ) ) ;
#4426 = CARTESIAN_POINT ( 'NONE',  ( -0.08641291847037398111, 32.38165583296493821, 9.019585762800179651 ) ) ;
#4427 = CARTESIAN_POINT ( 'NONE',  ( 1.019431089743589203, 34.02564102564102910, 8.962078072420537111 ) ) ;
#4428 = SHAPE_DEFINITION_REPRESENTATION ( #969, #3921 ) ;
#4429 = EDGE_LOOP ( 'NONE', ( #3466, #1364, #2166, #3337 ) ) ;
#4430 = EDGE_CURVE ( 'NONE', #1512, #3069, #1549, .T. ) ;
#4431 = CARTESIAN_POINT ( 'NONE',  ( 1.949819711538461675, 34.70222355769230660, 8.806250798406342284 ) ) ;
#4432 = CARTESIAN_POINT ( 'NONE',  ( 0.3885128592470649123, 34.69928211159705711, 9.011873362973174650 ) ) ;
#4433 = CARTESIAN_POINT ( 'NONE',  ( 0.2638183124982299566, 33.27885242878964789, 8.996333616070304018 ) ) ;
#4434 = ORIENTED_EDGE ( 'NONE', *, *, #2817, .F. ) ;
#4435 = CARTESIAN_POINT ( 'NONE',  ( 2.581592339861327634, 25.99116840520291660, 8.630239114190247918 ) ) ;
#4436 = CARTESIAN_POINT ( 'NONE',  ( 2.674742147709756157, 36.22374605746916387, 8.613373423085741720 ) ) ;
#4437 = EDGE_CURVE ( 'NONE', #2714, #2199, #1925, .T. ) ;
#4438 = EDGE_CURVE ( 'NONE', #2028, #3069, #309, .T. ) ;
#4439 = ADVANCED_FACE ( 'NONE', ( #1078 ), #4447, .F. ) ;
#4440 = CARTESIAN_POINT ( 'NONE',  ( 2.762839203184105585, 32.27076276774138819, 8.565452399040202280 ) ) ;
#4441 = CARTESIAN_POINT ( 'NONE',  ( -0.08974358974358975782, 35.21965144230769340, 8.999552549327104245 ) ) ;
#4442 = CARTESIAN_POINT ( 'NONE',  ( 0.6307894648264185111, 29.15915240603495562, 8.998284759378817554 ) ) ;
#4443 = CARTESIAN_POINT ( 'NONE',  ( 2.579198869182545373, 32.75713862580403202, 8.622982621045387930 ) ) ;
#4444 = CARTESIAN_POINT ( 'NONE',  ( 1.949819711538461675, 35.71324118589743790, 8.786122514483160728 ) ) ;
#4445 = CARTESIAN_POINT ( 'NONE',  ( 3.585853944677861005, 35.07841466872629610, 8.274796755769134649 ) ) ;
#4446 = ORIENTED_EDGE ( 'NONE', *, *, #4817, .F. ) ;
#4447 = B_SPLINE_SURFACE_WITH_KNOTS ( 'NONE', 3, 1, ( 
 ( #4147, #4513 ),
 ( #2558, #2631 ),
 ( #4536, #1890 ),
 ( #3326, #4074 ),
 ( #747, #3396 ),
 ( #403, #2284 ),
 ( #3724, #2261 ),
 ( #3, #1522 ),
 ( #3797, #3303 ),
 ( #4836, #334 ),
 ( #1449, #2187 ),
 ( #2953, #4465 ),
 ( #1837, #4863 ) ),
 .UNSPECIFIED., .F., .F., .F.,
 ( 4, 3, 3, 3, 4 ),
 ( 2, 2 ),
 ( 0.000000000000000000, 0.2727628557492303707, 0.5465475081654749268, 0.8955037421976567158, 1.000000000000000000 ),
 ( 0.000000000000000000, 1.000000000000000000 ),
 .UNSPECIFIED. ) ;
#4448 = CARTESIAN_POINT ( 'NONE',  ( 1.750000000000000000, 30.61538461538461675, 8.828221791504786253 ) ) ;
#4449 = CARTESIAN_POINT ( 'NONE',  ( 0.8974358974358975782, 30.97435897435897445, 8.975144265169232582 ) ) ;
#4450 = CARTESIAN_POINT ( 'NONE',  ( 2.255769796525969983, 30.06447070588404102, 8.732725022255209524 ) ) ;
#4451 = CARTESIAN_POINT ( 'NONE',  ( -0.08726923455048958556, 30.03144726883032689, 9.019577223611303651 ) ) ;
#4452 = CARTESIAN_POINT ( 'NONE',  ( 3.462039549262746707, 26.64937946207540520, 8.307519790244574764 ) ) ;
#4453 = DATE_AND_TIME ( #644, #2883 ) ;
#4454 = ORIENTED_EDGE ( 'NONE', *, *, #3399, .T. ) ;
#4455 = CARTESIAN_POINT ( 'NONE',  ( 1.163063567023863820, 36.06970762372747430, 8.944965804235483375 ) ) ;
#4456 = CARTESIAN_POINT ( 'NONE',  ( 0.3407923654936718671, 34.79679850327462276, 9.013592836739945824 ) ) ;
#4457 = DIRECTION ( 'NONE',  ( 0.000000000000000000, 0.000000000000000000, 1.000000000000000000 ) ) ;
#4458 = ORIENTED_EDGE ( 'NONE', *, *, #441, .F. ) ;
#4459 = PLANE ( 'NONE',  #283 ) ;
#4460 = CARTESIAN_POINT ( 'NONE',  ( 1.924317364066101543, 29.70425939891031319, 8.811880851596084696 ) ) ;
#4461 = EDGE_CURVE ( 'NONE', #3852, #3031, #3154, .T. ) ;
#4462 = CARTESIAN_POINT ( 'NONE',  ( 2.715833990809484177, 32.30150108757770511, 8.580469743522673554 ) ) ;
#4463 = CARTESIAN_POINT ( 'NONE',  ( 0.7515633652130508935, 34.38942372983191120, 8.968691315173021650 ) ) ;
#4464 = CARTESIAN_POINT ( 'NONE',  ( 2.681790865384614975, 34.20512820512820440, 8.591158114849219984 ) ) ;
#4465 = CARTESIAN_POINT ( 'NONE',  ( 1.929656741738214443, 35.75234357684493602, 8.810725307142966756 ) ) ;
#4466 = LOCAL_TIME ( 22, 48, 33.00000000000000000, #2244 ) ;
#4467 = ADVANCED_FACE ( 'NONE', ( #2678 ), #4663, .F. ) ;
#4468 = AXIS2_PLACEMENT_3D ( 'NONE', #2962, #2169, #3682 ) ;
#4469 = AXIS2_PLACEMENT_3D ( 'NONE', #1366, #2506, #2426 ) ;
#4470 = CARTESIAN_POINT ( 'NONE',  ( 2.314441967732669525, 28.29778132610535479, 8.697358366797578455 ) ) ;
#4471 = CARTESIAN_POINT ( 'NONE',  ( 3.201635671312738296, 34.37793137203379246, 8.431854894423764790 ) ) ;
#4472 = VERTEX_POINT ( 'NONE', #1982 ) ;
#4473 = B_SPLINE_CURVE_WITH_KNOTS ( 'NONE', 3,
 ( #333, #1836, #3346, #4862, #2306, #4534 ),
 .UNSPECIFIED., .F., .F.,
 ( 4, 2, 4 ),
 ( 0.001241229328487871830, 0.001467468082808646426, 0.001693706837129421022 ),
 .UNSPECIFIED. ) ;
#4474 = CARTESIAN_POINT ( 'NONE',  ( 1.355312814938561594, 33.10447421709688598, 8.917772752746618181 ) ) ;
#4475 = CARTESIAN_POINT ( 'NONE',  ( 0.8515053286464757676, 30.96724641905697339, 8.979747177193955210 ) ) ;
#4476 = DIRECTION ( 'NONE',  ( 0.000000000000000000, -0.000000000000000000, -1.000000000000000000 ) ) ;
#4477 = CARTESIAN_POINT ( 'NONE',  ( 0.3481189815216534922, 32.82702175949152945, 8.993322081755453112 ) ) ;
#4478 = CARTESIAN_POINT ( 'NONE',  ( 3.377757548248775610, 26.52024790772742335, 8.342166076510343586 ) ) ;
#4479 = APPROVAL_DATE_TIME ( #4775, #4142 ) ;
#4480 = ORIENTED_EDGE ( 'NONE', *, *, #261, .T. ) ;
#4481 = DIRECTION ( 'NONE',  ( -1.000000000000000000, 0.000000000000000000, 0.000000000000000000 ) ) ;
#4482 = CARTESIAN_POINT ( 'NONE',  ( 2.123214871803532855, 35.03612888974429751, 8.746011673244654006 ) ) ;
#4483 = DIRECTION ( 'NONE',  ( 0.000000000000000000, 0.000000000000000000, 1.000000000000000000 ) ) ;
#4484 = VERTEX_POINT ( 'NONE', #80 ) ;
#4485 = B_SPLINE_CURVE_WITH_KNOTS ( 'NONE', 3,
 ( #450, #3463, #2381, #4243, #893, #1642, #1270, #2697, #3487, #1249, #868, #3892, #2750, #2772, #4289, #3124 ),
 .UNSPECIFIED., .F., .F.,
 ( 4, 3, 3, 3, 3, 4 ),
 ( 0.000000000000000000, 0.2691317907583831714, 0.4573132860247836606, 0.6443852519369310805, 0.8394854188850460197, 1.000000000000000000 ),
 .UNSPECIFIED. ) ;
#4486 = CARTESIAN_POINT ( 'NONE',  ( 3.399739583333333925, 31.85426682692307665, 8.333172911053535969 ) ) ;
#4487 = FACE_OUTER_BOUND ( 'NONE', #4866, .T. ) ;
#4488 = CARTESIAN_POINT ( 'NONE',  ( 0.9016871788375219188, 31.69501496332615531, 8.974848763475050006 ) ) ;
#4489 = CARTESIAN_POINT ( 'NONE',  ( 1.185319651275293706, 31.73048044850460769, 8.921603965896725441 ) ) ;
#4490 = CARTESIAN_POINT ( 'NONE',  ( 1.156850961538461675, 29.00000000000000355, 8.945340097317725281 ) ) ;
#4491 = CARTESIAN_POINT ( 'NONE',  ( 1.750000000000000000, 26.26282051282051455, 8.848446800409453417 ) ) ;
#4492 = B_SPLINE_SURFACE_WITH_KNOTS ( 'NONE', 3, 1, ( 
 ( #2532, #2157 ),
 ( #3943, #2054 ),
 ( #3565, #175 ),
 ( #1694, #3204 ),
 ( #2825, #744 ),
 ( #698, #1473 ),
 ( #3694, #2654 ),
 ( #4860, #2977 ),
 ( #331, #3743 ),
 ( #768, #4096 ),
 ( #354, #676 ),
 ( #1050, #2207 ),
 ( #1863, #4488 ),
 ( #2925, #4120 ),
 ( #2280, #1886 ),
 ( #4532, #1097 ) ),
 .UNSPECIFIED., .F., .F., .F.,
 ( 4, 3, 3, 3, 3, 4 ),
 ( 2, 2 ),
 ( 0.000000000000000000, 0.2581639633108059884, 0.5196939497126910057, 0.7508954196932936531, 0.9467342247632798413, 1.000000000000000000 ),
 ( 0.000000000000000000, 1.000000000000000000 ),
 .UNSPECIFIED. ) ;
#4493 = ORIENTED_EDGE ( 'NONE', *, *, #2348, .T. ) ;
#4494 = CARTESIAN_POINT ( 'NONE',  ( 3.342356690372440209, 27.82826033236063878, 8.356442432008488908 ) ) ;
#4495 = CARTESIAN_POINT ( 'NONE',  ( 3.175791060491830020, 36.06530601418347715, 8.421471092996652530 ) ) ;
#4496 = EDGE_LOOP ( 'NONE', ( #239, #1911, #2636, #3259, #2035, #2958, #2785, #4389, #1101, #81, #1850, #3601 ) ) ;
#4497 = B_SPLINE_CURVE_WITH_KNOTS ( 'NONE', 3,
 ( #364, #4644, #2409, #2008, #4616, #2364, #3106, #3923 ),
 .UNSPECIFIED., .F., .F.,
 ( 4, 2, 2, 4 ),
 ( 0.000000000000000000, 0.5000000000000000000, 0.7500000000000000000, 1.000000000000000000 ),
 .UNSPECIFIED. ) ;
#4498 = CYLINDRICAL_SURFACE ( 'NONE', #2335, 9.000000000000000000 ) ;
#4499 = CARTESIAN_POINT ( 'NONE',  ( 0.2369888222684057022, 30.68332922119639150, 9.017176579187832886 ) ) ;
#4500 = CARTESIAN_POINT ( 'NONE',  ( 2.071102280305896048, 28.01006413108008886, 8.779967941922629748 ) ) ;
#4501 = CARTESIAN_POINT ( 'NONE',  ( 2.463332055279092270, 34.22677878689942332, 8.676934033012994263 ) ) ;
#4502 = CARTESIAN_POINT ( 'NONE',  ( 2.084432169354654807, 25.96195235146885594, 8.755328904534460221 ) ) ;
#4503 = VERTEX_POINT ( 'NONE', #849 ) ;
#4504 = CARTESIAN_POINT ( 'NONE',  ( 1.734724955768621513, 35.42308667106927089, 8.831188683152513264 ) ) ;
#4505 = CARTESIAN_POINT ( 'NONE',  ( 1.593336700833262398, 28.01242022427061684, 8.879276830675372878 ) ) ;
#4506 = CARTESIAN_POINT ( 'NONE',  ( -0.08906951419141068138, 29.83219698598351144, 9.019559271212379770 ) ) ;
#4507 = EDGE_LOOP ( 'NONE', ( #1524, #3262, #3100, #4807 ) ) ;
#4508 = CARTESIAN_POINT ( 'NONE',  ( 0.6068397658555316765, 35.97557373565378214, 8.999844621394331057 ) ) ;
#4509 = CARTESIAN_POINT ( 'NONE',  ( 1.631586612435918404, 29.14691168302944746, 8.850929011094612164 ) ) ;
#4510 = CARTESIAN_POINT ( 'NONE',  ( 2.732410821157869929, 32.29066089517158389, 8.575207657386140880 ) ) ;
#4511 = CARTESIAN_POINT ( 'NONE',  ( 1.658097402331589532, 32.40834033446356699, 8.845943580529468164 ) ) ;
#4512 = CARTESIAN_POINT ( 'NONE',  ( 0.3601961618785648467, 29.47471006571092289, 8.992734677146453137 ) ) ;
#4513 = CARTESIAN_POINT ( 'NONE',  ( 0.9906850961538462563, 36.40384615384615330, 8.965308437402180530 ) ) ;
#4514 = ORIENTED_EDGE ( 'NONE', *, *, #4194, .F. ) ;
#4515 = EDGE_CURVE ( 'NONE', #724, #3128, #393, .T. ) ;
#4516 = CARTESIAN_POINT ( 'NONE',  ( 2.337611651945760372, 28.29489551150751581, 8.691161542698949916 ) ) ;
#4517 = CARTESIAN_POINT ( 'NONE',  ( 1.582173002403635564, 32.10062554605281804, 8.879896863661404183 ) ) ;
#4518 = EDGE_CURVE ( 'NONE', #8, #3235, #3896, .T. ) ;
#4519 = VERTEX_POINT ( 'NONE', #794 ) ;
#4520 = CARTESIAN_POINT ( 'NONE',  ( 2.386554891373976695, 27.97523369432254725, 8.679335155958629144 ) ) ;
#4521 = CARTESIAN_POINT ( 'NONE',  ( 2.468718384999129878, 35.85619036142691840, 8.674965808063740624 ) ) ;
#4522 = CARTESIAN_POINT ( 'NONE',  ( 0.9906850961538464784, 36.40384615384615330, 8.965308437402178754 ) ) ;
#4523 = CARTESIAN_POINT ( 'NONE',  ( 2.189279580204666953, 25.97114814370593550, 8.729702224172259051 ) ) ;
#4524 = EDGE_CURVE ( 'NONE', #805, #3940, #2637, .T. ) ;
#4525 = ORIENTED_EDGE ( 'NONE', *, *, #4133, .F. ) ;
#4526 = CARTESIAN_POINT ( 'NONE',  ( 0.000000000000000000, 65.00000000000000000, 0.000000000000000000 ) ) ;
#4527 = CARTESIAN_POINT ( 'NONE',  ( 2.652949746145429000, 34.52116614423073315, 8.600214096820920417 ) ) ;
#4528 = CARTESIAN_POINT ( 'NONE',  ( 0.8492762870632141192, 33.52747161395522113, 8.980058401820597780 ) ) ;
#4529 = CARTESIAN_POINT ( 'NONE',  ( 2.594267554471422876, 34.52580765342405300, 8.618121176683027684 ) ) ;
#4530 = FACE_OUTER_BOUND ( 'NONE', #860, .T. ) ;
#4531 = CARTESIAN_POINT ( 'NONE',  ( 1.831710255297043011, 29.39638431415240305, 8.811496620279633873 ) ) ;
#4532 = CARTESIAN_POINT ( 'NONE',  ( 0.9633413461538461453, 31.69230769230769340, 8.948170284137404451 ) ) ;
#4533 = CYLINDRICAL_SURFACE ( 'NONE', #991, 9.000000000000000000 ) ;
#4534 = CARTESIAN_POINT ( 'NONE',  ( -0.08974358974358974395, 32.47195512820512420, 8.999552549327102469 ) ) ;
#4535 = EDGE_LOOP ( 'NONE', ( #4023, #996, #2203, #1148, #4174 ) ) ;
#4536 = CARTESIAN_POINT ( 'NONE',  ( 1.218910590773804037, 36.38553533810692642, 8.917580216536169502 ) ) ;
#4537 = ORIENTED_EDGE ( 'NONE', *, *, #2949, .T. ) ;
#4538 = CARTESIAN_POINT ( 'NONE',  ( 1.889842864057487581, 28.32508727393317116, 8.799357340436587904 ) ) ;
#4539 = CIRCLE ( 'NONE', #2878, 1.000000000000000000 ) ;
#4540 = CARTESIAN_POINT ( 'NONE',  ( 3.141025641025640969, 30.01101762820512775, 8.434094967595482828 ) ) ;
#4541 = EDGE_LOOP ( 'NONE', ( #4620, #4372 ) ) ;
#4542 = AXIS2_PLACEMENT_3D ( 'NONE', #953, #2082, #2458 ) ;
#4543 = VECTOR ( 'NONE', #2970, 1000.000000000000000 ) ;
#4544 = EDGE_CURVE ( 'NONE', #2917, #1378, #1523, .T. ) ;
#4545 = CARTESIAN_POINT ( 'NONE',  ( -0.003375628799739891373, 34.68955111330200936, 9.020200032043311111 ) ) ;
#4546 = CARTESIAN_POINT ( 'NONE',  ( 2.202731285520498350, 35.57615258098419986, 8.746281214158733164 ) ) ;
#4547 = AXIS2_PLACEMENT_3D ( 'NONE', #488, #1992, #880 ) ;
#4548 = LINE ( 'NONE', #2269, #2564 ) ;
#4549 = CARTESIAN_POINT ( 'NONE',  ( 3.225826508569331619, 35.07947865543516031, 8.401910478456443343 ) ) ;
#4550 = ORIENTED_EDGE ( 'NONE', *, *, #821, .F. ) ;
#4551 = CARTESIAN_POINT ( 'NONE',  ( 1.854662757449720978, 34.52149193972748975, 8.807367758191489315 ) ) ;
#4552 = ADVANCED_FACE ( 'NONE', ( #56 ), #2411, .T. ) ;
#4553 = FACE_OUTER_BOUND ( 'NONE', #3643, .T. ) ;
#4554 = CARTESIAN_POINT ( 'NONE',  ( -1.848590115076202689E-13, 35.74644949469289656, 9.000000000000000000 ) ) ;
#4555 = CARTESIAN_POINT ( 'NONE',  ( 2.681668398921911667, 34.51980252539200222, 8.591080644371235309 ) ) ;
#4556 = CARTESIAN_POINT ( 'NONE',  ( 0.9021042838191041247, 36.08636726273291373, 8.975145262928652556 ) ) ;
#4557 = CARTESIAN_POINT ( 'NONE',  ( 0.5528059749094287323, 29.22515616186458232, 9.003244461927382147 ) ) ;
#4558 = B_SPLINE_CURVE_WITH_KNOTS ( 'NONE', 3,
 ( #4162, #2374, #3883, #760, #491, #1902 ),
 .UNSPECIFIED., .F., .F.,
 ( 4, 2, 4 ),
 ( 0.000000000000000000, 0.0002100933229819238217, 0.0004201866459638476433 ),
 .UNSPECIFIED. ) ;
#4559 = B_SPLINE_CURVE_WITH_KNOTS ( 'NONE', 3,
 ( #4727, #1657, #3931, #4379, #2121, #3906, #4653, #3982, #1264, #4282, #3166, #883, #1731 ),
 .UNSPECIFIED., .F., .F.,
 ( 4, 3, 3, 3, 4 ),
 ( 0.000000000000000000, 0.2956647997942632999, 0.5085483449358110253, 0.7196514546225010189, 1.000000000000000000 ),
 .UNSPECIFIED. ) ;
#4560 = CARTESIAN_POINT ( 'NONE',  ( 2.268969551184299327, 29.52243102315139467, 8.729404598515623448 ) ) ;
#4561 = CARTESIAN_POINT ( 'NONE',  ( 1.658097402331589532, 32.40834033446356699, 8.865943680035785590 ) ) ;
#4562 = DIRECTION ( 'NONE',  ( -0.000000000000000000, -1.000000000000000000, -0.000000000000000000 ) ) ;
#4563 = EDGE_LOOP ( 'NONE', ( #3948, #536, #138, #478, #4330, #776, #4454, #3055, #2700, #3316, #4128, #4569 ) ) ;
#4564 = CARTESIAN_POINT ( 'NONE',  ( 3.583883346104550949, 35.31106984857172648, 8.255651497201103695 ) ) ;
#4565 = ORIENTED_EDGE ( 'NONE', *, *, #132, .T. ) ;
#4566 = CARTESIAN_POINT ( 'NONE',  ( 2.853195277751421344, 34.54291927686337260, 8.556075657658714917 ) ) ;
#4567 = CARTESIAN_POINT ( 'NONE',  ( 1.852671784994299742, 31.83062859925686539, 8.827622858522861549 ) ) ;
#4568 = CARTESIAN_POINT ( 'NONE',  ( 1.012236478418464536, 31.69342049640760806, 8.963030568777968554 ) ) ;
#4569 = ORIENTED_EDGE ( 'NONE', *, *, #1191, .F. ) ;
#4570 = CARTESIAN_POINT ( 'NONE',  ( 3.589743589743591201, 27.15675080128205110, 8.253104928443287136 ) ) ;
#4571 = CARTESIAN_POINT ( 'NONE',  ( 2.721021693611877623, 34.20693879174476137, 8.578814446939952987 ) ) ;
#4572 = CARTESIAN_POINT ( 'NONE',  ( 1.195639080842084923, 36.05739335917147059, 8.920384373217867591 ) ) ;
#4573 = CARTESIAN_POINT ( 'NONE',  ( 2.226168857871416051, 29.39880252907314073, 8.740330969416293172 ) ) ;
#4574 = ORIENTED_EDGE ( 'NONE', *, *, #2104, .T. ) ;
#4575 = ADVANCED_FACE ( 'NONE', ( #2729 ), #3995, .T. ) ;
#4576 = ADVANCED_FACE ( 'NONE', ( #3491 ), #3697, .F. ) ;
#4577 = CARTESIAN_POINT ( 'NONE',  ( 1.949819711538462119, 34.70222355769230660, 8.786250798406342710 ) ) ;
#4578 = DIRECTION ( 'NONE',  ( 0.000000000000000000, 0.000000000000000000, 1.000000000000000000 ) ) ;
#4579 = CARTESIAN_POINT ( 'NONE',  ( 1.154877611002099069, 31.71796464846725172, 8.925722361080868694 ) ) ;
#4580 = CARTESIAN_POINT ( 'NONE',  ( 3.261703465310883399, 38.48863253715410337, 8.409152132372565092 ) ) ;
#4581 = CARTESIAN_POINT ( 'NONE',  ( 1.949819711538461675, 34.70222355769230660, 8.806250798406342284 ) ) ;
#4582 = CARTESIAN_POINT ( 'NONE',  ( 0.7717448850294434948, 33.51545254138623164, 8.966996289923642394 ) ) ;
#4583 = EDGE_CURVE ( 'NONE', #4472, #2367, #1931, .T. ) ;
#4584 = EDGE_CURVE ( 'NONE', #3251, #4136, #3201, .T. ) ;
#4585 = CARTESIAN_POINT ( 'NONE',  ( 2.268969551184299327, 29.52243102315139467, 8.709274148827763184 ) ) ;
#4586 = CARTESIAN_POINT ( 'NONE',  ( 0.1443638025204475317, 35.99459398117066655, 8.998688414066329244 ) ) ;
#4587 = CARTESIAN_POINT ( 'NONE',  ( -0.03109425039914107472, 32.08933151862929378, 8.999985543013902856 ) ) ;
#4588 = VERTEX_POINT ( 'NONE', #4712 ) ;
#4589 = CARTESIAN_POINT ( 'NONE',  ( 3.568907298891071278, 35.42336209057946661, 8.262138375427728221 ) ) ;
#4590 = VERTEX_POINT ( 'NONE', #3275 ) ;
#4591 = CARTESIAN_POINT ( 'NONE',  ( 3.490506183369743720, 34.73071809276304833, 8.315676684529970331 ) ) ;
#4592 = CARTESIAN_POINT ( 'NONE',  ( 2.286525363449295689, 29.85713496893534113, 8.724700211391992255 ) ) ;
#4593 = CARTESIAN_POINT ( 'NONE',  ( 2.657859620545281576, 36.22313321200462610, 8.618610003697682487 ) ) ;
#4594 = DIRECTION ( 'NONE',  ( -0.000000000000000000, 1.000000000000000000, -0.000000000000000000 ) ) ;
#4595 = ORIENTED_EDGE ( 'NONE', *, *, #4790, .T. ) ;
#4596 = B_SPLINE_CURVE_WITH_KNOTS ( 'NONE', 3,
 ( #2813, #2421, #3933, #3556, #594, #3611, #3506, #4285, #885, #1659, #3885, #2099 ),
 .UNSPECIFIED., .F., .F.,
 ( 4, 2, 2, 2, 2, 4 ),
 ( 1.517883041479706208E-18, 0.0001559113379700017622, 0.0003118226759400020065, 0.0006236453518799929541, 0.0009354680278199837933, 0.001247290703759974632 ),
 .UNSPECIFIED. ) ;
#4597 = CARTESIAN_POINT ( 'NONE',  ( -0.06586948005366767556, 34.93479591967881248, 8.999625440593773007 ) ) ;
#4598 = CARTESIAN_POINT ( 'NONE',  ( 3.243357745198685471, 34.41660296979018341, 8.395439835313903032 ) ) ;
#4599 = CARTESIAN_POINT ( 'NONE',  ( 2.277928966753949069, 34.31367913018413418, 8.707274984925703620 ) ) ;
#4600 = CARTESIAN_POINT ( 'NONE',  ( 2.941316324437501795, 34.59093021139756985, 8.505847400282513959 ) ) ;
#4601 = EDGE_LOOP ( 'NONE', ( #2085, #2360, #4082, #4341 ) ) ;
#4602 = CARTESIAN_POINT ( 'NONE',  ( 1.223781109822866808, 34.03117766689574353, 8.918781388811716226 ) ) ;
#4603 = CARTESIAN_POINT ( 'NONE',  ( 2.693709935897436125, 34.51923076923077360, 8.607428414912545733 ) ) ;
#4604 = CARTESIAN_POINT ( 'NONE',  ( 3.218567048890383475, 35.40925827919269153, 8.404873445722785164 ) ) ;
#4605 = CARTESIAN_POINT ( 'NONE',  ( -1.848590115076202689E-13, 35.74644949469289656, 9.000000000000000000 ) ) ;
#4606 = CARTESIAN_POINT ( 'NONE',  ( 0.2942027215636766058, 35.46910529147874058, 8.995062257119604610 ) ) ;
#4607 = CARTESIAN_POINT ( 'NONE',  ( 1.990359724945228503, 32.74904009397694438, 8.797157410624476981 ) ) ;
#4608 = CARTESIAN_POINT ( 'NONE',  ( 1.952068938665285858, 28.97500639479777007, 8.785949192515028372 ) ) ;
#4609 = CARTESIAN_POINT ( 'NONE',  ( 3.589743589743591201, 27.15675080128204755, 8.273104928443281381 ) ) ;
#4610 = CARTESIAN_POINT ( 'NONE',  ( 0.3814616047488025297, 31.54690452698419989, 8.992327555442422238 ) ) ;
#4611 = ADVANCED_FACE ( 'NONE', ( #3622, #229 ), #2029, .T. ) ;
#4612 = ORIENTED_EDGE ( 'NONE', *, *, #4857, .T. ) ;
#4613 = CARTESIAN_POINT ( 'NONE',  ( 3.499999999999996447, 30.25641025641025905, 8.311561975888499987 ) ) ;
#4614 = VERTEX_POINT ( 'NONE', #2453 ) ;
#4615 = CARTESIAN_POINT ( 'NONE',  ( 2.112004323689852914, 35.28927256090373987, 8.748684834473859695 ) ) ;
#4616 = CARTESIAN_POINT ( 'NONE',  ( 3.285762713214893438, 27.91643235291181568, 8.399733686369071251 ) ) ;
#4617 = CARTESIAN_POINT ( 'NONE',  ( 1.113727313580784140, 31.38327076677740379, 8.930922433502221480 ) ) ;
#4618 = EDGE_CURVE ( 'NONE', #2475, #3500, #4626, .T. ) ;
#4619 = DIRECTION ( 'NONE',  ( 0.000000000000000000, 1.000000000000000000, 0.000000000000000000 ) ) ;
#4620 = ORIENTED_EDGE ( 'NONE', *, *, #3072, .F. ) ;
#4621 = VECTOR ( 'NONE', #1467, 1000.000000000000000 ) ;
#4622 = CIRCLE ( 'NONE', #2329, 1.000000000000000888 ) ;
#4623 = CARTESIAN_POINT ( 'NONE',  ( 0.7091639699507670258, 30.94029687102707271, 8.972464134365436550 ) ) ;
#4624 = CARTESIAN_POINT ( 'NONE',  ( 2.108974358974359031, 35.20352564102564230, 8.749412960489904023 ) ) ;
#4625 = CARTESIAN_POINT ( 'NONE',  ( 1.545410826664515236, 28.73721343462402800, 8.887170949401680176 ) ) ;
#4626 = CIRCLE ( 'NONE', #278, 9.000000000000000000 ) ;
#4627 = VECTOR ( 'NONE', #2520, 1000.000000000000000 ) ;
#4628 = ORIENTED_EDGE ( 'NONE', *, *, #4127, .F. ) ;
#4629 = CARTESIAN_POINT ( 'NONE',  ( 0.4866327720817558711, 34.15860963774565562, 9.006834178126139179 ) ) ;
#4630 = VECTOR ( 'NONE', #1790, 1000.000000000000000 ) ;
#4631 = CARTESIAN_POINT ( 'NONE',  ( 3.499999999999996447, 30.25641025641025905, 8.311561975888499987 ) ) ;
#4632 = CARTESIAN_POINT ( 'NONE',  ( 0.9759615384615387690, 33.53205128205127750, 8.966926795019832142 ) ) ;
#4633 = CARTESIAN_POINT ( 'NONE',  ( 2.473541523378840701, 34.57453222374373070, 8.673543831906625812 ) ) ;
#4634 = DIRECTION ( 'NONE',  ( 0.000000000000000000, 0.000000000000000000, 1.000000000000000000 ) ) ;
#4635 = CARTESIAN_POINT ( 'NONE',  ( 0.000000000000000000, 63.53076923076922355, 0.02000000000000000042 ) ) ;
#4636 = AXIS2_PLACEMENT_3D ( 'NONE', #1874, #39, #2711 ) ;
#4637 = CARTESIAN_POINT ( 'NONE',  ( 1.332353573248004297, 28.69472433867045780, 8.901191231314303565 ) ) ;
#4638 = CARTESIAN_POINT ( 'NONE',  ( 1.748597756410256387, 25.94871794871794890, 8.848499639592054322 ) ) ;
#4639 = LINE ( 'NONE', #1251, #4241 ) ;
#4640 = EDGE_LOOP ( 'NONE', ( #3142, #2872, #1806, #2460, #3014, #623, #3785, #4054 ) ) ;
#4641 = DIRECTION ( 'NONE',  ( 0.000000000000000000, 0.000000000000000000, 1.000000000000000000 ) ) ;
#4642 = EDGE_CURVE ( 'NONE', #985, #129, #922, .T. ) ;
#4643 = CARTESIAN_POINT ( 'NONE',  ( 3.201635671312738296, 34.37793137203379246, 8.411854894423765217 ) ) ;
#4644 = CARTESIAN_POINT ( 'NONE',  ( 2.161482394968894827, 28.32450881741323201, 8.766722533389073035 ) ) ;
#4645 = CARTESIAN_POINT ( 'NONE',  ( 2.640980247895802879, 36.22215199264419994, 8.603662934500949433 ) ) ;
#4646 = CARTESIAN_POINT ( 'NONE',  ( 1.166666666666667407, 2.680769230769239897, 8.944062353485035644 ) ) ;
#4647 = ORIENTED_EDGE ( 'NONE', *, *, #47, .F. ) ;
#4648 = EDGE_CURVE ( 'NONE', #3473, #1593, #4390, .T. ) ;
#4649 = EDGE_CURVE ( 'NONE', #4277, #1260, #3330, .T. ) ;
#4650 = CARTESIAN_POINT ( 'NONE',  ( 2.161482394968894827, 28.32450881741323201, 8.766722533389073035 ) ) ;
#4651 = CARTESIAN_POINT ( 'NONE',  ( 2.889951449588777255, 34.56608232195791430, 8.543524551438290260 ) ) ;
#4652 = EDGE_LOOP ( 'NONE', ( #3423, #4093, #3294, #1764 ) ) ;
#4653 = CARTESIAN_POINT ( 'NONE',  ( 0.4341406095058849557, 30.38678010644533956, 9.009522897861589996 ) ) ;
#4654 = CARTESIAN_POINT ( 'NONE',  ( 0.2692307692307692180, 35.21614583333333570, 8.995844159660826733 ) ) ;
#4655 = DIRECTION ( 'NONE',  ( 0.9796027006414900207, -0.2009441437213315973, 0.000000000000000000 ) ) ;
#4656 = DIRECTION ( 'NONE',  ( 0.000000000000000000, 0.000000000000000000, 1.000000000000000000 ) ) ;
#4657 = CARTESIAN_POINT ( 'NONE',  ( 3.399739583333333037, 31.85426682692307665, 8.353172911053537320 ) ) ;
#4658 = CARTESIAN_POINT ( 'NONE',  ( -0.08974358974358974395, 35.21965144230769340, 8.999552549327102469 ) ) ;
#4659 = CARTESIAN_POINT ( 'NONE',  ( 2.182928072245720053, 29.27390284180437874, 8.731239239553110210 ) ) ;
#4660 = CARTESIAN_POINT ( 'NONE',  ( 0.9822716346153848033, 31.37820512820512775, 8.966236216187787988 ) ) ;
#4661 = CARTESIAN_POINT ( 'NONE',  ( 1.845238535938472424, 28.89132424559353396, 8.809041298810207365 ) ) ;
#4662 = EDGE_LOOP ( 'NONE', ( #2922, #383, #4384, #4281 ) ) ;
#4663 = PLANE ( 'NONE',  #3593 ) ;
#4664 = CARTESIAN_POINT ( 'NONE',  ( 2.696952904057692280E-15, 29.41039598459150994, 9.000000000000000000 ) ) ;
#4665 = CARTESIAN_POINT ( 'NONE',  ( 1.135284472760438756, 33.20354767110885774, 8.928334901983978611 ) ) ;
#4666 = CARTESIAN_POINT ( 'NONE',  ( 1.414636162150942456, 31.45753201003760680, 8.908744165789181935 ) ) ;
#4667 = CARTESIAN_POINT ( 'NONE',  ( 3.585989876890677941, 26.94255821653671390, 8.274737631137400129 ) ) ;
#4668 = ORIENTED_EDGE ( 'NONE', *, *, #2706, .T. ) ;
#4669 = EDGE_LOOP ( 'NONE', ( #1273, #2621, #857, #2287 ) ) ;
#4670 = CARTESIAN_POINT ( 'NONE',  ( 0.2646666431415779508, 29.01201394335100403, 8.996448995907108781 ) ) ;
#4671 = EDGE_CURVE ( 'NONE', #43, #3165, #4414, .T. ) ;
#4672 = DIRECTION ( 'NONE',  ( 0.000000000000000000, -1.000000000000000000, 0.000000000000000000 ) ) ;
#4673 = VERTEX_POINT ( 'NONE', #2480 ) ;
#4674 = DIRECTION ( 'NONE',  ( 0.000000000000000000, 0.000000000000000000, 1.000000000000000000 ) ) ;
#4675 = CARTESIAN_POINT ( 'NONE',  ( 1.102182119232617714E-15, 65.00000000000000000, 9.000000000000000000 ) ) ;
#4676 = CARTESIAN_POINT ( 'NONE',  ( 3.080222590783700198, 35.69972877400741140, 8.476490335311023472 ) ) ;
#4677 = ADVANCED_FACE ( 'NONE', ( #1296 ), #2563, .T. ) ;
#4678 = DIRECTION ( 'NONE',  ( 0.000000000000000000, 0.000000000000000000, 1.000000000000000000 ) ) ;
#4679 = CARTESIAN_POINT ( 'NONE',  ( 3.141025641025641413, 65.00000000000000000, 8.434094967595482828 ) ) ;
#4680 = CARTESIAN_POINT ( 'NONE',  ( 3.589743589743591201, 35.19861778846154010, 8.273104928443284933 ) ) ;
#4681 = CARTESIAN_POINT ( 'NONE',  ( 1.750000000000000222, 28.01282051282051100, 8.828221791504789806 ) ) ;
#4682 = DIRECTION ( 'NONE',  ( 0.000000000000000000, 0.000000000000000000, 1.000000000000000000 ) ) ;
#4683 = CARTESIAN_POINT ( 'NONE',  ( 0.8321024568130667154, 28.71097933432796623, 8.962491204250728316 ) ) ;
#4684 = ORIENTED_EDGE ( 'NONE', *, *, #1588, .F. ) ;
#4685 = CARTESIAN_POINT ( 'NONE',  ( 2.399554636540529806, 28.00307407236121549, 8.679332288899196612 ) ) ;
#4686 = CARTESIAN_POINT ( 'NONE',  ( 3.017081480832532137, 34.27031410580710258, 8.499786769886085835 ) ) ;
#4687 = CARTESIAN_POINT ( 'NONE',  ( 1.135284472760438756, 33.20354767110885774, 8.948620129325489003 ) ) ;
#4688 = CARTESIAN_POINT ( 'NONE',  ( 2.364406946181805136, 34.27314600768531250, 8.703868941482660659 ) ) ;
#4689 = CARTESIAN_POINT ( 'NONE',  ( 0.000000000000000000, 65.00000000000000000, 9.000000000000000000 ) ) ;
#4690 = ORIENTED_EDGE ( 'NONE', *, *, #1290, .T. ) ;
#4691 = ORIENTED_EDGE ( 'NONE', *, *, #1860, .T. ) ;
#4692 = DIRECTION ( 'NONE',  ( 0.000000000000000000, 0.000000000000000000, 1.000000000000000000 ) ) ;
#4693 = CARTESIAN_POINT ( 'NONE',  ( 0.5426142272420045876, 33.06291370597442381, 8.983627875218040515 ) ) ;
#4694 = CARTESIAN_POINT ( 'NONE',  ( 0.000000000000000000, 62.18461538461537685, 0.000000000000000000 ) ) ;
#4695 = VERTEX_POINT ( 'NONE', #2108 ) ;
#4696 = ADVANCED_FACE ( 'NONE', ( #2429 ), #2941, .F. ) ;
#4697 = EDGE_CURVE ( 'NONE', #2765, #1020, #22, .T. ) ;
#4698 = DIRECTION ( 'NONE',  ( -0.000000000000000000, 1.000000000000000000, -0.000000000000000000 ) ) ;
#4699 = PLANE ( 'NONE',  #4783 ) ;
#4700 = LINE ( 'NONE', #122, #272 ) ;
#4701 = AXIS2_PLACEMENT_3D ( 'NONE', #949, #4737, #4342 ) ;
#4702 = VECTOR ( 'NONE', #4382, 1000.000000000000000 ) ;
#4703 = CARTESIAN_POINT ( 'NONE',  ( 1.657441013105921623, 32.57768653672584946, 8.846066780992430267 ) ) ;
#4704 = CARTESIAN_POINT ( 'NONE',  ( 0.8122160000591939211, 36.39236745486069680, 8.983692790749421064 ) ) ;
#4705 = CARTESIAN_POINT ( 'NONE',  ( 1.748597756410257054, 25.94871794871794890, 8.848499639592052546 ) ) ;
#4706 = ORIENTED_EDGE ( 'NONE', *, *, #1861, .F. ) ;
#4707 = VECTOR ( 'NONE', #2663, 1000.000000000000000 ) ;
#4708 = CARTESIAN_POINT ( 'NONE',  ( 1.721318627551289060, 34.93386458870010358, 8.833874481489930375 ) ) ;
#4709 = CARTESIAN_POINT ( 'NONE',  ( 3.177837098650639458, 35.54036958699142446, 8.440325979118901145 ) ) ;
#4710 = CARTESIAN_POINT ( 'NONE',  ( 0.9822716346153845812, 31.37820512820512775, 8.946236216187790191 ) ) ;
#4711 = ORIENTED_EDGE ( 'NONE', *, *, #1290, .F. ) ;
#4712 = CARTESIAN_POINT ( 'NONE',  ( 1.884615384615385691, 63.53076923076922355, 8.800467308732587313 ) ) ;
#4713 = AXIS2_PLACEMENT_3D ( 'NONE', #4376, #4672, #907 ) ;
#4714 = B_SPLINE_CURVE_WITH_KNOTS ( 'NONE', 3,
 ( #4756, #4388, #2871, #1344, #3992, #3249, #4661, #1001, #1320, #3939, #4291, #895 ),
 .UNSPECIFIED., .F., .F.,
 ( 4, 2, 2, 2, 2, 4 ),
 ( 0.000000000000000000, 0.0004436687083259805873, 0.0008873374166519611746, 0.001109171770814948487, 0.001331006124977935799, 0.001774674833303906954 ),
 .UNSPECIFIED. ) ;
#4715 = DIRECTION ( 'NONE',  ( -0.000000000000000000, -1.000000000000000000, -0.000000000000000000 ) ) ;
#4716 = CARTESIAN_POINT ( 'NONE',  ( 1.402268564763172964, 34.46538551738788669, 8.910562418485060476 ) ) ;
#4717 = CARTESIAN_POINT ( 'NONE',  ( 0.3589701612419735621, 33.35003814517122578, 9.013417774837989782 ) ) ;
#4718 = CARTESIAN_POINT ( 'NONE',  ( 1.013120993589744057, 34.33974358974359831, 8.942795192351647771 ) ) ;
#4719 = CARTESIAN_POINT ( 'NONE',  ( 0.6090941402088339007, 29.17402881421000771, 8.979744460219714952 ) ) ;
#4720 = ORIENTED_EDGE ( 'NONE', *, *, #3096, .F. ) ;
#4721 = CARTESIAN_POINT ( 'NONE',  ( 1.110433690781075899, 26.32316864767884468, 8.932094880974963402 ) ) ;
#4722 = B_SPLINE_CURVE_WITH_KNOTS ( 'NONE', 3,
 ( #4368, #975, #2481, #1767, #3997, #2430, #608, #630, #3624, #231, #1744, #3254, #652, #4784, #4760, #1371 ),
 .UNSPECIFIED., .F., .F.,
 ( 4, 3, 3, 3, 3, 4 ),
 ( 0.000000000000000000, 0.2407622692530783926, 0.4834244448357668533, 0.6998427487687294279, 0.8861999756223505331, 1.000000000000000000 ),
 .UNSPECIFIED. ) ;
#4723 = CARTESIAN_POINT ( 'NONE',  ( 0.7396303473864104250, 33.17953274580591483, 8.989557383913119537 ) ) ;
#4724 = CARTESIAN_POINT ( 'NONE',  ( 3.163905334554392379, 26.81620852502072339, 8.446199566915090884 ) ) ;
#4725 = ORIENTED_EDGE ( 'NONE', *, *, #3591, .F. ) ;
#4726 = B_SPLINE_SURFACE_WITH_KNOTS ( 'NONE', 3, 1, ( 
 ( #1365, #1389 ),
 ( #1738, #2869 ),
 ( #2505, #4386 ),
 ( #3271, #4338 ),
 ( #2899, #1291 ),
 ( #547, #2025 ),
 ( #1761, #3247 ),
 ( #200, #3537 ),
 ( #4410, #3915 ),
 ( #523, #998 ),
 ( #148, #4020 ),
 ( #4708, #170 ),
 ( #2449, #624 ),
 ( #3196, #247 ),
 ( #3640, #2129 ),
 ( #4778, #2401 ) ),
 .UNSPECIFIED., .F., .F., .F.,
 ( 4, 3, 3, 3, 3, 4 ),
 ( 2, 2 ),
 ( 0.000000000000000000, 0.1839235363078782770, 0.3673847296754663705, 0.6235186311299656392, 0.8733412851035472491, 1.000000000000000000 ),
 ( 0.000000000000000000, 1.000000000000000000 ),
 .UNSPECIFIED. ) ;
#4727 = CARTESIAN_POINT ( 'NONE',  ( 0.8974358974358971341, 30.66025641025641590, 8.975144265169232582 ) ) ;
#4728 = CARTESIAN_POINT ( 'NONE',  ( 0.9640898690830663753, 34.34093799475537878, 8.948221900007952812 ) ) ;
#4729 = CARTESIAN_POINT ( 'NONE',  ( 3.141025641025641413, 65.00000000000000000, 8.454094967595482402 ) ) ;
#4730 = CARTESIAN_POINT ( 'NONE',  ( 0.2692307692307692180, 27.14623397435897800, 8.995711175895843681 ) ) ;
#4731 = CARTESIAN_POINT ( 'NONE',  ( 1.225441516061609892, 34.03122265379457900, 8.938592096152040867 ) ) ;
#4732 =( NAMED_UNIT ( * ) PLANE_ANGLE_UNIT ( ) SI_UNIT ( $, .RADIAN. ) );
#4733 = ORIENTED_EDGE ( 'NONE', *, *, #433, .F. ) ;
#4734 = CARTESIAN_POINT ( 'NONE',  ( -0.08671780161851661006, 30.05928167281023633, 8.999582722503674859 ) ) ;
#4735 = CARTESIAN_POINT ( 'NONE',  ( -0.02064849492494423913, 29.44612746674386372, 8.999983727138923584 ) ) ;
#4736 = ORIENTED_EDGE ( 'NONE', *, *, #1504, .F. ) ;
#4737 = DIRECTION ( 'NONE',  ( -0.000000000000000000, -1.000000000000000000, -0.000000000000000000 ) ) ;
#4738 = FACE_OUTER_BOUND ( 'NONE', #3780, .T. ) ;
#4739 = CARTESIAN_POINT ( 'NONE',  ( 0.4804628258876031399, 30.44817464894228110, 9.007285809699945744 ) ) ;
#4740 = DIRECTION ( 'NONE',  ( 0.000000000000000000, 0.000000000000000000, 1.000000000000000000 ) ) ;
#4741 = DIRECTION ( 'NONE',  ( -0.000000000000000000, -1.000000000000000000, -0.000000000000000000 ) ) ;
#4742 = CARTESIAN_POINT ( 'NONE',  ( 1.124197128314741834, 27.97912139792009611, 8.930901568379724154 ) ) ;
#4743 = ORIENTED_EDGE ( 'NONE', *, *, #3398, .F. ) ;
#4744 = CARTESIAN_POINT ( 'NONE',  ( 1.663667620216068954, 26.26363879212157926, 8.845335279157222175 ) ) ;
#4745 = CARTESIAN_POINT ( 'NONE',  ( 0.2958627161718365706, 32.69120705416778350, 8.995147476086216898 ) ) ;
#4746 = CARTESIAN_POINT ( 'NONE',  ( 2.069516741277626082, 26.27072012390423694, 8.780303622529251228 ) ) ;
#4747 = ORIENTED_EDGE ( 'NONE', *, *, #3195, .T. ) ;
#4748 = CARTESIAN_POINT ( 'NONE',  ( 0.000000000000000000, 2.680769230769243450, 0.000000000000000000 ) ) ;
#4749 = CARTESIAN_POINT ( 'NONE',  ( 0.5839477515046885836, 34.48496738010275209, 8.981222634064410570 ) ) ;
#4750 = CARTESIAN_POINT ( 'NONE',  ( 2.913946323176916486, 35.84994937584049524, 8.515216588176754087 ) ) ;
#4751 = CARTESIAN_POINT ( 'NONE',  ( 1.884615384615386580, 61.15256410256409225, 8.800467308732587313 ) ) ;
#4752 = CARTESIAN_POINT ( 'NONE',  ( 0.01999408238906200119, 35.80786508570331250, 9.020050496508526194 ) ) ;
#4753 = VERTEX_POINT ( 'NONE', #2156 ) ;
#4754 = B_SPLINE_CURVE_WITH_KNOTS ( 'NONE', 3,
 ( #943, #2447, #2102, #3269, #546, #4360, #3614, #967, #169, #522, #223, #2048, #994, #3245, #2400, #4680 ),
 .UNSPECIFIED., .F., .F.,
 ( 4, 3, 3, 3, 3, 4 ),
 ( 0.000000000000000000, 0.2095784224146323149, 0.4180435457777043617, 0.6415430471045711069, 0.8594814792447160734, 1.000000000000000000 ),
 .UNSPECIFIED. ) ;
#4755 = FACE_OUTER_BOUND ( 'NONE', #4177, .T. ) ;
#4756 = CARTESIAN_POINT ( 'NONE',  ( 2.288461538461538769, 29.78735977564102910, 8.704191162134611304 ) ) ;
#4757 = ORIENTED_EDGE ( 'NONE', *, *, #597, .F. ) ;
#4758 = CARTESIAN_POINT ( 'NONE',  ( 3.167043450368118851, 27.47083587148190986, 8.445514293744507128 ) ) ;
#4759 = EDGE_CURVE ( 'NONE', #4298, #4503, #4047, .T. ) ;
#4760 = CARTESIAN_POINT ( 'NONE',  ( -0.08906951419141068138, 29.83219698598351144, 9.019559271212379770 ) ) ;
#4761 = CARTESIAN_POINT ( 'NONE',  ( 1.746348392966867280, 35.09057823565387935, 8.848948826943223267 ) ) ;
#4762 = CARTESIAN_POINT ( 'NONE',  ( 3.141025641025641413, 38.01923076923078781, 8.434094967595482828 ) ) ;
#4763 = DIRECTION ( 'NONE',  ( 0.000000000000000000, 0.000000000000000000, 1.000000000000000000 ) ) ;
#4764 = B_SPLINE_SURFACE_WITH_KNOTS ( 'NONE', 3, 1, ( 
 ( #44, #2322 ),
 ( #1561, #1211 ),
 ( #3066, #3833 ),
 ( #443, #1951 ),
 ( #1583, #3090 ),
 ( #4234, #839 ),
 ( #469, #3187 ),
 ( #2019, #911 ),
 ( #4009, #2395 ),
 ( #2469, #2862 ),
 ( #516, #2498 ),
 ( #987, #1311 ),
 ( #2766, #142 ) ),
 .UNSPECIFIED., .F., .F., .F.,
 ( 4, 3, 3, 3, 4 ),
 ( 2, 2 ),
 ( 0.000000000000000000, 0.2961251154318756407, 0.5591271693885153660, 0.8118841227345431344, 1.000000000000000000 ),
 ( 0.000000000000000000, 1.000000000000000000 ),
 .UNSPECIFIED. ) ;
#4765 = ADVANCED_FACE ( 'NONE', ( #4487 ), #1470, .F. ) ;
#4766 = EDGE_CURVE ( 'NONE', #3165, #1692, #3981, .T. ) ;
#4767 = CARTESIAN_POINT ( 'NONE',  ( 3.589743589743590313, 32.09615384615385381, 8.273104928443279604 ) ) ;
#4768 = CARTESIAN_POINT ( 'NONE',  ( 3.583494377508217976, 35.34501215129139950, 8.275833934135091496 ) ) ;
#4769 = ORIENTED_EDGE ( 'NONE', *, *, #1482, .T. ) ;
#4770 = DIRECTION ( 'NONE',  ( 0.000000000000000000, -0.000000000000000000, -1.000000000000000000 ) ) ;
#4771 = CARTESIAN_POINT ( 'NONE',  ( -0.05467273796104384770, 35.57488149725435278, 8.999844033302807134 ) ) ;
#4772 = CARTESIAN_POINT ( 'NONE',  ( 1.750000000000000222, 28.01282051282051100, 8.848221791504789380 ) ) ;
#4773 = CARTESIAN_POINT ( 'NONE',  ( 0.3814616047488025297, 31.54690452698419989, 9.012330205683174000 ) ) ;
#4774 = CARTESIAN_POINT ( 'NONE',  ( -0.08974358974358936925, 35.21965144230769340, 9.019552549327102042 ) ) ;
#4775 = DATE_AND_TIME ( #3686, #4466 ) ;
#4776 = ORIENTED_EDGE ( 'NONE', *, *, #1851, .F. ) ;
#4777 = AXIS2_PLACEMENT_3D ( 'NONE', #3567, #977, #3999 ) ;
#4778 = CARTESIAN_POINT ( 'NONE',  ( 1.750000000000000444, 35.19581330128205110, 8.828221460714514635 ) ) ;
#4779 = CARTESIAN_POINT ( 'NONE',  ( 1.264493126070198814, 29.00211669722889241, 8.911388142525762390 ) ) ;
#4780 = CARTESIAN_POINT ( 'NONE',  ( 3.045025295140010080, 35.74898724982914899, 8.469381006686370839 ) ) ;
#4781 = VERTEX_POINT ( 'NONE', #3814 ) ;
#4782 = CARTESIAN_POINT ( 'NONE',  ( 3.141025641025641413, 65.00000000000000000, 8.434094967595482828 ) ) ;
#4783 = AXIS2_PLACEMENT_3D ( 'NONE', #3958, #3189, #1382 ) ;
#4784 = CARTESIAN_POINT ( 'NONE',  ( -0.08430092606193385907, 29.75763339776232641, 9.019611781806405659 ) ) ;
#4785 = CARTESIAN_POINT ( 'NONE',  ( 1.949819711538461675, 35.71324118589743790, 8.786250798406339158 ) ) ;
#4786 = CARTESIAN_POINT ( 'NONE',  ( 0.000000000000000000, 37.70512820512822572, 9.000000000000000000 ) ) ;
#4787 = CIRCLE ( 'NONE', #2889, 9.000000000000000000 ) ;
#4788 = DIRECTION ( 'NONE',  ( 0.000000000000000000, 0.000000000000000000, -1.000000000000000000 ) ) ;
#4789 = VERTEX_POINT ( 'NONE', #2328 ) ;
#4790 = EDGE_CURVE ( 'NONE', #2576, #2525, #4306, .T. ) ;
#4791 = ADVANCED_FACE ( 'NONE', ( #1567 ), #3224, .F. ) ;
#4792 = CARTESIAN_POINT ( 'NONE',  ( 1.748597756410257498, 28.32692307692307665, 8.828499639592052972 ) ) ;
#4793 = CARTESIAN_POINT ( 'NONE',  ( 3.510716459121644206, 35.63407758831687744, 8.287224405000012339 ) ) ;
#4794 = ORIENTED_EDGE ( 'NONE', *, *, #3131, .F. ) ;
#4795 = B_SPLINE_CURVE_WITH_KNOTS ( 'NONE', 3,
 ( #4785, #3670, #554, #951, #4810, #2533, #3646, #2875, #3566, #1420, #1006, #2456 ),
 .UNSPECIFIED., .F., .F.,
 ( 4, 2, 2, 2, 2, 4 ),
 ( 0.000000000000000000, 0.0002411380938651081580, 0.0004822761877302163161, 0.0007234142815953244470, 0.0008439833285278785938, 0.0009645523754604328490 ),
 .UNSPECIFIED. ) ;
#4796 = CARTESIAN_POINT ( 'NONE',  ( 1.524009069242416858, 32.94348299246119893, 8.870047804390136292 ) ) ;
#4797 = PLANE ( 'NONE',  #1937 ) ;
#4798 = CARTESIAN_POINT ( 'NONE',  ( 2.239036928074385369, 30.13230544566393121, 8.737040108362734259 ) ) ;
#4799 = CARTESIAN_POINT ( 'NONE',  ( 1.531238320841365352, 36.24627086269850196, 8.889196856436496930 ) ) ;
#4800 = CARTESIAN_POINT ( 'NONE',  ( -0.08974358974358974395, 35.21965144230769340, 8.999552549327102469 ) ) ;
#4801 = CC_DESIGN_PERSON_AND_ORGANIZATION_ASSIGNMENT ( #4111, #3759, ( #3752 ) ) ;
#4802 = VERTEX_POINT ( 'NONE', #1930 ) ;
#4803 = B_SPLINE_SURFACE_WITH_KNOTS ( 'NONE', 3, 1, ( 
 ( #2312, #1177 ),
 ( #3899, #1986 ),
 ( #3799, #1649 ),
 ( #85, #3849 ),
 ( #30, #406 ),
 ( #60, #4567 ),
 ( #2757, #506 ),
 ( #3522, #135 ),
 ( #2681, #797 ),
 ( #1915, #3157 ),
 ( #3823, #4666 ),
 ( #1600, #1964 ),
 ( #1277, #429 ),
 ( #4617, #2736 ),
 ( #2365, #853 ),
 ( #1575, #4296 ) ),
 .UNSPECIFIED., .F., .F., .F.,
 ( 4, 3, 3, 3, 3, 4 ),
 ( 2, 2 ),
 ( 0.000000000000000000, 0.2242658378021044896, 0.4503952099110088980, 0.6567301019527558292, 0.8803619523408796610, 1.000000000000000000 ),
 ( 0.000000000000000000, 1.000000000000000000 ),
 .UNSPECIFIED. ) ;
#4804 = CARTESIAN_POINT ( 'NONE',  ( 0.9153081111094886202, 31.69357983580881921, 8.953465529812341117 ) ) ;
#4805 = DIRECTION ( 'NONE',  ( 0.000000000000000000, -1.000000000000000000, 0.000000000000000000 ) ) ;
#4806 = CARTESIAN_POINT ( 'NONE',  ( 2.767200155851486265, 35.90850011089327865, 8.564444978516757345 ) ) ;
#4807 = ORIENTED_EDGE ( 'NONE', *, *, #3638, .T. ) ;
#4808 = CARTESIAN_POINT ( 'NONE',  ( 1.927929811589310427, 29.77442829961387716, 8.811080091992472774 ) ) ;
#4809 = CARTESIAN_POINT ( 'NONE',  ( 0.5757710284455243022, 31.44662082828119409, 8.982123529206264223 ) ) ;
#4810 = CARTESIAN_POINT ( 'NONE',  ( 2.187223796908763340, 36.03437793877809980, 8.730434687548783046 ) ) ;
#4811 = DIRECTION ( 'NONE',  ( 0.000000000000000000, 0.000000000000000000, 1.000000000000000000 ) ) ;
#4812 = CARTESIAN_POINT ( 'NONE',  ( 2.827475611629028496, 26.47587826868061356, 8.545509523912521388 ) ) ;
#4813 = VERTEX_POINT ( 'NONE', #1907 ) ;
#4814 = CARTESIAN_POINT ( 'NONE',  ( 3.235008603146755757, 27.93640622488614511, 8.398605955172808279 ) ) ;
#4815 = CARTESIAN_POINT ( 'NONE',  ( 3.404671619319559639, 35.83047551609057990, 8.351361867282832918 ) ) ;
#4816 = ORIENTED_EDGE ( 'NONE', *, *, #490, .T. ) ;
#4817 = EDGE_CURVE ( 'NONE', #1990, #129, #3149, .T. ) ;
#4818 = FACE_OUTER_BOUND ( 'NONE', #3161, .T. ) ;
#4819 = CARTESIAN_POINT ( 'NONE',  ( 0.01288965886366464676, 30.39514280161706949, 8.999950338432809005 ) ) ;
#4820 = CARTESIAN_POINT ( 'NONE',  ( 2.281514009112866503, 29.92718065903703462, 8.726023977637483497 ) ) ;
#4821 = CARTESIAN_POINT ( 'NONE',  ( 0.2879895813343012478, 32.64631180543467792, 8.995394320091749663 ) ) ;
#4822 = CARTESIAN_POINT ( 'NONE',  ( -0.003375628799739891373, 34.68955111330200936, 9.020200032043311111 ) ) ;
#4823 = ORIENTED_EDGE ( 'NONE', *, *, #10, .T. ) ;
#4824 = CARTESIAN_POINT ( 'NONE',  ( 1.053694568986280444, 36.08687620663908291, 8.958308911341040570 ) ) ;
#4825 = EDGE_CURVE ( 'NONE', #1167, #1113, #3202, .T. ) ;
#4826 = CARTESIAN_POINT ( 'NONE',  ( 2.176810322218113658, 34.87676706695326345, 8.732826484103764386 ) ) ;
#4827 = CARTESIAN_POINT ( 'NONE',  ( 0.2638183124982299566, 33.27885242878964789, 9.016474606625198618 ) ) ;
#4828 = ORIENTED_EDGE ( 'NONE', *, *, #1133, .T. ) ;
#4829 = CARTESIAN_POINT ( 'NONE',  ( 3.399739583333333925, 31.85426682692307665, 8.333172911053543075 ) ) ;
#4830 = CARTESIAN_POINT ( 'NONE',  ( 1.896488162548129353, 29.55286471280324179, 8.817930187233125494 ) ) ;
#4831 = B_SPLINE_CURVE_WITH_KNOTS ( 'NONE', 3,
 ( #1326, #4027, #2827, #4688, #3597, #632, #4345, #952, #2483, #3971 ),
 .UNSPECIFIED., .F., .F.,
 ( 4, 3, 3, 4 ),
 ( 0.000000000000000000, 0.3571624572638976147, 0.6675529942907778569, 1.000000000000000000 ),
 .UNSPECIFIED. ) ;
#4832 = CARTESIAN_POINT ( 'NONE',  ( -1.062179315856892428E-15, 32.02592962024690593, 8.999999999999994671 ) ) ;
#4833 = EDGE_CURVE ( 'NONE', #43, #2391, #435, .T. ) ;
#4834 = CARTESIAN_POINT ( 'NONE',  ( 1.255812049068422365, 31.75719732136381879, 8.932238482186269479 ) ) ;
#4835 = CARTESIAN_POINT ( 'NONE',  ( 0.3230264000629821664, 29.57478984088800900, 8.994069627763920494 ) ) ;
#4836 = CARTESIAN_POINT ( 'NONE',  ( 1.886840320153561956, 35.82919327781014118, 8.799856281427565818 ) ) ;
#4837 = ORIENTED_EDGE ( 'NONE', *, *, #2620, .T. ) ;
#4838 = CARTESIAN_POINT ( 'NONE',  ( 2.238023529238635678, 28.30609815733564716, 8.717338468240138027 ) ) ;
#4839 = CARTESIAN_POINT ( 'NONE',  ( 2.724746518778184967, 34.20695330986670513, 8.597749203344214664 ) ) ;
#4840 = EDGE_LOOP ( 'NONE', ( #163, #2148, #2504, #1528 ) ) ;
#4841 = B_SPLINE_SURFACE_WITH_KNOTS ( 'NONE', 3, 1, ( 
 ( #1924, #3786 ),
 ( #3809, #4262 ),
 ( #2645, #3041 ),
 ( #1185, #806 ),
 ( #69, #1137 ),
 ( #3504, #3432 ),
 ( #1972, #4629 ),
 ( #3481, #119 ),
 ( #3859, #93 ),
 ( #1242, #2744 ) ),
 .UNSPECIFIED., .F., .F., .F.,
 ( 4, 3, 3, 4 ),
 ( 2, 2 ),
 ( 0.000000000000000000, 0.2497032509371532316, 0.7053539104605589527, 1.000000000000000000 ),
 ( 0.000000000000000000, 1.000000000000000000 ),
 .UNSPECIFIED. ) ;
#4842 = CARTESIAN_POINT ( 'NONE',  ( 0.000000000000000000, 63.79999999999999716, 8.000000000000000000 ) ) ;
#4843 = CARTESIAN_POINT ( 'NONE',  ( 3.222067565874031203, 27.31227096883138472, 8.403473538996104608 ) ) ;
#4844 = CARTESIAN_POINT ( 'NONE',  ( 3.479002990148424512, 34.70606935783283120, 8.300534189897646797 ) ) ;
#4845 = CARTESIAN_POINT ( 'NONE',  ( 0.2692307692307692180, 32.45512820512820440, 8.995972142736960109 ) ) ;
#4846 = CARTESIAN_POINT ( 'NONE',  ( 2.316837887968893117, 25.98673350771925428, 8.696720677745464201 ) ) ;
#4847 = APPROVAL_DATE_TIME ( #4453, #262 ) ;
#4848 = ORIENTED_EDGE ( 'NONE', *, *, #651, .F. ) ;
#4849 = EDGE_CURVE ( 'NONE', #404, #2847, #1541, .T. ) ;
#4850 = EDGE_CURVE ( 'NONE', #2350, #3825, #2208, .T. ) ;
#4851 = CARTESIAN_POINT ( 'NONE',  ( 0.2839957078159561776, 32.26453079562733706, 8.995576136078588192 ) ) ;
#4852 = CARTESIAN_POINT ( 'NONE',  ( 2.111457772504420127, 35.11888296621318517, 8.748814353991241077 ) ) ;
#4853 = CARTESIAN_POINT ( 'NONE',  ( -0.08430092606193385907, 29.75763339776232641, 9.019611781806405659 ) ) ;
#4854 = ORIENTED_EDGE ( 'NONE', *, *, #4346, .F. ) ;
#4855 = PLANE ( 'NONE',  #2177 ) ;
#4856 = CARTESIAN_POINT ( 'NONE',  ( 1.750000000000000000, 35.19581330128205110, 8.828221791504788030 ) ) ;
#4857 = EDGE_CURVE ( 'NONE', #3341, #1679, #3040, .T. ) ;
#4858 = VECTOR ( 'NONE', #4483, 1000.000000000000000 ) ;
#4859 = VECTOR ( 'NONE', #4331, 1000.000000000000000 ) ;
#4860 = CARTESIAN_POINT ( 'NONE',  ( 0.5349699629666757605, 31.84654282679849047, 8.984155898005129259 ) ) ;
#4861 = CARTESIAN_POINT ( 'NONE',  ( 1.379333357069329358, 31.84673344168026432, 8.913674227224523960 ) ) ;
#4862 = CARTESIAN_POINT ( 'NONE',  ( -0.08186932199244854880, 32.31926874412648942, 8.999639084253448829 ) ) ;
#4863 = CARTESIAN_POINT ( 'NONE',  ( 1.949819711538461675, 35.71324118589743790, 8.806250798406338731 ) ) ;
#4864 = AXIS2_PLACEMENT_3D ( 'NONE', #1693, #551, #3994 ) ;
#4865 = VECTOR ( 'NONE', #2851, 1000.000000000000000 ) ;
#4866 = EDGE_LOOP ( 'NONE', ( #4008, #3628, #2479, #1901 ) ) ;
#4867 = EDGE_CURVE ( 'NONE', #4326, #2551, #196, .T. ) ;
#4868 = CARTESIAN_POINT ( 'NONE',  ( 3.374184720424382444, 27.78932119907804932, 8.343613112016837974 ) ) ;
#4869 = FACE_OUTER_BOUND ( 'NONE', #3993, .T. ) ;
#4870 = AXIS2_PLACEMENT_3D ( 'NONE', #3410, #4902, #445 ) ;
#4871 = ORIENTED_EDGE ( 'NONE', *, *, #1471, .F. ) ;
#4872 = CARTESIAN_POINT ( 'NONE',  ( 1.568056855695880492, 32.87676339383089186, 8.882543767825442416 ) ) ;
#4873 = CARTESIAN_POINT ( 'NONE',  ( 0.6402761360337932972, 30.92167644926758641, 8.998001836941021736 ) ) ;
#4874 = CARTESIAN_POINT ( 'NONE',  ( 0.5648420444890682734, 26.55154570798834612, 9.002551040889946066 ) ) ;
#4875 = CARTESIAN_POINT ( 'NONE',  ( -0.08974358974358936925, 32.47195512820512420, 9.019552549327102042 ) ) ;
#4876 = PLANE ( 'NONE',  #3439 ) ;
#4877 = ORIENTED_EDGE ( 'NONE', *, *, #2342, .F. ) ;
#4878 = LINE ( 'NONE', #2919, #3674 ) ;
#4879 = CARTESIAN_POINT ( 'NONE',  ( 2.846749477110226856, 35.89002026103540288, 8.558233668543026695 ) ) ;
#4880 = CARTESIAN_POINT ( 'NONE',  ( 0.2692307692307692180, 27.14623397435897800, 8.995972142736960109 ) ) ;
#4881 = ORIENTED_EDGE ( 'NONE', *, *, #3800, .T. ) ;
#4882 = CARTESIAN_POINT ( 'NONE',  ( 1.840194268365909158, 33.24228829636261651, 8.811248833034683869 ) ) ;
#4883 = CARTESIAN_POINT ( 'NONE',  ( 2.640980247895802879, 36.22215199264419994, 8.623791218424125660 ) ) ;
#4884 = CARTESIAN_POINT ( 'NONE',  ( 2.913489228261302966, 32.17224864724526157, 8.515782392993111571 ) ) ;
#4885 = DIRECTION ( 'NONE',  ( 0.000000000000000000, 0.000000000000000000, 1.000000000000000000 ) ) ;
#4886 = CARTESIAN_POINT ( 'NONE',  ( 3.141025641025641413, 30.01101762820512775, 8.434094967595482828 ) ) ;
#4887 = EDGE_CURVE ( 'NONE', #1020, #2115, #4754, .T. ) ;
#4888 = CARTESIAN_POINT ( 'NONE',  ( 3.230769230769231282, 27.14623397435897445, 8.399926001901288686 ) ) ;
#4889 = ORIENTED_EDGE ( 'NONE', *, *, #2154, .T. ) ;
#4890 = B_SPLINE_CURVE_WITH_KNOTS ( 'NONE', 3,
 ( #4540, #1916, #3422, #2682 ),
 .UNSPECIFIED., .F., .F.,
 ( 4, 4 ),
 ( 0.000000000000000000, 1.000000000000000000 ),
 .UNSPECIFIED. ) ;
#4891 = CARTESIAN_POINT ( 'NONE',  ( 2.224221483609285954, 36.06639587997624119, 8.741087263801594176 ) ) ;
#4892 = EDGE_CURVE ( 'NONE', #1012, #877, #1152, .T. ) ;
#4893 = CARTESIAN_POINT ( 'NONE',  ( 2.693709935897436125, 34.51923076923077360, 8.587428414912547936 ) ) ;
#4894 = ORIENTED_EDGE ( 'NONE', *, *, #4102, .T. ) ;
#4895 = PLANE ( 'NONE',  #4078 ) ;
#4896 = CARTESIAN_POINT ( 'NONE',  ( 2.699504461524720789, 34.20589181912033894, 8.585610535932273635 ) ) ;
#4897 = CARTESIAN_POINT ( 'NONE',  ( 1.613552667985953315, 35.71840309495321719, 8.854454425031203613 ) ) ;
#4898 = CARTESIAN_POINT ( 'NONE',  ( 3.275335138991708916, 26.40488472817726162, 8.382931580520311954 ) ) ;
#4899 = ORIENTED_EDGE ( 'NONE', *, *, #1889, .F. ) ;
#4900 = CARTESIAN_POINT ( 'NONE',  ( 0.3988514637036431609, 32.00046151660227167, 8.991376714123813230 ) ) ;
#4901 = CARTESIAN_POINT ( 'NONE',  ( -0.08974358974358936925, 27.15675080128204755, 9.019552549327100266 ) ) ;
#4902 = DIRECTION ( 'NONE',  ( 0.000000000000000000, 1.000000000000000000, 0.000000000000000000 ) ) ;
#4903 = CARTESIAN_POINT ( 'NONE',  ( 2.669616658012857080, 34.52037429021982717, 8.594833190600438044 ) ) ;
#4904 = CARTESIAN_POINT ( 'NONE',  ( 0.4364242666749940103, 35.81062129833222230, 9.009625238357600097 ) ) ;
#4905 = CARTESIAN_POINT ( 'NONE',  ( 1.927929811589310427, 29.77442829961387716, 8.790945901770548687 ) ) ;
ENDSEC;
END-ISO-10303-21;
