ISO-10303-21;
HEADER;
FILE_DESCRIPTION (( 'STEP AP214' ),
    '1' );
FILE_NAME ('PIC16F18426EP.STEP',
    '2023-12-29T19:11:57',
    ( '' ),
    ( '' ),
    'SwSTEP 2.0',
    'SolidWorks 2021',
    '' );
FILE_SCHEMA (( 'AUTOMOTIVE_DESIGN' ));
ENDSEC;

DATA;
#1 = LINE ( 'NONE', #3422, #4432 ) ;
#2 = CARTESIAN_POINT ( 'NONE',  ( -0.1249999999999997641, 0.1175000000000000072, 0.2090000000000000191 ) ) ;
#3 = CARTESIAN_POINT ( 'NONE',  ( 0.1249999999999999584, 0.1175000000000000072, 0.3750000000000001665 ) ) ;
#4 = VERTEX_POINT ( 'NONE', #4425 ) ;
#5 = EDGE_CURVE ( 'NONE', #372, #6201, #2065, .T. ) ;
#6 = LINE ( 'NONE', #4751, #1570 ) ;
#7 = VERTEX_POINT ( 'NONE', #2641 ) ;
#8 = DIRECTION ( 'NONE',  ( 0.000000000000000000, -0.000000000000000000, -1.000000000000000000 ) ) ;
#9 = DIRECTION ( 'NONE',  ( -7.062854202149022777E-15, 1.000000000000000000, 0.000000000000000000 ) ) ;
#10 = DIRECTION ( 'NONE',  ( 1.000000000000000000, -7.035477150404849144E-15, -1.521184922305145727E-18 ) ) ;
#11 = ADVANCED_FACE ( 'NONE', ( #4467 ), #6869, .F. ) ;
#12 = DIRECTION ( 'NONE',  ( -7.134924142987280985E-15, 1.000000000000000000, -0.000000000000000000 ) ) ;
#13 = DIRECTION ( 'NONE',  ( 1.000000000000000000, 0.000000000000000000, -0.000000000000000000 ) ) ;
#14 = ORIENTED_EDGE ( 'NONE', *, *, #7290, .F. ) ;
#15 = CARTESIAN_POINT ( 'NONE',  ( 0.1550000000000000266, 0.1069094488188977315, -0.09100000000000003919 ) ) ;
#16 = LENGTH_MEASURE_WITH_UNIT ( LENGTH_MEASURE( 0.02539999999999999897 ), #2981 );
#17 = VERTEX_POINT ( 'NONE', #2975 ) ;
#18 = PLANE ( 'NONE',  #5966 ) ;
#19 = ORIENTED_EDGE ( 'NONE', *, *, #3825, .F. ) ;
#20 = EDGE_CURVE ( 'NONE', #7197, #7032, #2576, .T. ) ;
#21 = VERTEX_POINT ( 'NONE', #2386 ) ;
#22 = ORIENTED_EDGE ( 'NONE', *, *, #177, .T. ) ;
#23 = LINE ( 'NONE', #1661, #6871 ) ;
#24 = VERTEX_POINT ( 'NONE', #4795 ) ;
#25 = LINE ( 'NONE', #6459, #64 ) ;
#26 = DIRECTION ( 'NONE',  ( -0.000000000000000000, 1.000000000000000000, -0.000000000000000000 ) ) ;
#27 = DIRECTION ( 'NONE',  ( 0.000000000000000000, 0.000000000000000000, 1.000000000000000000 ) ) ;
#28 = CARTESIAN_POINT ( 'NONE',  ( -0.1550000000000000266, 0.1069094488188977315, 0.2090000000000000191 ) ) ;
#29 = VERTEX_POINT ( 'NONE', #6788 ) ;
#30 = LINE ( 'NONE', #7211, #1981 ) ;
#31 = PLANE ( 'NONE',  #7117 ) ;
#32 = EDGE_LOOP ( 'NONE', ( #2042, #655, #3217, #5942 ) ) ;
#33 = ORIENTED_EDGE ( 'NONE', *, *, #2513, .T. ) ;
#34 = EDGE_LOOP ( 'NONE', ( #1589, #1883, #878, #4724 ) ) ;
#35 = EDGE_CURVE ( 'NONE', #469, #5010, #7187, .T. ) ;
#36 = EDGE_CURVE ( 'NONE', #7766, #1270, #7379, .T. ) ;
#37 = VECTOR ( 'NONE', #7064, 39.37007874015748143 ) ;
#38 = CARTESIAN_POINT ( 'NONE',  ( 0.1444094488188976677, 0.1175000000000000488, -0.2300000000000000100 ) ) ;
#39 = CARTESIAN_POINT ( 'NONE',  ( 0.1449999999999983802, -1.707404996040164512E-17, 0.008999999999999959421 ) ) ;
#40 = ADVANCED_FACE ( 'NONE', ( #1993 ), #3600, .F. ) ;
#41 = LENGTH_MEASURE_WITH_UNIT ( LENGTH_MEASURE( 0.02539999999999999897 ), #5417 );
#42 = ORIENTED_EDGE ( 'NONE', *, *, #462, .T. ) ;
#43 = VECTOR ( 'NONE', #1566, 39.37007874015748143 ) ;
#44 = ADVANCED_FACE ( 'NONE', ( #1853 ), #3054, .F. ) ;
#45 = CARTESIAN_POINT ( 'NONE',  ( -0.1444094488188976677, 0.1175000000000000488, 0.1300000000000000044 ) ) ;
#46 = ORIENTED_EDGE ( 'NONE', *, *, #6225, .F. ) ;
#47 = CARTESIAN_POINT ( 'NONE',  ( 0.1449999999999983524, 4.274049269606410852E-17, 0.02599999999999993983 ) ) ;
#48 = DIRECTION ( 'NONE',  ( 0.000000000000000000, 0.000000000000000000, 1.000000000000000000 ) ) ;
#49 = VECTOR ( 'NONE', #3230, 39.37007874015748143 ) ;
#50 = DIRECTION ( 'NONE',  ( -0.000000000000000000, -0.000000000000000000, -1.000000000000000000 ) ) ;
#51 = CARTESIAN_POINT ( 'NONE',  ( -0.1449999999999983802, -1.707404996040164512E-17, -0.07000000000000000666 ) ) ;
#52 = ORIENTED_EDGE ( 'NONE', *, *, #1327, .T. ) ;
#53 = ORIENTED_EDGE ( 'NONE', *, *, #7193, .T. ) ;
#54 = PLANE ( 'NONE',  #1952 ) ;
#55 =( CONVERSION_BASED_UNIT ( 'INCH', #7115 ) LENGTH_UNIT ( ) NAMED_UNIT ( #2133 ) );
#56 = ORIENTED_EDGE ( 'NONE', *, *, #3276, .F. ) ;
#57 = ORIENTED_EDGE ( 'NONE', *, *, #3421, .F. ) ;
#58 = CARTESIAN_POINT ( 'NONE',  ( -0.1449999999999983802, -1.707404996040164512E-17, 0.1700000000000000400 ) ) ;
#59 = AXIS2_PLACEMENT_3D ( 'NONE', #1719, #1166, #6431 ) ;
#60 = ORIENTED_EDGE ( 'NONE', *, *, #3265, .F. ) ;
#61 = VERTEX_POINT ( 'NONE', #3784 ) ;
#62 = LINE ( 'NONE', #4644, #6888 ) ;
#63 = AXIS2_PLACEMENT_3D ( 'NONE', #7287, #5523, #110 ) ;
#64 = VECTOR ( 'NONE', #498, 39.37007874015748143 ) ;
#65 = EDGE_LOOP ( 'NONE', ( #697, #1275, #722, #5430 ) ) ;
#66 = PLANE ( 'NONE',  #3344 ) ;
#67 = EDGE_CURVE ( 'NONE', #3644, #800, #5575, .T. ) ;
#68 = VECTOR ( 'NONE', #71, 39.37007874015748143 ) ;
#69 = PLANE ( 'NONE',  #3677 ) ;
#70 = VECTOR ( 'NONE', #1812, 39.37007874015748143 ) ;
#71 = DIRECTION ( 'NONE',  ( 1.000000000000000000, -7.035477150404849144E-15, -1.521184922305145727E-18 ) ) ;
#72 = DIRECTION ( 'NONE',  ( -1.000000000000000000, 7.062854202149022777E-15, 0.000000000000000000 ) ) ;
#73 = ORIENTED_EDGE ( 'NONE', *, *, #3240, .F. ) ;
#74 = ORIENTED_EDGE ( 'NONE', *, *, #1693, .T. ) ;
#75 = FACE_OUTER_BOUND ( 'NONE', #6449, .T. ) ;
#76 = CARTESIAN_POINT ( 'NONE',  ( 0.1549999999999983336, -0.1300000000000000600, -0.2910000000000000364 ) ) ;
#77 = ORIENTED_EDGE ( 'NONE', *, *, #6629, .T. ) ;
#78 = VECTOR ( 'NONE', #5851, 39.37007874015748143 ) ;
#79 = ORIENTED_EDGE ( 'NONE', *, *, #3860, .T. ) ;
#80 = EDGE_CURVE ( 'NONE', #5201, #3253, #6651, .T. ) ;
#81 = CARTESIAN_POINT ( 'NONE',  ( 0.1249999999999997641, 0.1175000000000000072, -0.2700000000000000178 ) ) ;
#82 = VECTOR ( 'NONE', #1892, 39.37007874015748143 ) ;
#83 = VECTOR ( 'NONE', #5420, 39.37007874015748143 ) ;
#84 = DIRECTION ( 'NONE',  ( 1.000000000000000000, 0.000000000000000000, -0.000000000000000000 ) ) ;
#85 = SURFACE_SIDE_STYLE ('',( #5456 ) ) ;
#86 = STYLED_ITEM ( 'NONE', ( #5852 ), #4279 ) ;
#87 = AXIS2_PLACEMENT_3D ( 'NONE', #7659, #7118, #3565 ) ;
#88 = ORIENTED_EDGE ( 'NONE', *, *, #4449, .T. ) ;
#89 = EDGE_CURVE ( 'NONE', #6043, #4165, #2612, .T. ) ;
#90 = DIRECTION ( 'NONE',  ( 1.533174863687841128E-14, 1.000000000000000000, 0.000000000000000000 ) ) ;
#91 = EDGE_CURVE ( 'NONE', #2669, #1072, #6826, .T. ) ;
#92 = VECTOR ( 'NONE', #294, 39.37007874015748143 ) ;
#93 = CARTESIAN_POINT ( 'NONE',  ( -0.1249999999999997641, 0.1075000000000000122, 0.1089999999999999858 ) ) ;
#94 = DIRECTION ( 'NONE',  ( -1.000000000000000000, 0.000000000000000000, 0.000000000000000000 ) ) ;
#95 = PLANE ( 'NONE',  #2077 ) ;
#96 = CARTESIAN_POINT ( 'NONE',  ( 0.1549999999999983336, -0.1300000000000000600, -0.09100000000000003919 ) ) ;
#97 = VECTOR ( 'NONE', #3337, 39.37007874015748143 ) ;
#98 = ORIENTED_EDGE ( 'NONE', *, *, #6790, .T. ) ;
#99 = LINE ( 'NONE', #218, #207 ) ;
#100 = EDGE_CURVE ( 'NONE', #4800, #6698, #275, .T. ) ;
#101 = ORIENTED_EDGE ( 'NONE', *, *, #7235, .T. ) ;
#102 = ORIENTED_EDGE ( 'NONE', *, *, #378, .T. ) ;
#103 = DIRECTION ( 'NONE',  ( -1.533174863687841128E-14, 1.000000000000000000, 0.000000000000000000 ) ) ;
#104 = ORIENTED_EDGE ( 'NONE', *, *, #1457, .T. ) ;
#105 = ORIENTED_EDGE ( 'NONE', *, *, #2609, .F. ) ;
#106 = CARTESIAN_POINT ( 'NONE',  ( -0.1444094488188976677, 0.1075000000000000122, -0.1300000000000000044 ) ) ;
#107 = ORIENTED_EDGE ( 'NONE', *, *, #3649, .F. ) ;
#108 = DIRECTION ( 'NONE',  ( 1.000000000000000000, -7.134924142987280985E-15, 0.000000000000000000 ) ) ;
#109 = VECTOR ( 'NONE', #4164, 39.37007874015748143 ) ;
#111 = VECTOR ( 'NONE', #6468, 39.37007874015748143 ) ;
#110 = DIRECTION ( 'NONE',  ( -1.000000000000000000, 0.000000000000000000, 0.000000000000000000 ) ) ;
#112 = CARTESIAN_POINT ( 'NONE',  ( 0.1444094488188976955, 0.1069094488188977315, -0.2300000000000000100 ) ) ;
#113 = CARTESIAN_POINT ( 'NONE',  ( 0.1444094488188976955, 0.1069094488188977315, -0.2910000000000000364 ) ) ;
#114 = CIRCLE ( 'NONE', #2713, 0.0005905511811023039749 ) ;
#115 = EDGE_LOOP ( 'NONE', ( #6618, #267, #5746, #1822, #635 ) ) ;
#116 = ORIENTED_EDGE ( 'NONE', *, *, #3751, .T. ) ;
#117 = FACE_OUTER_BOUND ( 'NONE', #1689, .T. ) ;
#118 = EDGE_CURVE ( 'NONE', #573, #7402, #5723, .T. ) ;
#119 = CARTESIAN_POINT ( 'NONE',  ( -0.1449999999999983802, -1.707404996040164512E-17, 0.1300000000000000044 ) ) ;
#120 = ORIENTED_EDGE ( 'NONE', *, *, #6560, .T. ) ;
#121 = VECTOR ( 'NONE', #3340, 39.37007874015748143 ) ;
#122 = VERTEX_POINT ( 'NONE', #3979 ) ;
#123 = CARTESIAN_POINT ( 'NONE',  ( 0.1249999999999999584, 0.1075000000000000122, 0.3750000000000001665 ) ) ;
#124 = FACE_OUTER_BOUND ( 'NONE', #4901, .T. ) ;
#125 = CARTESIAN_POINT ( 'NONE',  ( 0.1550000000000000266, 0.1069094488188977315, 0.008999999999999959421 ) ) ;
#126 = DIRECTION ( 'NONE',  ( -3.194114299349669345E-16, -1.000000000000000000, 0.000000000000000000 ) ) ;
#127 = ADVANCED_FACE ( 'NONE', ( #3940 ), #3341, .F. ) ;
#128 = VERTEX_POINT ( 'NONE', #464 ) ;
#129 = CARTESIAN_POINT ( 'NONE',  ( -0.07500000000000002498, 0.2049999999999999045, -0.3450000000000000844 ) ) ;
#130 = CARTESIAN_POINT ( 'NONE',  ( 0.1450000000000000455, 0.1069094488188977315, -0.2090000000000000191 ) ) ;
#131 = DIRECTION ( 'NONE',  ( 0.000000000000000000, 0.000000000000000000, 1.000000000000000000 ) ) ;
#132 = LINE ( 'NONE', #7274, #3057 ) ;
#133 = EDGE_LOOP ( 'NONE', ( #3076, #521, #5591, #2814, #3061, #779, #4445, #6418 ) ) ;
#134 = LINE ( 'NONE', #1303, #440 ) ;
#135 = DIRECTION ( 'NONE',  ( 1.000000000000000000, 0.000000000000000000, 0.000000000000000000 ) ) ;
#136 = ORIENTED_EDGE ( 'NONE', *, *, #1939, .F. ) ;
#137 = ORIENTED_EDGE ( 'NONE', *, *, #5261, .T. ) ;
#138 = EDGE_CURVE ( 'NONE', #5255, #2294, #6353, .T. ) ;
#139 = CARTESIAN_POINT ( 'NONE',  ( 0.1450000000000000455, 0.1069094488188977315, 0.008999999999999959421 ) ) ;
#140 = ORIENTED_EDGE ( 'NONE', *, *, #4914, .F. ) ;
#141 = ORIENTED_EDGE ( 'NONE', *, *, #3825, .T. ) ;
#142 = PLANE ( 'NONE',  #621 ) ;
#143 = ORIENTED_EDGE ( 'NONE', *, *, #4590, .F. ) ;
#144 = DIRECTION ( 'NONE',  ( 3.194114299349669345E-16, -1.000000000000000000, 0.000000000000000000 ) ) ;
#145 = CARTESIAN_POINT ( 'NONE',  ( 0.1449999999999983802, -1.707404996040164512E-17, -0.09100000000000003919 ) ) ;
#146 = LINE ( 'NONE', #2403, #7204 ) ;
#147 = DIRECTION ( 'NONE',  ( 5.045153244757943312E-15, -0.7071067811865504593, -0.7071067811865444641 ) ) ;
#148 = EDGE_CURVE ( 'NONE', #3650, #5568, #895, .T. ) ;
#149 = EDGE_CURVE ( 'NONE', #7100, #6708, #3211, .T. ) ;
#150 = EDGE_LOOP ( 'NONE', ( #5090, #3868, #955, #1940, #766, #3917, #2358, #1617 ) ) ;
#151 = ORIENTED_EDGE ( 'NONE', *, *, #6250, .T. ) ;
#152 = LINE ( 'NONE', #6231, #5009 ) ;
#153 = CARTESIAN_POINT ( 'NONE',  ( 0.1449999999999983524, -0.1299999999999999767, -0.1910000000000000309 ) ) ;
#154 = ORIENTED_EDGE ( 'NONE', *, *, #7128, .F. ) ;
#155 = ORIENTED_EDGE ( 'NONE', *, *, #5839, .T. ) ;
#156 = DIRECTION ( 'NONE',  ( -7.062854202149022777E-15, -1.000000000000000000, 0.000000000000000000 ) ) ;
#157 = CARTESIAN_POINT ( 'NONE',  ( 0.1550000000000000266, 0.1069094488188977315, 0.2090000000000000191 ) ) ;
#158 = PLANE ( 'NONE',  #2534 ) ;
#159 = DIRECTION ( 'NONE',  ( 1.000000000000000000, 1.759354438110327554E-15, 0.000000000000000000 ) ) ;
#160 = UNCERTAINTY_MEASURE_WITH_UNIT (LENGTH_MEASURE( 1.000000000000000082E-05 ), #55, 'distance_accuracy_value', 'NONE');
#161 = CARTESIAN_POINT ( 'NONE',  ( 0.1444094488188976955, 0.1069094488188977315, -0.1700000000000000400 ) ) ;
#162 = ORIENTED_EDGE ( 'NONE', *, *, #7095, .T. ) ;
#163 = VECTOR ( 'NONE', #6724, 39.37007874015748143 ) ;
#164 = DIRECTION ( 'NONE',  ( 3.194114299349669345E-16, -1.000000000000000000, 0.000000000000000000 ) ) ;
#165 = EDGE_CURVE ( 'NONE', #4307, #6575, #4507, .T. ) ;
#166 = CARTESIAN_POINT ( 'NONE',  ( 0.1444094488188976677, 0.1175000000000000488, -0.2910000000000000364 ) ) ;
#167 = CARTESIAN_POINT ( 'NONE',  ( -0.1250000000000000278, 0.1175000000000000072, -0.3750000000000001110 ) ) ;
#168 = CARTESIAN_POINT ( 'NONE',  ( -0.1550000000000000544, -2.761427880799627746E-17, 0.1259999999999999731 ) ) ;
#169 = LINE ( 'NONE', #4476, #1226 ) ;
#170 = CIRCLE ( 'NONE', #6183, 0.01059055118110233465 ) ;
#171 = PLANE ( 'NONE',  #4451 ) ;
#172 = ADVANCED_FACE ( 'NONE', ( #3304 ), #6428, .F. ) ;
#173 = VECTOR ( 'NONE', #2607, 39.37007874015748143 ) ;
#174 = DIRECTION ( 'NONE',  ( 0.000000000000000000, 0.000000000000000000, 1.000000000000000000 ) ) ;
#175 = CLOSED_SHELL ( 'NONE', ( #5779, #3294, #2469, #4828, #6709, #1904, #651, #1875, #3593, #3715, #6472, #322, #5199, #7757, #4281, #40 ) ) ;
#176 = DIRECTION ( 'NONE',  ( 1.000000000000000000, 0.000000000000000000, 0.000000000000000000 ) ) ;
#177 = EDGE_CURVE ( 'NONE', #2388, #245, #6310, .T. ) ;
#178 = EDGE_LOOP ( 'NONE', ( #1802, #2897, #7435, #1736, #2864, #1635, #3525, #2359, #19, #4905 ) ) ;
#179 = DIRECTION ( 'NONE',  ( 1.000000000000000000, 6.829619984160659821E-15, -0.000000000000000000 ) ) ;
#180 = ORIENTED_EDGE ( 'NONE', *, *, #1568, .T. ) ;
#181 = CARTESIAN_POINT ( 'NONE',  ( -0.1550000000000000266, 0.1069094488188977315, -0.009000000000000027076 ) ) ;
#182 = VECTOR ( 'NONE', #742, 39.37007874015748143 ) ;
#183 = EDGE_CURVE ( 'NONE', #443, #4095, #2216, .T. ) ;
#184 = ORIENTED_EDGE ( 'NONE', *, *, #6665, .F. ) ;
#185 = EDGE_CURVE ( 'NONE', #5772, #6659, #350, .T. ) ;
#186 = DIRECTION ( 'NONE',  ( 1.000000000000000000, 0.000000000000000000, 0.000000000000000000 ) ) ;
#187 = ADVANCED_FACE ( 'NONE', ( #2718 ), #2753, .F. ) ;
#188 = DIRECTION ( 'NONE',  ( 0.000000000000000000, 1.000000000000000000, -0.000000000000000000 ) ) ;
#189 = AXIS2_PLACEMENT_3D ( 'NONE', #826, #354, #2683 ) ;
#190 = LINE ( 'NONE', #6153, #7606 ) ;
#191 = VERTEX_POINT ( 'NONE', #4654 ) ;
#192 = ORIENTED_EDGE ( 'NONE', *, *, #4377, .F. ) ;
#193 = ORIENTED_EDGE ( 'NONE', *, *, #7140, .T. ) ;
#194 = CARTESIAN_POINT ( 'NONE',  ( 0.1450000000000000455, 0.1069094488188977315, 0.008999999999999959421 ) ) ;
#195 = ADVANCED_FACE ( 'NONE', ( #7559 ), #3900, .F. ) ;
#196 = CARTESIAN_POINT ( 'NONE',  ( -0.1444094488188976677, 0.1075000000000000122, -0.09100000000000003919 ) ) ;
#197 = ORIENTED_EDGE ( 'NONE', *, *, #4238, .F. ) ;
#198 = AXIS2_PLACEMENT_3D ( 'NONE', #7480, #4387, #1440 ) ;
#199 = VECTOR ( 'NONE', #5138, 39.37007874015748143 ) ;
#200 = PLANE ( 'NONE',  #2665 ) ;
#201 = LINE ( 'NONE', #1332, #413 ) ;
#202 = DIRECTION ( 'NONE',  ( 0.000000000000000000, 0.000000000000000000, 1.000000000000000000 ) ) ;
#203 = VECTOR ( 'NONE', #3393, 39.37007874015748143 ) ;
#204 = DIRECTION ( 'NONE',  ( 0.000000000000000000, -0.000000000000000000, -1.000000000000000000 ) ) ;
#205 = VERTEX_POINT ( 'NONE', #4539 ) ;
#206 = VERTEX_POINT ( 'NONE', #6980 ) ;
#207 = VECTOR ( 'NONE', #7388, 39.37007874015748143 ) ;
#208 = DIRECTION ( 'NONE',  ( -0.000000000000000000, 1.000000000000000000, -0.000000000000000000 ) ) ;
#209 = ORIENTED_EDGE ( 'NONE', *, *, #2027, .F. ) ;
#210 = DIRECTION ( 'NONE',  ( 0.000000000000000000, -0.000000000000000000, -1.000000000000000000 ) ) ;
#211 = CARTESIAN_POINT ( 'NONE',  ( 0.1450000000000000178, 0.1069094488188977315, 0.3089999999999999414 ) ) ;
#212 = VECTOR ( 'NONE', #1385, 39.37007874015748143 ) ;
#213 = VECTOR ( 'NONE', #1269, 39.37007874015748143 ) ;
#214 = CARTESIAN_POINT ( 'NONE',  ( -0.1444094488188976677, 0.1175000000000000488, -0.1700000000000000400 ) ) ;
#215 = DIRECTION ( 'NONE',  ( 1.000000000000000000, 0.000000000000000000, -0.000000000000000000 ) ) ;
#216 = ADVANCED_FACE ( 'NONE', ( #3415 ), #5136, .F. ) ;
#217 = AXIS2_PLACEMENT_3D ( 'NONE', #2969, #2852, #3594 ) ;
#218 = CARTESIAN_POINT ( 'NONE',  ( 0.1549999999999983336, -0.1300000000000000600, -0.1910000000000000309 ) ) ;
#219 =( LENGTH_UNIT ( ) NAMED_UNIT ( * ) SI_UNIT ( $, .METRE. ) );
#220 = LINE ( 'NONE', #2587, #4459 ) ;
#221 = ORIENTED_EDGE ( 'NONE', *, *, #2097, .F. ) ;
#222 = ORIENTED_EDGE ( 'NONE', *, *, #6548, .T. ) ;
#223 = DIRECTION ( 'NONE',  ( 0.000000000000000000, 1.000000000000000000, -0.000000000000000000 ) ) ;
#224 = ADVANCED_FACE ( 'NONE', ( #5837 ), #3867, .T. ) ;
#225 = ORIENTED_EDGE ( 'NONE', *, *, #7463, .T. ) ;
#226 = CARTESIAN_POINT ( 'NONE',  ( -0.1444094488188976955, 0.1069094488188977315, -0.3300000000000000155 ) ) ;
#227 = ORIENTED_EDGE ( 'NONE', *, *, #4832, .F. ) ;
#228 = VERTEX_POINT ( 'NONE', #7015 ) ;
#229 = CARTESIAN_POINT ( 'NONE',  ( 0.1249999999999997641, 0.1075000000000000122, -0.07000000000000000666 ) ) ;
#230 = LINE ( 'NONE', #1430, #472 ) ;
#231 = ORIENTED_EDGE ( 'NONE', *, *, #2645, .T. ) ;
#232 = ORIENTED_EDGE ( 'NONE', *, *, #2687, .F. ) ;
#233 = DIRECTION ( 'NONE',  ( 0.000000000000000000, 0.000000000000000000, 1.000000000000000000 ) ) ;
#234 = PLANE ( 'NONE',  #1548 ) ;
#235 = EDGE_LOOP ( 'NONE', ( #724, #6809, #6606, #2373 ) ) ;
#236 = VECTOR ( 'NONE', #1073, 39.37007874015748143 ) ;
#237 = EDGE_CURVE ( 'NONE', #7146, #2659, #5683, .T. ) ;
#238 = ORIENTED_EDGE ( 'NONE', *, *, #1898, .F. ) ;
#239 = STYLED_ITEM ( 'NONE', ( #3005 ), #1526 ) ;
#240 = LINE ( 'NONE', #889, #4565 ) ;
#241 = CARTESIAN_POINT ( 'NONE',  ( 0.1249999999999999584, 0.1175000000000000072, 0.3750000000000001665 ) ) ;
#242 = LINE ( 'NONE', #861, #1666 ) ;
#243 = LINE ( 'NONE', #6868, #2597 ) ;
#244 = CARTESIAN_POINT ( 'NONE',  ( 0.1249999999999997641, 0.1175000000000000072, -0.1910000000000000309 ) ) ;
#245 = VERTEX_POINT ( 'NONE', #2453 ) ;
#246 = STYLED_ITEM ( 'NONE', ( #7599 ), #1695 ) ;
#247 = DIRECTION ( 'NONE',  ( -0.000000000000000000, -0.000000000000000000, -1.000000000000000000 ) ) ;
#248 = CARTESIAN_POINT ( 'NONE',  ( 0.1550000000000000544, 0.004000000000000009624, -0.03000000000000008910 ) ) ;
#249 = DIRECTION ( 'NONE',  ( 0.000000000000000000, 1.000000000000000000, -0.000000000000000000 ) ) ;
#250 = VECTOR ( 'NONE', #999, 39.37007874015748143 ) ;
#251 = LINE ( 'NONE', #6726, #6122 ) ;
#252 = EDGE_CURVE ( 'NONE', #1498, #4483, #6041, .T. ) ;
#253 = EDGE_CURVE ( 'NONE', #6569, #3036, #1671, .T. ) ;
#254 = DIRECTION ( 'NONE',  ( 0.000000000000000000, 0.000000000000000000, 1.000000000000000000 ) ) ;
#255 = DIRECTION ( 'NONE',  ( -7.134924142987280985E-15, -1.000000000000000000, 0.000000000000000000 ) ) ;
#256 = ORIENTED_EDGE ( 'NONE', *, *, #5493, .T. ) ;
#257 = VERTEX_POINT ( 'NONE', #7170 ) ;
#258 = CARTESIAN_POINT ( 'NONE',  ( 0.1549999999999994993, 0.03595472440944842002, -0.2619547244094487248 ) ) ;
#259 = ORIENTED_EDGE ( 'NONE', *, *, #4272, .T. ) ;
#260 = FACE_OUTER_BOUND ( 'NONE', #4002, .T. ) ;
#261 = VERTEX_POINT ( 'NONE', #2334 ) ;
#262 = CYLINDRICAL_SURFACE ( 'NONE', #4048, 0.0005905511811023211053 ) ;
#263 = EDGE_CURVE ( 'NONE', #1305, #3808, #543, .T. ) ;
#264 = CARTESIAN_POINT ( 'NONE',  ( -0.1444094488188976955, -1.707404996040164512E-17, 0.2090000000000000191 ) ) ;
#265 = DIRECTION ( 'NONE',  ( -0.1305261922200518787, -0.9914448613738103822, 0.000000000000000000 ) ) ;
#266 = ORIENTED_EDGE ( 'NONE', *, *, #1427, .F. ) ;
#267 = ORIENTED_EDGE ( 'NONE', *, *, #6495, .T. ) ;
#268 = DIRECTION ( 'NONE',  ( -1.000000000000000000, -7.035477150404849144E-15, -1.521184922305145727E-18 ) ) ;
#269 = PLANE ( 'NONE',  #7565 ) ;
#270 = EDGE_CURVE ( 'NONE', #6534, #6192, #4484, .T. ) ;
#271 = ORIENTED_EDGE ( 'NONE', *, *, #4238, .T. ) ;
#272 = CARTESIAN_POINT ( 'NONE',  ( 0.1249999999999997641, 0.1075000000000000122, 0.3089999999999999414 ) ) ;
#273 = CARTESIAN_POINT ( 'NONE',  ( -0.1449999999999983524, -0.1299999999999999767, -0.1910000000000000309 ) ) ;
#274 = LINE ( 'NONE', #2640, #7308 ) ;
#275 = LINE ( 'NONE', #308, #4870 ) ;
#276 = EDGE_LOOP ( 'NONE', ( #1053, #5684, #4587, #6559 ) ) ;
#277 = EDGE_CURVE ( 'NONE', #5917, #4307, #1248, .T. ) ;
#278 = ADVANCED_FACE ( 'NONE', ( #4053 ), #31, .F. ) ;
#279 = CARTESIAN_POINT ( 'NONE',  ( -0.1550000000000000544, 0.004000000000000009624, 0.2699999999999999067 ) ) ;
#280 = EDGE_CURVE ( 'NONE', #5351, #6053, #1122, .T. ) ;
#281 = FACE_OUTER_BOUND ( 'NONE', #3156, .T. ) ;
#282 = DIRECTION ( 'NONE',  ( -1.533174863687841128E-14, 1.000000000000000000, 0.000000000000000000 ) ) ;
#283 = DIRECTION ( 'NONE',  ( 0.000000000000000000, -0.000000000000000000, -1.000000000000000000 ) ) ;
#284 = EDGE_CURVE ( 'NONE', #6477, #5665, #5333, .T. ) ;
#285 = CARTESIAN_POINT ( 'NONE',  ( -0.1444094488188976677, 0.1075000000000000122, -0.1910000000000000309 ) ) ;
#286 = PLANE ( 'NONE',  #5593 ) ;
#287 = AXIS2_PLACEMENT_3D ( 'NONE', #7272, #5176, #1604 ) ;
#288 = CARTESIAN_POINT ( 'NONE',  ( -0.1449999999999983524, -0.1299999999999999767, -0.1090000000000000135 ) ) ;
#289 = EDGE_LOOP ( 'NONE', ( #6119, #1103, #1285, #1673 ) ) ;
#290 = CARTESIAN_POINT ( 'NONE',  ( -0.07500000000000002498, 0.2099999999999999090, -0.3450000000000000844 ) ) ;
#291 = ORIENTED_EDGE ( 'NONE', *, *, #2465, .F. ) ;
#292 = CIRCLE ( 'NONE', #4158, 0.0005905511811023039749 ) ;
#293 = DIRECTION ( 'NONE',  ( -1.000000000000000000, 1.759354438110327554E-15, 0.000000000000000000 ) ) ;
#294 = DIRECTION ( 'NONE',  ( 1.533174863687841128E-14, 1.000000000000000000, 0.000000000000000000 ) ) ;
#295 = CARTESIAN_POINT ( 'NONE',  ( -0.1249999999999997641, 0.1175000000000000072, 0.1700000000000000400 ) ) ;
#296 = AXIS2_PLACEMENT_3D ( 'NONE', #1023, #951, #5193 ) ;
#297 = ORIENTED_EDGE ( 'NONE', *, *, #2100, .F. ) ;
#298 = EDGE_LOOP ( 'NONE', ( #447, #2985, #676, #6220, #1819, #6774, #3214, #7189, #5148, #6829 ) ) ;
#299 = DIRECTION ( 'NONE',  ( 0.000000000000000000, 0.000000000000000000, 1.000000000000000000 ) ) ;
#300 = EDGE_CURVE ( 'NONE', #1439, #609, #4740, .T. ) ;
#301 = CARTESIAN_POINT ( 'NONE',  ( 0.1444094488188976677, 0.1175000000000000488, 0.1300000000000000044 ) ) ;
#302 = ORIENTED_EDGE ( 'NONE', *, *, #6631, .T. ) ;
#303 = VECTOR ( 'NONE', #2132, 39.37007874015748143 ) ;
#304 = DIRECTION ( 'NONE',  ( 7.134924142987280985E-15, -1.000000000000000000, 0.000000000000000000 ) ) ;
#305 = LINE ( 'NONE', #6388, #3203 ) ;
#306 = DIRECTION ( 'NONE',  ( 0.000000000000000000, -0.000000000000000000, -1.000000000000000000 ) ) ;
#307 = PRODUCT_DEFINITION_CONTEXT ( 'detailed design', #317, 'design' ) ;
#308 = CARTESIAN_POINT ( 'NONE',  ( 0.1450000000000000455, 0.1069094488188977315, -0.1090000000000000135 ) ) ;
#309 = VECTOR ( 'NONE', #210, 39.37007874015748143 ) ;
#310 = VECTOR ( 'NONE', #618, 39.37007874015748143 ) ;
#311 = VECTOR ( 'NONE', #2399, 39.37007874015748143 ) ;
#312 = ORIENTED_EDGE ( 'NONE', *, *, #1229, .T. ) ;
#313 = EDGE_CURVE ( 'NONE', #2656, #4866, #3457, .T. ) ;
#314 = PLANE ( 'NONE',  #5198 ) ;
#315 = CARTESIAN_POINT ( 'NONE',  ( 0.1249999999999997641, 0.1175000000000000072, -0.03000000000000002318 ) ) ;
#316 = VECTOR ( 'NONE', #436, 39.37007874015748854 ) ;
#317 = APPLICATION_CONTEXT ( 'automotive_design' ) ;
#318 = FACE_OUTER_BOUND ( 'NONE', #558, .T. ) ;
#319 = PRESENTATION_STYLE_ASSIGNMENT (( #3793 ) ) ;
#320 = DIRECTION ( 'NONE',  ( 1.000000000000000000, -7.035477150404849144E-15, -1.521184922305145727E-18 ) ) ;
#321 = ORIENTED_EDGE ( 'NONE', *, *, #6631, .F. ) ;
#322 = ADVANCED_FACE ( 'NONE', ( #7674 ), #7090, .F. ) ;
#323 = VECTOR ( 'NONE', #2651, 39.37007874015748143 ) ;
#324 = EDGE_CURVE ( 'NONE', #6456, #6942, #7137, .T. ) ;
#325 = DIRECTION ( 'NONE',  ( 3.194114299349669345E-16, -1.000000000000000000, 0.000000000000000000 ) ) ;
#326 = DIRECTION ( 'NONE',  ( 0.000000000000000000, 1.000000000000000000, 0.000000000000000000 ) ) ;
#327 = DIRECTION ( 'NONE',  ( 7.062854202149022777E-15, -1.000000000000000000, 0.000000000000000000 ) ) ;
#328 = ORIENTED_EDGE ( 'NONE', *, *, #1292, .T. ) ;
#329 = DIRECTION ( 'NONE',  ( -3.194114299349669345E-16, -1.000000000000000000, 0.000000000000000000 ) ) ;
#330 = MECHANICAL_DESIGN_GEOMETRIC_PRESENTATION_REPRESENTATION (  '', ( #7724 ), #1336 ) ;
#331 = VECTOR ( 'NONE', #6453, 39.37007874015748143 ) ;
#332 = ORIENTED_EDGE ( 'NONE', *, *, #5262, .T. ) ;
#333 = EDGE_CURVE ( 'NONE', #3394, #7398, #5447, .T. ) ;
#334 = LINE ( 'NONE', #2200, #6700 ) ;
#335 = LENGTH_MEASURE_WITH_UNIT ( LENGTH_MEASURE( 0.02539999999999999897 ), #4563 );
#336 = AXIS2_PLACEMENT_3D ( 'NONE', #2467, #4364, #4878 ) ;
#337 = PLANE ( 'NONE',  #1086 ) ;
#338 = ORIENTED_EDGE ( 'NONE', *, *, #2692, .F. ) ;
#339 = VERTEX_POINT ( 'NONE', #76 ) ;
#340 = FACE_OUTER_BOUND ( 'NONE', #4284, .T. ) ;
#341 = ORIENTED_EDGE ( 'NONE', *, *, #6450, .F. ) ;
#342 = CARTESIAN_POINT ( 'NONE',  ( 0.000000000000000000, 0.01499999999999995955, 0.000000000000000000 ) ) ;
#343 = DIMENSIONAL_EXPONENTS ( 1.000000000000000000, 0.000000000000000000, 0.000000000000000000, 0.000000000000000000, 0.000000000000000000, 0.000000000000000000, 0.000000000000000000 ) ;
#344 = EDGE_LOOP ( 'NONE', ( #623, #6458, #2673, #6969 ) ) ;
#345 = VECTOR ( 'NONE', #3029, 39.37007874015748854 ) ;
#346 = DIRECTION ( 'NONE',  ( 1.000000000000000000, -0.000000000000000000, -2.731847993664266177E-16 ) ) ;
#347 = DIRECTION ( 'NONE',  ( 1.533174863687841128E-14, 1.000000000000000000, 0.000000000000000000 ) ) ;
#348 = EDGE_CURVE ( 'NONE', #4336, #4510, #3580, .T. ) ;
#349 = CARTESIAN_POINT ( 'NONE',  ( -0.1250000000000014433, 1.942319323305372256E-15, 0.3259999999999999565 ) ) ;
#350 = LINE ( 'NONE', #929, #6875 ) ;
#351 = EDGE_LOOP ( 'NONE', ( #2754, #6531, #5239, #4801, #4820, #4797, #1249, #4498 ) ) ;
#352 = AXIS2_PLACEMENT_3D ( 'NONE', #3238, #3755, #215 ) ;
#353 = CYLINDRICAL_SURFACE ( 'NONE', #3546, 0.0005905511811023211053 ) ;
#354 = DIRECTION ( 'NONE',  ( 0.000000000000000000, -1.000000000000000000, -0.000000000000000000 ) ) ;
#355 = VECTOR ( 'NONE', #1207, 39.37007874015748143 ) ;
#356 = EDGE_CURVE ( 'NONE', #991, #2240, #5958, .T. ) ;
#357 = LINE ( 'NONE', #2184, #1286 ) ;
#358 = CARTESIAN_POINT ( 'NONE',  ( -0.1444094488188976955, -1.707404996040164512E-17, 0.1910000000000000309 ) ) ;
#359 = DIRECTION ( 'NONE',  ( -0.000000000000000000, -1.000000000000000000, -0.000000000000000000 ) ) ;
#360 = AXIS2_PLACEMENT_3D ( 'NONE', #194, #6156, #4941 ) ;
#361 = LINE ( 'NONE', #5697, #2187 ) ;
#362 = VECTOR ( 'NONE', #4894, 39.37007874015748143 ) ;
#363 = FACE_OUTER_BOUND ( 'NONE', #6049, .T. ) ;
#364 = DIRECTION ( 'NONE',  ( 0.000000000000000000, 0.000000000000000000, 1.000000000000000000 ) ) ;
#365 = ORIENTED_EDGE ( 'NONE', *, *, #3434, .F. ) ;
#366 = CARTESIAN_POINT ( 'NONE',  ( -0.1449999999999983524, -0.1299999999999999767, 0.3089999999999999414 ) ) ;
#367 = ORIENTED_EDGE ( 'NONE', *, *, #2942, .T. ) ;
#368 = ADVANCED_FACE ( 'NONE', ( #5376 ), #2372, .T. ) ;
#369 = LINE ( 'NONE', #3286, #3786 ) ;
#370 = FACE_OUTER_BOUND ( 'NONE', #2456, .T. ) ;
#371 = DIRECTION ( 'NONE',  ( -1.000000000000000000, 0.000000000000000000, 0.000000000000000000 ) ) ;
#372 = VERTEX_POINT ( 'NONE', #6591 ) ;
#373 = EDGE_LOOP ( 'NONE', ( #5781, #6695, #6536, #3768 ) ) ;
#374 = CARTESIAN_POINT ( 'NONE',  ( -0.1249999999999997641, 0.1175000000000000072, -0.07000000000000000666 ) ) ;
#375 = ORIENTED_EDGE ( 'NONE', *, *, #5337, .F. ) ;
#376 = CARTESIAN_POINT ( 'NONE',  ( 0.1444094488188969738, 0.004000000000000131922, 0.3300000000000000155 ) ) ;
#377 = ORIENTED_EDGE ( 'NONE', *, *, #6665, .T. ) ;
#378 = EDGE_CURVE ( 'NONE', #6265, #3763, #3624, .T. ) ;
#379 = CARTESIAN_POINT ( 'NONE',  ( 0.1250000000000013878, 0.004000000000001979403, -0.03000000000000008910 ) ) ;
#380 =( NAMED_UNIT ( * ) PLANE_ANGLE_UNIT ( ) SI_UNIT ( $, .RADIAN. ) );
#381 = DIRECTION ( 'NONE',  ( 0.000000000000000000, 0.000000000000000000, 1.000000000000000000 ) ) ;
#382 = PLANE ( 'NONE',  #7125 ) ;
#383 = CARTESIAN_POINT ( 'NONE',  ( -0.1449999999999979639, -1.707404996040164512E-17, -0.02599999999999993983 ) ) ;
#384 = ORIENTED_EDGE ( 'NONE', *, *, #6215, .F. ) ;
#385 = CARTESIAN_POINT ( 'NONE',  ( 0.1249999999999997641, 0.1075000000000000122, -0.3300000000000000155 ) ) ;
#386 = ORIENTED_EDGE ( 'NONE', *, *, #2761, .T. ) ;
#387 = CARTESIAN_POINT ( 'NONE',  ( 0.1249999999999997641, 0.1075000000000000122, -0.2300000000000000100 ) ) ;
#388 = PLANE ( 'NONE',  #5428 ) ;
#389 = DIRECTION ( 'NONE',  ( -1.000000000000000000, 0.000000000000000000, 0.000000000000000000 ) ) ;
#390 = ORIENTED_EDGE ( 'NONE', *, *, #2191, .T. ) ;
#391 = DIRECTION ( 'NONE',  ( 1.000000000000000000, 0.000000000000000000, 0.000000000000000000 ) ) ;
#392 =( CONVERSION_BASED_UNIT ( 'INCH', #979 ) LENGTH_UNIT ( ) NAMED_UNIT ( #5205 ) );
#393 = CARTESIAN_POINT ( 'NONE',  ( 0.1550000000000000266, 0.1069094488188977315, -0.3300000000000000155 ) ) ;
#394 = LINE ( 'NONE', #2770, #6849 ) ;
#395 = CARTESIAN_POINT ( 'NONE',  ( -0.1549999999999995826, 0.04495472440944931619, 0.1709547244094489216 ) ) ;
#396 = ORIENTED_EDGE ( 'NONE', *, *, #2902, .T. ) ;
#397 = LINE ( 'NONE', #1578, #3842 ) ;
#398 = ORIENTED_EDGE ( 'NONE', *, *, #6661, .F. ) ;
#399 = VERTEX_POINT ( 'NONE', #1837 ) ;
#400 = EDGE_CURVE ( 'NONE', #4510, #4032, #808, .T. ) ;
#401 = CARTESIAN_POINT ( 'NONE',  ( -0.1449999999999999900, 0.1069094488188977315, -0.3300000000000000155 ) ) ;
#402 = AXIS2_PLACEMENT_3D ( 'NONE', #4363, #5541, #3718 ) ;
#403 = EDGE_CURVE ( 'NONE', #5465, #2411, #7259, .T. ) ;
#404 = LINE ( 'NONE', #3400, #4199 ) ;
#405 = VERTEX_POINT ( 'NONE', #851 ) ;
#406 = ORIENTED_EDGE ( 'NONE', *, *, #1800, .F. ) ;
#407 = CARTESIAN_POINT ( 'NONE',  ( 0.1550000000000000266, 0.1069094488188977315, 0.3089999999999999414 ) ) ;
#408 = VERTEX_POINT ( 'NONE', #6118 ) ;
#409 = CARTESIAN_POINT ( 'NONE',  ( -0.1444094488188976677, 0.1075000000000000122, 0.3089999999999999414 ) ) ;
#410 = AXIS2_PLACEMENT_3D ( 'NONE', #4545, #3309, #5729 ) ;
#411 = EDGE_CURVE ( 'NONE', #842, #3446, #3224, .T. ) ;
#412 = ADVANCED_FACE ( 'NONE', ( #2530 ), #234, .T. ) ;
#413 = VECTOR ( 'NONE', #1956, 39.37007874015748143 ) ;
#414 = DIRECTION ( 'NONE',  ( -1.000000000000000000, 6.829619984160659821E-15, 0.000000000000000000 ) ) ;
#415 = SURFACE_STYLE_USAGE ( .BOTH. , #2790 ) ;
#416 = VECTOR ( 'NONE', #4993, 39.37007874015748143 ) ;
#417 = CARTESIAN_POINT ( 'NONE',  ( 0.1250000000000013878, 0.004000000000001979403, 0.1699999999999999567 ) ) ;
#418 = DIRECTION ( 'NONE',  ( -0.000000000000000000, -0.000000000000000000, -1.000000000000000000 ) ) ;
#419 = DIRECTION ( 'NONE',  ( 7.134924142987280985E-15, 1.000000000000000000, 0.000000000000000000 ) ) ;
#420 = VERTEX_POINT ( 'NONE', #1367 ) ;
#421 = LINE ( 'NONE', #6073, #6828 ) ;
#422 = ORIENTED_EDGE ( 'NONE', *, *, #4232, .T. ) ;
#423 = DIRECTION ( 'NONE',  ( 1.000000000000000000, 0.000000000000000000, 7.036998335327214835E-15 ) ) ;
#424 = VECTOR ( 'NONE', #4904, 39.37007874015748143 ) ;
#425 = DIRECTION ( 'NONE',  ( -0.000000000000000000, -1.000000000000000000, -0.000000000000000000 ) ) ;
#426 = VECTOR ( 'NONE', #3308, 39.37007874015748143 ) ;
#427 = VECTOR ( 'NONE', #1870, 39.37007874015748143 ) ;
#428 = LINE ( 'NONE', #5801, #4367 ) ;
#429 = VECTOR ( 'NONE', #6741, 39.37007874015748143 ) ;
#430 = VECTOR ( 'NONE', #524, 39.37007874015748143 ) ;
#431 = CARTESIAN_POINT ( 'NONE',  ( -0.1249999999999997641, 0.1075000000000000122, 0.1700000000000000400 ) ) ;
#432 = CARTESIAN_POINT ( 'NONE',  ( 0.1444094488188976677, 0.1175000000000000488, -0.09100000000000003919 ) ) ;
#433 = CARTESIAN_POINT ( 'NONE',  ( 0.1549999999999992772, -1.707404996040164512E-17, -0.09100000000000003919 ) ) ;
#434 = DIRECTION ( 'NONE',  ( -1.000000000000000000, 1.759354438110327554E-15, 0.000000000000000000 ) ) ;
#435 = DIRECTION ( 'NONE',  ( 6.829619984160659821E-15, 1.000000000000000000, 0.000000000000000000 ) ) ;
#436 = DIRECTION ( 'NONE',  ( -4.994192100871497655E-15, 0.7071067811865504593, 0.7071067811865444641 ) ) ;
#437 = EDGE_CURVE ( 'NONE', #205, #6908, #7294, .T. ) ;
#438 = ORIENTED_EDGE ( 'NONE', *, *, #1418, .T. ) ;
#439 = DIRECTION ( 'NONE',  ( -4.994192100871455057E-15, -0.7071067811865444641, 0.7071067811865504593 ) ) ;
#440 = VECTOR ( 'NONE', #5511, 39.37007874015748143 ) ;
#441 = ORIENTED_EDGE ( 'NONE', *, *, #2402, .T. ) ;
#442 = ORIENTED_EDGE ( 'NONE', *, *, #3505, .F. ) ;
#443 = VERTEX_POINT ( 'NONE', #5529 ) ;
#444 = DIRECTION ( 'NONE',  ( 1.000000000000000000, -7.035477150404849144E-15, -1.521184922305145727E-18 ) ) ;
#445 = SURFACE_STYLE_FILL_AREA ( #7472 ) ;
#446 = CIRCLE ( 'NONE', #1067, 0.01059055118110233465 ) ;
#447 = ORIENTED_EDGE ( 'NONE', *, *, #2097, .T. ) ;
#448 = DIRECTION ( 'NONE',  ( 0.000000000000000000, -1.000000000000000000, -0.000000000000000000 ) ) ;
#449 = EDGE_CURVE ( 'NONE', #2997, #2388, #6707, .T. ) ;
#450 = VECTOR ( 'NONE', #7354, 39.37007874015748143 ) ;
#451 = VERTEX_POINT ( 'NONE', #4304 ) ;
#452 = ORIENTED_EDGE ( 'NONE', *, *, #1125, .T. ) ;
#453 = CARTESIAN_POINT ( 'NONE',  ( 0.1550000000000000544, -1.707404996040164512E-17, 0.02999999999999998848 ) ) ;
#454 = ORIENTED_EDGE ( 'NONE', *, *, #2433, .F. ) ;
#455 = CARTESIAN_POINT ( 'NONE',  ( 0.1550000000000000544, -3.615130378819710002E-17, -0.1260000000000000009 ) ) ;
#456 = MECHANICAL_DESIGN_GEOMETRIC_PRESENTATION_REPRESENTATION (  '', ( #3829 ), #5475 ) ;
#457 = CARTESIAN_POINT ( 'NONE',  ( -0.1550000000000000544, -2.761427880799627746E-17, 0.02599999999999993983 ) ) ;
#458 = CYLINDRICAL_SURFACE ( 'NONE', #4473, 0.0005905511811023211053 ) ;
#459 = DIRECTION ( 'NONE',  ( -4.994192100871497655E-15, 0.7071067811865504593, 0.7071067811865444641 ) ) ;
#460 = CARTESIAN_POINT ( 'NONE',  ( 0.1449999999999983524, -0.1299999999999999767, -0.2090000000000000191 ) ) ;
#461 = PLANE ( 'NONE',  #7262 ) ;
#462 = EDGE_CURVE ( 'NONE', #6942, #7250, #5810, .T. ) ;
#463 = UNCERTAINTY_MEASURE_WITH_UNIT (LENGTH_MEASURE( 1.000000000000000082E-05 ), #4785, 'distance_accuracy_value', 'NONE');
#464 = CARTESIAN_POINT ( 'NONE',  ( -0.07500000000000002498, 0.2099999999999999090, -0.3450000000000000844 ) ) ;
#465 = ORIENTED_EDGE ( 'NONE', *, *, #7290, .T. ) ;
#466 = APPLICATION_CONTEXT ( 'automotive_design' ) ;
#467 = VECTOR ( 'NONE', #6263, 39.37007874015748143 ) ;
#468 = EDGE_LOOP ( 'NONE', ( #3438, #7282, #3494, #4079, #5478, #6277, #5849 ) ) ;
#469 = VERTEX_POINT ( 'NONE', #1950 ) ;
#470 = ORIENTED_EDGE ( 'NONE', *, *, #280, .T. ) ;
#471 = DIRECTION ( 'NONE',  ( -0.1305261922200518787, 0.9914448613738103822, 0.000000000000000000 ) ) ;
#472 = VECTOR ( 'NONE', #2595, 39.37007874015748143 ) ;
#473 = DIRECTION ( 'NONE',  ( -1.000000000000000000, 0.000000000000000000, 0.000000000000000000 ) ) ;
#474 = PLANE ( 'NONE',  #605 ) ;
#475 = AXIS2_PLACEMENT_3D ( 'NONE', #4443, #2084, #5702 ) ;
#476 = VECTOR ( 'NONE', #3195, 39.37007874015748143 ) ;
#477 = PLANE ( 'NONE',  #5962 ) ;
#478 = DIRECTION ( 'NONE',  ( -1.000000000000000000, -6.829619984160659821E-15, 0.000000000000000000 ) ) ;
#479 = EDGE_CURVE ( 'NONE', #4929, #5299, #4345, .T. ) ;
#480 = CARTESIAN_POINT ( 'NONE',  ( -0.1449999999999983802, -1.707404996040164512E-17, 0.1300000000000000044 ) ) ;
#481 = VECTOR ( 'NONE', #3312, 39.37007874015748143 ) ;
#482 = EDGE_CURVE ( 'NONE', #7177, #2202, #6818, .T. ) ;
#483 = CARTESIAN_POINT ( 'NONE',  ( -0.1250000000000000278, 0.1175000000000000072, -0.3750000000000001110 ) ) ;
#484 = CARTESIAN_POINT ( 'NONE',  ( -0.07500000000000002498, 0.2049999999999999045, -0.3250000000000000666 ) ) ;
#485 = EDGE_LOOP ( 'NONE', ( #7268, #3738, #6808, #7260 ) ) ;
#486 = CIRCLE ( 'NONE', #6001, 0.01059055118110233465 ) ;
#487 = CARTESIAN_POINT ( 'NONE',  ( 0.1550000000000000266, 0.1069094488188977315, 0.2090000000000000191 ) ) ;
#488 = ORIENTED_EDGE ( 'NONE', *, *, #2479, .F. ) ;
#489 = CARTESIAN_POINT ( 'NONE',  ( -0.1249999999999997641, 0.1175000000000000072, 0.02999999999999998848 ) ) ;
#490 = DIRECTION ( 'NONE',  ( -3.194114299349669345E-16, -1.000000000000000000, 0.000000000000000000 ) ) ;
#491 = ORIENTED_EDGE ( 'NONE', *, *, #3395, .F. ) ;
#492 = CARTESIAN_POINT ( 'NONE',  ( -0.1249999999999997641, 0.1075000000000000122, 0.3300000000000000155 ) ) ;
#493 = ORIENTED_EDGE ( 'NONE', *, *, #4822, .F. ) ;
#494 = ORIENTED_EDGE ( 'NONE', *, *, #4039, .T. ) ;
#495 = DIRECTION ( 'NONE',  ( 0.000000000000000000, -0.000000000000000000, -1.000000000000000000 ) ) ;
#496 = VECTOR ( 'NONE', #5673, 39.37007874015748143 ) ;
#497 = EDGE_LOOP ( 'NONE', ( #3497, #6819, #3378, #4738 ) ) ;
#498 = DIRECTION ( 'NONE',  ( -0.000000000000000000, -0.000000000000000000, -1.000000000000000000 ) ) ;
#499 = ADVANCED_FACE ( 'NONE', ( #5643 ), #269, .F. ) ;
#500 = CARTESIAN_POINT ( 'NONE',  ( 0.03500000000000000333, 0.1981889763779526581, -0.3628221439731659781 ) ) ;
#501 = CARTESIAN_POINT ( 'NONE',  ( 0.1449999999999996014, 0.04495472440944935089, 0.07095472440944886050 ) ) ;
#502 = CARTESIAN_POINT ( 'NONE',  ( -0.1250000000000000278, 0.1075000000000000122, -0.3750000000000001110 ) ) ;
#503 = PLANE ( 'NONE',  #3725 ) ;
#504 = DIRECTION ( 'NONE',  ( -0.000000000000000000, -0.000000000000000000, -1.000000000000000000 ) ) ;
#505 = ORIENTED_EDGE ( 'NONE', *, *, #4099, .T. ) ;
#506 = LINE ( 'NONE', #6550, #1804 ) ;
#507 = ADVANCED_FACE ( 'NONE', ( #1283 ), #3661, .F. ) ;
#508 = PLANE ( 'NONE',  #3274 ) ;
#509 = DIRECTION ( 'NONE',  ( 1.000000000000000000, 0.000000000000000000, 0.000000000000000000 ) ) ;
#510 = EDGE_CURVE ( 'NONE', #2989, #6529, #6079, .T. ) ;
#511 = ADVANCED_FACE ( 'NONE', ( #5487 ), #700, .F. ) ;
#512 = EDGE_CURVE ( 'NONE', #6021, #3662, #6781, .T. ) ;
#513 = LINE ( 'NONE', #5342, #2312 ) ;
#514 = VERTEX_POINT ( 'NONE', #2568 ) ;
#515 = CARTESIAN_POINT ( 'NONE',  ( -0.1449999999999991573, 0.004000000000000079881, -0.2300000000000000655 ) ) ;
#516 = DIRECTION ( 'NONE',  ( -3.194114299349669345E-16, -1.000000000000000000, 0.000000000000000000 ) ) ;
#517 = CARTESIAN_POINT ( 'NONE',  ( 0.1249999999999997641, 0.1175000000000000072, 0.1089999999999999858 ) ) ;
#518 = LINE ( 'NONE', #2887, #4076 ) ;
#519 = DIRECTION ( 'NONE',  ( 6.829619984160659821E-15, 1.000000000000000000, 0.000000000000000000 ) ) ;
#520 = EDGE_CURVE ( 'NONE', #4418, #876, #4982, .T. ) ;
#521 = ORIENTED_EDGE ( 'NONE', *, *, #3956, .F. ) ;
#522 = PLANE ( 'NONE',  #1317 ) ;
#523 = ORIENTED_EDGE ( 'NONE', *, *, #5155, .T. ) ;
#524 = DIRECTION ( 'NONE',  ( -1.000000000000000000, 1.759354438110327554E-15, 0.000000000000000000 ) ) ;
#525 = CARTESIAN_POINT ( 'NONE',  ( -0.1550000000000000266, 0.1069094488188977315, -0.3300000000000000155 ) ) ;
#526 = ORIENTED_EDGE ( 'NONE', *, *, #5375, .T. ) ;
#527 = LINE ( 'NONE', #4124, #1202 ) ;
#528 = EDGE_LOOP ( 'NONE', ( #1212, #592, #6675, #918 ) ) ;
#529 = EDGE_LOOP ( 'NONE', ( #7536, #52, #5809, #2800 ) ) ;
#530 = LINE ( 'NONE', #3487, #1490 ) ;
#531 = ORIENTED_EDGE ( 'NONE', *, *, #2199, .F. ) ;
#532 = CARTESIAN_POINT ( 'NONE',  ( -0.1449999999999983524, -0.1299999999999999767, 0.09099999999999999756 ) ) ;
#533 = AXIS2_PLACEMENT_3D ( 'NONE', #2507, #5461, #1965 ) ;
#534 = CARTESIAN_POINT ( 'NONE',  ( -0.1549999999999983336, -0.1300000000000000600, 0.008999999999999959421 ) ) ;
#535 =( NAMED_UNIT ( * ) SI_UNIT ( $, .STERADIAN. ) SOLID_ANGLE_UNIT ( ) );
#536 = ADVANCED_FACE ( 'NONE', ( #1399 ), #3188, .F. ) ;
#537 = DIRECTION ( 'NONE',  ( -1.000000000000000000, 0.000000000000000000, 7.036998335327214835E-15 ) ) ;
#538 = VECTOR ( 'NONE', #3193, 39.37007874015748143 ) ;
#539 = LINE ( 'NONE', #502, #3966 ) ;
#540 = ORIENTED_EDGE ( 'NONE', *, *, #6232, .F. ) ;
#541 = DIRECTION ( 'NONE',  ( 1.000000000000000000, -7.134924142987280985E-15, 0.000000000000000000 ) ) ;
#542 = EDGE_CURVE ( 'NONE', #7391, #2294, #1626, .T. ) ;
#543 = LINE ( 'NONE', #4174, #855 ) ;
#544 = ORIENTED_EDGE ( 'NONE', *, *, #4629, .F. ) ;
#545 = AXIS2_PLACEMENT_3D ( 'NONE', #5022, #3826, #6785 ) ;
#546 = CARTESIAN_POINT ( 'NONE',  ( 0.1444094488188976677, 0.1175000000000000488, -0.2700000000000000178 ) ) ;
#547 = DIRECTION ( 'NONE',  ( 0.000000000000000000, 0.000000000000000000, 1.000000000000000000 ) ) ;
#548 = DIRECTION ( 'NONE',  ( 4.973757961760255702E-15, 0.7071067811865445751, -0.7071067811865505703 ) ) ;
#549 = ADVANCED_FACE ( 'NONE', ( #5785 ), #1510, .T. ) ;
#550 = AXIS2_PLACEMENT_3D ( 'NONE', #7044, #3936, #2171 ) ;
#551 = CARTESIAN_POINT ( 'NONE',  ( -0.1550000000000000266, 0.1069094488188977315, -0.07000000000000000666 ) ) ;
#552 = ORIENTED_EDGE ( 'NONE', *, *, #2162, .T. ) ;
#553 = VECTOR ( 'NONE', #6046, 39.37007874015748854 ) ;
#554 = PLANE ( 'NONE',  #7311 ) ;
#555 = FACE_OUTER_BOUND ( 'NONE', #6217, .T. ) ;
#556 = CARTESIAN_POINT ( 'NONE',  ( 0.1449999999999983524, -0.1299999999999999767, 0.2090000000000000191 ) ) ;
#557 = CARTESIAN_POINT ( 'NONE',  ( 0.1549999999999995826, 0.04495472440944931619, -0.2290452755905511284 ) ) ;
#558 = EDGE_LOOP ( 'NONE', ( #4064, #552, #7496, #940, #4770, #7244, #4681, #837, #4778, #7658 ) ) ;
#559 = CARTESIAN_POINT ( 'NONE',  ( -0.1449999999999992684, -1.707404996040164512E-17, 0.2909999999999999809 ) ) ;
#560 = EDGE_CURVE ( 'NONE', #7194, #2411, #2747, .T. ) ;
#561 = VECTOR ( 'NONE', #6936, 39.37007874015748143 ) ;
#562 = VECTOR ( 'NONE', #6812, 39.37007874015748143 ) ;
#563 = ORIENTED_EDGE ( 'NONE', *, *, #7082, .F. ) ;
#564 = DIRECTION ( 'NONE',  ( 1.000000000000000000, 0.000000000000000000, 0.000000000000000000 ) ) ;
#565 = FACE_OUTER_BOUND ( 'NONE', #6856, .T. ) ;
#566 = ORIENTED_EDGE ( 'NONE', *, *, #3758, .F. ) ;
#567 = ORIENTED_EDGE ( 'NONE', *, *, #149, .T. ) ;
#568 = CARTESIAN_POINT ( 'NONE',  ( 0.1250000000000014433, 1.933782298325171402E-15, 0.2740000000000000213 ) ) ;
#569 = AXIS2_PLACEMENT_3D ( 'NONE', #15, #2238, #2389 ) ;
#570 = ORIENTED_EDGE ( 'NONE', *, *, #7486, .T. ) ;
#571 = ORIENTED_EDGE ( 'NONE', *, *, #2124, .F. ) ;
#572 = CARTESIAN_POINT ( 'NONE',  ( -0.1249999999999997641, 0.1175000000000000072, -0.1300000000000000044 ) ) ;
#573 = VERTEX_POINT ( 'NONE', #2784 ) ;
#574 = FACE_OUTER_BOUND ( 'NONE', #5188, .T. ) ;
#575 = VECTOR ( 'NONE', #5264, 39.37007874015748143 ) ;
#576 = CARTESIAN_POINT ( 'NONE',  ( -0.1128221439731656450, 0.2099999999999999090, 0.3628221439731661446 ) ) ;
#577 = CARTESIAN_POINT ( 'NONE',  ( -0.1449999999999999900, 0.1069094488188977315, 0.2699999999999999623 ) ) ;
#578 = FACE_OUTER_BOUND ( 'NONE', #3210, .T. ) ;
#579 = CARTESIAN_POINT ( 'NONE',  ( -0.1444094488188976955, 0.1069094488188977315, -0.1090000000000000135 ) ) ;
#580 = ORIENTED_EDGE ( 'NONE', *, *, #6710, .F. ) ;
#581 = DIRECTION ( 'NONE',  ( 1.000000000000000000, 0.000000000000000000, 0.000000000000000000 ) ) ;
#582 = CARTESIAN_POINT ( 'NONE',  ( 0.1450000000000000178, 0.1069094488188977315, 0.008999999999999959421 ) ) ;
#583 = ORIENTED_EDGE ( 'NONE', *, *, #7499, .T. ) ;
#584 = ORIENTED_EDGE ( 'NONE', *, *, #760, .F. ) ;
#585 = VECTOR ( 'NONE', #2732, 39.37007874015748143 ) ;
#586 = AXIS2_PLACEMENT_3D ( 'NONE', #7535, #5182, #5078 ) ;
#587 = EDGE_CURVE ( 'NONE', #6179, #997, #7438, .T. ) ;
#588 = DIRECTION ( 'NONE',  ( 0.1294283079955639570, -0.9831056027603600755, -0.1294283079955639848 ) ) ;
#589 = CARTESIAN_POINT ( 'NONE',  ( 0.1549999999999992772, -1.707404996040164512E-17, 0.1089999999999999858 ) ) ;
#590 = VECTOR ( 'NONE', #5506, 39.37007874015748143 ) ;
#591 =( NAMED_UNIT ( * ) PLANE_ANGLE_UNIT ( ) SI_UNIT ( $, .RADIAN. ) );
#592 = ORIENTED_EDGE ( 'NONE', *, *, #2697, .T. ) ;
#593 = VECTOR ( 'NONE', #5443, 39.37007874015748143 ) ;
#594 = CARTESIAN_POINT ( 'NONE',  ( -0.1249999999999997641, 0.1075000000000000122, 0.3750000000000002220 ) ) ;
#595 = ORIENTED_EDGE ( 'NONE', *, *, #4843, .F. ) ;
#596 = EDGE_CURVE ( 'NONE', #3682, #3498, #6267, .T. ) ;
#597 =( CONVERSION_BASED_UNIT ( 'INCH', #2884 ) LENGTH_UNIT ( ) NAMED_UNIT ( #5103 ) );
#598 = CARTESIAN_POINT ( 'NONE',  ( 0.1449999999999992684, -1.707404996040164512E-17, 0.2909999999999999809 ) ) ;
#599 = DIRECTION ( 'NONE',  ( 1.000000000000000000, 7.062854202149022777E-15, -0.000000000000000000 ) ) ;
#600 = DIRECTION ( 'NONE',  ( 1.000000000000000000, 0.000000000000000000, 0.000000000000000000 ) ) ;
#601 = DIRECTION ( 'NONE',  ( -0.000000000000000000, -0.000000000000000000, -1.000000000000000000 ) ) ;
#602 = DIRECTION ( 'NONE',  ( 0.000000000000000000, 0.000000000000000000, 1.000000000000000000 ) ) ;
#603 = EDGE_LOOP ( 'NONE', ( #6971, #1740, #4880, #1916 ) ) ;
#604 = LINE ( 'NONE', #5233, #1438 ) ;
#605 = AXIS2_PLACEMENT_3D ( 'NONE', #7020, #6397, #4659 ) ;
#606 = VERTEX_POINT ( 'NONE', #3931 ) ;
#607 = ORIENTED_EDGE ( 'NONE', *, *, #2755, .T. ) ;
#608 = DIRECTION ( 'NONE',  ( 0.000000000000000000, -0.000000000000000000, -1.000000000000000000 ) ) ;
#609 = VERTEX_POINT ( 'NONE', #6900 ) ;
#610 = ORIENTED_EDGE ( 'NONE', *, *, #1550, .F. ) ;
#611 = ORIENTED_EDGE ( 'NONE', *, *, #1223, .F. ) ;
#612 = DIRECTION ( 'NONE',  ( -1.000000000000000000, -7.035477150404849144E-15, -1.521184922305145727E-18 ) ) ;
#613 = EDGE_CURVE ( 'NONE', #4250, #1662, #5204, .T. ) ;
#614 = ORIENTED_EDGE ( 'NONE', *, *, #756, .F. ) ;
#615 = FACE_OUTER_BOUND ( 'NONE', #528, .T. ) ;
#616 = AXIS2_PLACEMENT_3D ( 'NONE', #3773, #2016, #3187 ) ;
#617 = ADVANCED_FACE ( 'NONE', ( #7010 ), #7593, .F. ) ;
#618 = DIRECTION ( 'NONE',  ( 0.000000000000000000, 1.000000000000000000, 0.000000000000000000 ) ) ;
#619 = DIRECTION ( 'NONE',  ( -1.000000000000000000, 0.000000000000000000, 0.000000000000000000 ) ) ;
#620 = LENGTH_MEASURE_WITH_UNIT ( LENGTH_MEASURE( 0.02539999999999999897 ), #1750 );
#621 = AXIS2_PLACEMENT_3D ( 'NONE', #6696, #2007, #3104 ) ;
#622 = LINE ( 'NONE', #2910, #2845 ) ;
#623 = ORIENTED_EDGE ( 'NONE', *, *, #4176, .F. ) ;
#624 = DIRECTION ( 'NONE',  ( -1.000000000000000000, 7.062854202149022777E-15, 0.000000000000000000 ) ) ;
#625 = ADVANCED_FACE ( 'NONE', ( #4499 ), #3891, .T. ) ;
#626 = CARTESIAN_POINT ( 'NONE',  ( -0.1449999999999995182, 0.03595472440944844084, 0.1380452755905513251 ) ) ;
#627 = ORIENTED_EDGE ( 'NONE', *, *, #721, .F. ) ;
#628 = VERTEX_POINT ( 'NONE', #455 ) ;
#629 = ORIENTED_EDGE ( 'NONE', *, *, #6141, .T. ) ;
#630 = FACE_OUTER_BOUND ( 'NONE', #7278, .T. ) ;
#631 = CARTESIAN_POINT ( 'NONE',  ( -0.1249999999999997641, 0.1175000000000000072, -0.09100000000000003919 ) ) ;
#632 = FILL_AREA_STYLE_COLOUR ( '', #3590 ) ;
#633 = ORIENTED_EDGE ( 'NONE', *, *, #1377, .T. ) ;
#634 = CARTESIAN_POINT ( 'NONE',  ( 0.1550000000000000544, 0.004000000000000018298, 0.3299999999999999600 ) ) ;
#635 = ORIENTED_EDGE ( 'NONE', *, *, #5285, .T. ) ;
#636 = CARTESIAN_POINT ( 'NONE',  ( 0.1444094488188976955, 0.1069094488188977315, -0.2300000000000000100 ) ) ;
#637 = CYLINDRICAL_SURFACE ( 'NONE', #336, 0.01999999999999999001 ) ;
#638 = CARTESIAN_POINT ( 'NONE',  ( -0.1550000000000000544, -1.707404996040164512E-17, -0.07000000000000000666 ) ) ;
#639 = DIRECTION ( 'NONE',  ( 1.000000000000000000, 0.000000000000000000, -0.000000000000000000 ) ) ;
#640 = VERTEX_POINT ( 'NONE', #1033 ) ;
#641 = FACE_OUTER_BOUND ( 'NONE', #821, .T. ) ;
#642 = EDGE_LOOP ( 'NONE', ( #3321, #2332, #101, #1861 ) ) ;
#643 = LINE ( 'NONE', #1658, #331 ) ;
#644 = VERTEX_POINT ( 'NONE', #301 ) ;
#645 = ORIENTED_EDGE ( 'NONE', *, *, #5309, .T. ) ;
#646 = LINE ( 'NONE', #3023, #4867 ) ;
#647 = EDGE_CURVE ( 'NONE', #2827, #5221, #5827, .T. ) ;
#648 = VERTEX_POINT ( 'NONE', #2711 ) ;
#649 = CARTESIAN_POINT ( 'NONE',  ( 0.1128221439731658254, 0.2099999999999999090, -0.3628221439731660336 ) ) ;
#650 = EDGE_LOOP ( 'NONE', ( #328, #6643, #6060, #5049, #4083, #4540, #7440, #3204 ) ) ;
#651 = ADVANCED_FACE ( 'NONE', ( #6972 ), #3255, .F. ) ;
#652 = FACE_OUTER_BOUND ( 'NONE', #4293, .T. ) ;
#653 = FACE_OUTER_BOUND ( 'NONE', #6638, .T. ) ;
#654 = DIRECTION ( 'NONE',  ( 7.062854202149022777E-15, 1.000000000000000000, 0.000000000000000000 ) ) ;
#655 = ORIENTED_EDGE ( 'NONE', *, *, #4303, .F. ) ;
#656 = DIRECTION ( 'NONE',  ( 1.000000000000000000, 0.000000000000000000, 0.000000000000000000 ) ) ;
#657 = DIRECTION ( 'NONE',  ( 1.000000000000000000, 0.000000000000000000, 0.000000000000000000 ) ) ;
#658 = ORIENTED_EDGE ( 'NONE', *, *, #4588, .F. ) ;
#659 = EDGE_CURVE ( 'NONE', #1535, #3741, #3296, .T. ) ;
#660 = EDGE_CURVE ( 'NONE', #2127, #7507, #5715, .T. ) ;
#661 = ORIENTED_EDGE ( 'NONE', *, *, #4811, .T. ) ;
#662 = EDGE_LOOP ( 'NONE', ( #1954, #6789, #3766, #1725, #1519, #2157, #5118, #5866 ) ) ;
#663 = VECTOR ( 'NONE', #5032, 39.37007874015748143 ) ;
#664 = FACE_OUTER_BOUND ( 'NONE', #6910, .T. ) ;
#665 = LINE ( 'NONE', #6088, #2895 ) ;
#666 = DIRECTION ( 'NONE',  ( 1.000000000000000000, 0.000000000000000000, 7.036998335327214835E-15 ) ) ;
#667 = EDGE_CURVE ( 'NONE', #4165, #7194, #6932, .T. ) ;
#668 = AXIS2_PLACEMENT_3D ( 'NONE', #1521, #7566, #3985 ) ;
#669 = CYLINDRICAL_SURFACE ( 'NONE', #3302, 0.01059055118110229995 ) ;
#670 = VERTEX_POINT ( 'NONE', #6345 ) ;
#671 = DIRECTION ( 'NONE',  ( -1.000000000000000000, 0.000000000000000000, 0.000000000000000000 ) ) ;
#672 = FACE_OUTER_BOUND ( 'NONE', #3813, .T. ) ;
#673 = VECTOR ( 'NONE', #2909, 39.37007874015748143 ) ;
#674 = CARTESIAN_POINT ( 'NONE',  ( 0.1449999999999983802, -1.707404996040164512E-17, 0.1740000000000000435 ) ) ;
#675 = DIRECTION ( 'NONE',  ( 1.533174863687841128E-14, 1.000000000000000000, 0.000000000000000000 ) ) ;
#676 = ORIENTED_EDGE ( 'NONE', *, *, #3099, .T. ) ;
#677 = CARTESIAN_POINT ( 'NONE',  ( -0.1449999999999983524, -0.1299999999999999767, -0.09100000000000003919 ) ) ;
#678 = VECTOR ( 'NONE', #5162, 39.37007874015748143 ) ;
#679 = ORIENTED_EDGE ( 'NONE', *, *, #6462, .F. ) ;
#680 = CARTESIAN_POINT ( 'NONE',  ( -0.1249999999999997641, 0.1075000000000000122, 0.3750000000000002220 ) ) ;
#681 = PLANE ( 'NONE',  #4592 ) ;
#682 = ORIENTED_EDGE ( 'NONE', *, *, #6557, .T. ) ;
#683 = ORIENTED_EDGE ( 'NONE', *, *, #2513, .F. ) ;
#684 = EDGE_CURVE ( 'NONE', #6192, #726, #958, .T. ) ;
#685 = DIRECTION ( 'NONE',  ( 7.134924142987280985E-15, 1.000000000000000000, 0.000000000000000000 ) ) ;
#686 = ORIENTED_EDGE ( 'NONE', *, *, #437, .T. ) ;
#687 = DIRECTION ( 'NONE',  ( -1.000000000000000000, -7.033955965482544985E-15, 0.000000000000000000 ) ) ;
#688 = CIRCLE ( 'NONE', #1677, 0.01059055118110233465 ) ;
#689 = VERTEX_POINT ( 'NONE', #1590 ) ;
#690 = DIRECTION ( 'NONE',  ( 1.000000000000000000, 0.000000000000000000, -0.000000000000000000 ) ) ;
#691 = VERTEX_POINT ( 'NONE', #3971 ) ;
#692 = DIRECTION ( 'NONE',  ( 0.000000000000000000, -0.000000000000000000, -1.000000000000000000 ) ) ;
#693 = AXIS2_PLACEMENT_3D ( 'NONE', #3219, #1018, #5638 ) ;
#694 = EDGE_CURVE ( 'NONE', #4646, #949, #2300, .T. ) ;
#695 = CARTESIAN_POINT ( 'NONE',  ( -0.1250000000000013878, 0.004000000000001979403, -0.3300000000000001266 ) ) ;
#696 = SURFACE_STYLE_USAGE ( .BOTH. , #4258 ) ;
#697 = ORIENTED_EDGE ( 'NONE', *, *, #5472, .F. ) ;
#698 = VERTEX_POINT ( 'NONE', #4212 ) ;
#699 = DIRECTION ( 'NONE',  ( 1.000000000000000000, 0.000000000000000000, -0.000000000000000000 ) ) ;
#700 = PLANE ( 'NONE',  #2785 ) ;
#701 = EDGE_LOOP ( 'NONE', ( #3458, #1246, #2278, #3693 ) ) ;
#702 = VECTOR ( 'NONE', #4788, 39.37007874015748143 ) ;
#703 = ORIENTED_EDGE ( 'NONE', *, *, #4920, .T. ) ;
#704 = DIRECTION ( 'NONE',  ( -1.000000000000000000, 0.000000000000000000, 0.000000000000000000 ) ) ;
#705 = CARTESIAN_POINT ( 'NONE',  ( 0.1444094488188976955, 0.1069094488188977315, -0.1700000000000000400 ) ) ;
#706 = CARTESIAN_POINT ( 'NONE',  ( 0.1549999999999983336, -0.1300000000000000600, -0.2090000000000000191 ) ) ;
#707 =( GEOMETRIC_REPRESENTATION_CONTEXT ( 3 ) GLOBAL_UNCERTAINTY_ASSIGNED_CONTEXT ( ( #4695 ) ) GLOBAL_UNIT_ASSIGNED_CONTEXT ( ( #3952, #1458, #2765 ) ) REPRESENTATION_CONTEXT ( 'NONE', 'WORKASPACE' ) );
#708 = VECTOR ( 'NONE', #3727, 39.37007874015748143 ) ;
#709 = VERTEX_POINT ( 'NONE', #532 ) ;
#710 = EDGE_CURVE ( 'NONE', #2659, #2473, #1938, .T. ) ;
#711 = LINE ( 'NONE', #6016, #83 ) ;
#712 = AXIS2_PLACEMENT_3D ( 'NONE', #5975, #599, #9 ) ;
#713 = CARTESIAN_POINT ( 'NONE',  ( 0.1444094488188976677, 0.1075000000000000122, 0.02999999999999998848 ) ) ;
#714 = LINE ( 'NONE', #3162, #6176 ) ;
#715 = CARTESIAN_POINT ( 'NONE',  ( -0.1550000000000000266, 0.1069094488188977315, -0.2910000000000000364 ) ) ;
#716 = LINE ( 'NONE', #3013, #82 ) ;
#717 = COLOUR_RGB ( '',0.7921568627450980005, 0.8196078431372548767, 0.9333333333333333481 ) ;
#718 = ORIENTED_EDGE ( 'NONE', *, *, #5569, .T. ) ;
#719 = DIRECTION ( 'NONE',  ( 0.000000000000000000, 0.000000000000000000, 1.000000000000000000 ) ) ;
#720 = ADVANCED_FACE ( 'NONE', ( #3489 ), #3449, .T. ) ;
#721 = EDGE_CURVE ( 'NONE', #6815, #3277, #6329, .T. ) ;
#722 = ORIENTED_EDGE ( 'NONE', *, *, #1244, .T. ) ;
#723 = CARTESIAN_POINT ( 'NONE',  ( -0.1549999999999992772, -1.707404996040164512E-17, -0.1910000000000000309 ) ) ;
#724 = ORIENTED_EDGE ( 'NONE', *, *, #1901, .F. ) ;
#725 = CARTESIAN_POINT ( 'NONE',  ( -0.1444094488188976955, 0.1069094488188977315, -0.2700000000000000178 ) ) ;
#726 = VERTEX_POINT ( 'NONE', #4129 ) ;
#727 = DIRECTION ( 'NONE',  ( -0.000000000000000000, -0.000000000000000000, -1.000000000000000000 ) ) ;
#728 = VECTOR ( 'NONE', #1491, 39.37007874015748143 ) ;
#729 = LINE ( 'NONE', #2487, #931 ) ;
#730 = DIRECTION ( 'NONE',  ( 4.994192100871455057E-15, -0.7071067811865444641, 0.7071067811865504593 ) ) ;
#731 =( CONVERSION_BASED_UNIT ( 'INCH', #7326 ) LENGTH_UNIT ( ) NAMED_UNIT ( #1034 ) );
#732 = AXIS2_PLACEMENT_3D ( 'NONE', #2024, #3260, #4390 ) ;
#733 = ORIENTED_EDGE ( 'NONE', *, *, #3823, .F. ) ;
#734 = ORIENTED_EDGE ( 'NONE', *, *, #5030, .F. ) ;
#735 = PLANE ( 'NONE',  #616 ) ;
#736 = DIRECTION ( 'NONE',  ( 0.000000000000000000, 1.000000000000000000, 0.000000000000000000 ) ) ;
#737 = ORIENTED_EDGE ( 'NONE', *, *, #2036, .T. ) ;
#738 = ADVANCED_FACE ( 'NONE', ( #615 ), #5996, .F. ) ;
#739 = AXIS2_PLACEMENT_3D ( 'NONE', #1949, #5051, #7400 ) ;
#740 = VERTEX_POINT ( 'NONE', #2363 ) ;
#741 = DIRECTION ( 'NONE',  ( 0.000000000000000000, 0.000000000000000000, 1.000000000000000000 ) ) ;
#742 = DIRECTION ( 'NONE',  ( -7.134924142987280985E-15, 1.000000000000000000, -0.000000000000000000 ) ) ;
#743 = CARTESIAN_POINT ( 'NONE',  ( -0.1449999999999983802, -1.707404996040164512E-17, -0.2700000000000000178 ) ) ;
#744 = CARTESIAN_POINT ( 'NONE',  ( 0.1250000000000014433, 1.942319323305372256E-15, -0.1740000000000000435 ) ) ;
#745 = CARTESIAN_POINT ( 'NONE',  ( -0.1449999999999983802, -1.707404996040164512E-17, 0.02999999999999998848 ) ) ;
#746 = ORIENTED_EDGE ( 'NONE', *, *, #5344, .F. ) ;
#747 = ADVANCED_FACE ( 'NONE', ( #1704 ), #6537, .F. ) ;
#748 = FACE_OUTER_BOUND ( 'NONE', #6931, .T. ) ;
#749 = EDGE_CURVE ( 'NONE', #6908, #245, #6621, .T. ) ;
#750 = VERTEX_POINT ( 'NONE', #5243 ) ;
#751 = DIRECTION ( 'NONE',  ( 0.000000000000000000, 0.000000000000000000, 1.000000000000000000 ) ) ;
#752 = EDGE_CURVE ( 'NONE', #2515, #609, #7633, .T. ) ;
#753 = DIRECTION ( 'NONE',  ( -3.194114299349669345E-16, -1.000000000000000000, 0.000000000000000000 ) ) ;
#754 = PLANE ( 'NONE',  #1342 ) ;
#755 = LINE ( 'NONE', #3129, #3721 ) ;
#756 = EDGE_CURVE ( 'NONE', #7549, #1208, #25, .T. ) ;
#757 = ADVANCED_FACE ( 'NONE', ( #574 ), #4647, .F. ) ;
#758 = DIRECTION ( 'NONE',  ( -1.000000000000000000, 0.000000000000000000, 0.000000000000000000 ) ) ;
#759 =( NAMED_UNIT ( * ) PLANE_ANGLE_UNIT ( ) SI_UNIT ( $, .RADIAN. ) );
#760 = EDGE_CURVE ( 'NONE', #1140, #6942, #4684, .T. ) ;
#761 = CARTESIAN_POINT ( 'NONE',  ( -0.07500000000000002498, 0.2099999999999999090, -0.3050000000000001044 ) ) ;
#762 = ORIENTED_EDGE ( 'NONE', *, *, #6389, .T. ) ;
#763 = CARTESIAN_POINT ( 'NONE',  ( -0.1549999999999983336, -0.1300000000000000600, 0.3089999999999999414 ) ) ;
#764 = ORIENTED_EDGE ( 'NONE', *, *, #3184, .F. ) ;
#765 = DIRECTION ( 'NONE',  ( 0.000000000000000000, -0.000000000000000000, 1.000000000000000000 ) ) ;
#766 = ORIENTED_EDGE ( 'NONE', *, *, #5658, .F. ) ;
#767 = DIRECTION ( 'NONE',  ( 0.000000000000000000, -0.000000000000000000, -1.000000000000000000 ) ) ;
#768 = PLANE ( 'NONE',  #5546 ) ;
#769 = ORIENTED_EDGE ( 'NONE', *, *, #1217, .T. ) ;
#770 = VERTEX_POINT ( 'NONE', #5402 ) ;
#771 = CARTESIAN_POINT ( 'NONE',  ( 0.1550000000000000266, 0.1069094488188977315, 0.2699999999999999623 ) ) ;
#772 = CARTESIAN_POINT ( 'NONE',  ( -0.1249999999999997641, 0.1175000000000000072, -0.2910000000000000364 ) ) ;
#773 = ORIENTED_EDGE ( 'NONE', *, *, #6141, .F. ) ;
#774 = ORIENTED_EDGE ( 'NONE', *, *, #3636, .F. ) ;
#775 = CARTESIAN_POINT ( 'NONE',  ( 0.1449999999999996014, 0.04495472440944935089, -0.02904527559055113464 ) ) ;
#776 = LINE ( 'NONE', #157, #173 ) ;
#777 = EDGE_CURVE ( 'NONE', #6533, #3006, #1663, .T. ) ;
#778 = CARTESIAN_POINT ( 'NONE',  ( -0.1550000000000000266, 0.1069094488188977315, -0.03000000000000002318 ) ) ;
#779 = ORIENTED_EDGE ( 'NONE', *, *, #832, .F. ) ;
#780 = CARTESIAN_POINT ( 'NONE',  ( 0.1249999999999997641, 0.1075000000000000122, 0.1089999999999999858 ) ) ;
#781 = EDGE_LOOP ( 'NONE', ( #180, #3097, #2315, #4556 ) ) ;
#782 = CARTESIAN_POINT ( 'NONE',  ( -0.1550000000000000266, 0.1069094488188977315, -0.07000000000000000666 ) ) ;
#783 = EDGE_CURVE ( 'NONE', #1581, #6528, #2870, .T. ) ;
#784 = CARTESIAN_POINT ( 'NONE',  ( -0.1249999999999997641, 0.1075000000000000122, 0.3089999999999999414 ) ) ;
#785 = DIRECTION ( 'NONE',  ( 1.000000000000000000, 0.000000000000000000, -0.000000000000000000 ) ) ;
#786 = CARTESIAN_POINT ( 'NONE',  ( 0.1450000000000000455, 0.1069094488188977315, -0.009000000000000027076 ) ) ;
#787 = AXIS2_PLACEMENT_3D ( 'NONE', #631, #473, #547 ) ;
#788 = DIRECTION ( 'NONE',  ( -6.829619984160659821E-15, 1.000000000000000000, 0.000000000000000000 ) ) ;
#789 = VECTOR ( 'NONE', #7338, 39.37007874015748143 ) ;
#790 = CARTESIAN_POINT ( 'NONE',  ( 0.1250000000000013878, 0.004000000000001979403, -0.3300000000000001266 ) ) ;
#791 = CLOSED_SHELL ( 'NONE', ( #6514, #127, #4415, #1803, #2542, #3181, #3089, #5737, #6765, #5508, #3664, #1447, #2364, #1844, #617, #7174 ) ) ;
#792 = CARTESIAN_POINT ( 'NONE',  ( -0.1449999999999983524, -0.1299999999999999767, -0.009000000000000027076 ) ) ;
#793 = EDGE_CURVE ( 'NONE', #257, #5857, #5324, .T. ) ;
#794 = ORIENTED_EDGE ( 'NONE', *, *, #6157, .T. ) ;
#795 = VERTEX_POINT ( 'NONE', #7081 ) ;
#796 = DIRECTION ( 'NONE',  ( 0.000000000000000000, 0.000000000000000000, 1.000000000000000000 ) ) ;
#797 = ORIENTED_EDGE ( 'NONE', *, *, #2650, .F. ) ;
#798 = LINE ( 'NONE', #4253, #6758 ) ;
#799 = ORIENTED_EDGE ( 'NONE', *, *, #1457, .F. ) ;
#800 = VERTEX_POINT ( 'NONE', #4808 ) ;
#801 = DIRECTION ( 'NONE',  ( 0.000000000000000000, 0.000000000000000000, 1.000000000000000000 ) ) ;
#802 = AXIS2_PLACEMENT_3D ( 'NONE', #5492, #1955, #3628 ) ;
#803 = LINE ( 'NONE', #7289, #6240 ) ;
#804 = VECTOR ( 'NONE', #1075, 39.37007874015748143 ) ;
#805 = ORIENTED_EDGE ( 'NONE', *, *, #2002, .F. ) ;
#806 = EDGE_LOOP ( 'NONE', ( #6887, #7693, #2482, #4582 ) ) ;
#807 = DIRECTION ( 'NONE',  ( 0.000000000000000000, 1.000000000000000000, 0.000000000000000000 ) ) ;
#808 = LINE ( 'NONE', #5018, #5186 ) ;
#809 = ORIENTED_EDGE ( 'NONE', *, *, #7013, .F. ) ;
#810 = VECTOR ( 'NONE', #2447, 39.37007874015748143 ) ;
#811 = CIRCLE ( 'NONE', #3175, 0.01999999999999999001 ) ;
#812 = EDGE_LOOP ( 'NONE', ( #2045, #4603, #6299, #184, #1614, #5362, #1423, #102, #3888, #4693 ) ) ;
#813 = ADVANCED_FACE ( 'NONE', ( #4086 ), #4728, .F. ) ;
#814 = CARTESIAN_POINT ( 'NONE',  ( -0.1249999999999997641, 0.1175000000000000072, -0.1700000000000000400 ) ) ;
#815 = EDGE_CURVE ( 'NONE', #6896, #6006, #5366, .T. ) ;
#816 = DIRECTION ( 'NONE',  ( 0.000000000000000000, -0.000000000000000000, -1.000000000000000000 ) ) ;
#817 = DIRECTION ( 'NONE',  ( 0.000000000000000000, 1.000000000000000000, 0.000000000000000000 ) ) ;
#818 = VECTOR ( 'NONE', #5272, 39.37007874015748143 ) ;
#819 = LINE ( 'NONE', #3866, #1104 ) ;
#820 = CARTESIAN_POINT ( 'NONE',  ( -0.1449999999999983802, -1.707404996040164512E-17, -0.1700000000000000400 ) ) ;
#821 = EDGE_LOOP ( 'NONE', ( #5320, #3957, #5630, #1105 ) ) ;
#822 = EDGE_CURVE ( 'NONE', #3789, #2015, #7163, .T. ) ;
#823 = AXIS2_PLACEMENT_3D ( 'NONE', #6766, #5588, #1969 ) ;
#824 = FACE_OUTER_BOUND ( 'NONE', #4159, .T. ) ;
#825 = ORIENTED_EDGE ( 'NONE', *, *, #1229, .F. ) ;
#826 = CARTESIAN_POINT ( 'NONE',  ( 0.1249999999999997641, 0.1175000000000000072, 0.008999999999999959421 ) ) ;
#827 = PLANE ( 'NONE',  #1024 ) ;
#828 = COLOUR_RGB ( '',0.7921568627450980005, 0.8196078431372548767, 0.9333333333333333481 ) ;
#829 = AXIS2_PLACEMENT_3D ( 'NONE', #1470, #4566, #1585 ) ;
#830 = SURFACE_SIDE_STYLE ('',( #3272 ) ) ;
#831 = DIRECTION ( 'NONE',  ( 0.000000000000000000, -1.000000000000000000, -0.000000000000000000 ) ) ;
#832 = EDGE_CURVE ( 'NONE', #4767, #4418, #5008, .T. ) ;
#833 = DIRECTION ( 'NONE',  ( -1.000000000000000000, -6.829619984160659821E-15, 0.000000000000000000 ) ) ;
#834 = CARTESIAN_POINT ( 'NONE',  ( -0.1550000000000000544, 0.004000000000000009624, 0.06999999999999993727 ) ) ;
#835 = PLANE ( 'NONE',  #7222 ) ;
#836 = PRODUCT_DEFINITION_SHAPE ( 'NONE', 'NONE',  #1382 ) ;
#837 = ORIENTED_EDGE ( 'NONE', *, *, #3044, .F. ) ;
#838 = ORIENTED_EDGE ( 'NONE', *, *, #4435, .T. ) ;
#839 = DIRECTION ( 'NONE',  ( 7.134924142987280985E-15, 1.000000000000000000, 0.000000000000000000 ) ) ;
#840 = ORIENTED_EDGE ( 'NONE', *, *, #3649, .T. ) ;
#841 = FACE_OUTER_BOUND ( 'NONE', #1792, .T. ) ;
#842 = VERTEX_POINT ( 'NONE', #7394 ) ;
#843 = ORIENTED_EDGE ( 'NONE', *, *, #6731, .F. ) ;
#844 = DIRECTION ( 'NONE',  ( 0.000000000000000000, 1.000000000000000000, 0.000000000000000000 ) ) ;
#845 = CARTESIAN_POINT ( 'NONE',  ( -0.1449999999999991573, 0.004000000000000079881, -0.1300000000000000877 ) ) ;
#846 = EDGE_CURVE ( 'NONE', #4860, #3892, #4971, .T. ) ;
#847 = VERTEX_POINT ( 'NONE', #3694 ) ;
#848 = EDGE_LOOP ( 'NONE', ( #3137, #911, #6860, #843 ) ) ;
#849 = CARTESIAN_POINT ( 'NONE',  ( 0.1449999999999995182, 0.03595472440944844084, -0.06195472440944872761 ) ) ;
#850 = EDGE_CURVE ( 'NONE', #6406, #1302, #1315, .T. ) ;
#851 = CARTESIAN_POINT ( 'NONE',  ( -0.1249999999999997641, 0.1075000000000000122, -0.2700000000000000178 ) ) ;
#852 = ORIENTED_EDGE ( 'NONE', *, *, #3261, .T. ) ;
#853 = AXIS2_PLACEMENT_3D ( 'NONE', #6107, #1422, #1311 ) ;
#854 = EDGE_CURVE ( 'NONE', #5526, #6045, #5249, .T. ) ;
#855 = VECTOR ( 'NONE', #6511, 39.37007874015748143 ) ;
#856 = ORIENTED_EDGE ( 'NONE', *, *, #1996, .T. ) ;
#857 = COLOUR_RGB ( '',0.7921568627450980005, 0.8196078431372548767, 0.9333333333333333481 ) ;
#858 = CARTESIAN_POINT ( 'NONE',  ( -0.1444094488188976955, 0.1069094488188977315, -0.1700000000000000400 ) ) ;
#859 = CARTESIAN_POINT ( 'NONE',  ( 0.1449999999999999900, 0.1069094488188977315, 0.2300000000000000377 ) ) ;
#860 = ADVANCED_FACE ( 'NONE', ( #6807 ), #4375, .F. ) ;
#861 = CARTESIAN_POINT ( 'NONE',  ( -0.1449999999999996014, 0.04495472440944935089, -0.02904527559055113464 ) ) ;
#862 = SURFACE_STYLE_USAGE ( .BOTH. , #2064 ) ;
#863 = UNCERTAINTY_MEASURE_WITH_UNIT (LENGTH_MEASURE( 1.000000000000000082E-05 ), #2676, 'distance_accuracy_value', 'NONE');
#864 = ORIENTED_EDGE ( 'NONE', *, *, #3266, .F. ) ;
#865 = ORIENTED_EDGE ( 'NONE', *, *, #6175, .T. ) ;
#866 = MECHANICAL_DESIGN_GEOMETRIC_PRESENTATION_REPRESENTATION (  '', ( #246 ), #4494 ) ;
#867 = DIRECTION ( 'NONE',  ( 0.000000000000000000, -0.7071067811865444641, 0.7071067811865504593 ) ) ;
#868 = CARTESIAN_POINT ( 'NONE',  ( 0.1449999999999983802, -1.707404996040164512E-17, 0.3089999999999999414 ) ) ;
#869 = CARTESIAN_POINT ( 'NONE',  ( 0.1449999999999983524, -0.1299999999999999767, 0.2090000000000000191 ) ) ;
#870 = VECTOR ( 'NONE', #6334, 39.37007874015748143 ) ;
#871 = PLANE ( 'NONE',  #6000 ) ;
#872 = CARTESIAN_POINT ( 'NONE',  ( -0.07500000000000002498, 0.2049999999999999045, -0.3250000000000000666 ) ) ;
#873 = DIRECTION ( 'NONE',  ( 0.000000000000000000, 1.000000000000000000, 0.000000000000000000 ) ) ;
#874 = CARTESIAN_POINT ( 'NONE',  ( -0.1449999999999983524, -0.1299999999999999767, -0.1910000000000000309 ) ) ;
#875 = ORIENTED_EDGE ( 'NONE', *, *, #3801, .F. ) ;
#876 = VERTEX_POINT ( 'NONE', #6070 ) ;
#877 = CARTESIAN_POINT ( 'NONE',  ( -0.1450000000000000455, 0.1069094488188977315, 0.09099999999999999756 ) ) ;
#878 = ORIENTED_EDGE ( 'NONE', *, *, #6646, .F. ) ;
#879 = ORIENTED_EDGE ( 'NONE', *, *, #5749, .T. ) ;
#880 = CARTESIAN_POINT ( 'NONE',  ( -0.1249999999999997641, 0.1175000000000000072, 0.2699999999999999623 ) ) ;
#881 = EDGE_CURVE ( 'NONE', #4418, #4447, #5520, .T. ) ;
#882 = DIRECTION ( 'NONE',  ( 0.000000000000000000, 0.000000000000000000, 1.000000000000000000 ) ) ;
#883 = EDGE_CURVE ( 'NONE', #1660, #399, #6737, .T. ) ;
#884 = ORIENTED_EDGE ( 'NONE', *, *, #2036, .F. ) ;
#885 = ORIENTED_EDGE ( 'NONE', *, *, #2100, .T. ) ;
#886 = CARTESIAN_POINT ( 'NONE',  ( 0.1550000000000000544, -1.707404996040164512E-17, -0.2700000000000000178 ) ) ;
#887 = DIRECTION ( 'NONE',  ( -4.973757961760255702E-15, 0.7071067811865445751, -0.7071067811865505703 ) ) ;
#888 = EDGE_LOOP ( 'NONE', ( #3402, #5939, #4886, #2738 ) ) ;
#889 = CARTESIAN_POINT ( 'NONE',  ( 0.1249999999999999584, 0.01499999999999995955, 0.3628221439731660336 ) ) ;
#890 = LINE ( 'NONE', #5096, #4081 ) ;
#891 = DIRECTION ( 'NONE',  ( 4.973757961760255702E-15, 0.7071067811865445751, -0.7071067811865505703 ) ) ;
#892 = ADVANCED_FACE ( 'NONE', ( #6699 ), #4855, .F. ) ;
#893 = DIRECTION ( 'NONE',  ( -0.000000000000000000, -0.000000000000000000, -1.000000000000000000 ) ) ;
#894 = EDGE_CURVE ( 'NONE', #3216, #3772, #3106, .T. ) ;
#895 = LINE ( 'NONE', #5758, #3334 ) ;
#896 = EDGE_LOOP ( 'NONE', ( #141, #5914, #5890, #3470 ) ) ;
#897 = CARTESIAN_POINT ( 'NONE',  ( -0.1449999999999983524, -0.1299999999999999767, 0.1089999999999999858 ) ) ;
#898 = ADVANCED_BREP_SHAPE_REPRESENTATION ( 'PIC16F18426EP', ( #1526, #4118, #4279, #6901, #4295, #4180, #1633, #4195, #6842, #1539, #1695, #4031, #4131, #6791, #1493, #4237, #3831 ), #6228 ) ;
#899 = CARTESIAN_POINT ( 'NONE',  ( -0.1249999999999997641, 0.1175000000000000072, 0.008999999999999959421 ) ) ;
#900 = CARTESIAN_POINT ( 'NONE',  ( -0.07500000000000002498, 0.2049999999999999045, -0.3250000000000000666 ) ) ;
#901 = LINE ( 'NONE', #1678, #6749 ) ;
#902 = ADVANCED_FACE ( 'NONE', ( #6182 ), #2559, .F. ) ;
#903 = AXIS2_PLACEMENT_3D ( 'NONE', #4025, #188, #48 ) ;
#904 = DIRECTION ( 'NONE',  ( 0.000000000000000000, -0.000000000000000000, -1.000000000000000000 ) ) ;
#905 = CARTESIAN_POINT ( 'NONE',  ( -0.1249999999999997641, 0.1075000000000000122, 0.008999999999999959421 ) ) ;
#906 = VECTOR ( 'NONE', #2150, 39.37007874015748143 ) ;
#907 = CYLINDRICAL_SURFACE ( 'NONE', #7588, 0.01059055118110229995 ) ;
#908 = ORIENTED_EDGE ( 'NONE', *, *, #5226, .F. ) ;
#909 = ORIENTED_EDGE ( 'NONE', *, *, #7128, .T. ) ;
#910 = CARTESIAN_POINT ( 'NONE',  ( -0.1550000000000000266, 0.1069094488188977315, 0.1300000000000000044 ) ) ;
#911 = ORIENTED_EDGE ( 'NONE', *, *, #263, .F. ) ;
#912 = VECTOR ( 'NONE', #4310, 39.37007874015748143 ) ;
#913 = EDGE_CURVE ( 'NONE', #5020, #3581, #798, .T. ) ;
#914 = DIRECTION ( 'NONE',  ( 5.045153244757900714E-15, 0.7071067811865444641, -0.7071067811865504593 ) ) ;
#915 = PRESENTATION_STYLE_ASSIGNMENT (( #2089 ) ) ;
#916 = PLANE ( 'NONE',  #2074 ) ;
#917 = VECTOR ( 'NONE', #5893, 39.37007874015748143 ) ;
#918 = ORIENTED_EDGE ( 'NONE', *, *, #462, .F. ) ;
#919 = VERTEX_POINT ( 'NONE', #3807 ) ;
#920 = CYLINDRICAL_SURFACE ( 'NONE', #1873, 0.0005905511811023211053 ) ;
#921 = ORIENTED_EDGE ( 'NONE', *, *, #5295, .F. ) ;
#922 = CARTESIAN_POINT ( 'NONE',  ( 0.1249999999999997641, 0.1175000000000000072, 0.07000000000000000666 ) ) ;
#923 = VERTEX_POINT ( 'NONE', #649 ) ;
#924 = VECTOR ( 'NONE', #3858, 39.37007874015748143 ) ;
#925 = EDGE_CURVE ( 'NONE', #6617, #21, #7321, .T. ) ;
#926 = DIRECTION ( 'NONE',  ( -0.000000000000000000, -0.000000000000000000, -1.000000000000000000 ) ) ;
#927 = CARTESIAN_POINT ( 'NONE',  ( 0.1444094488188976955, -1.707404996040164512E-17, 0.3089999999999999414 ) ) ;
#928 = CARTESIAN_POINT ( 'NONE',  ( -0.1550000000000000544, -2.761427880799627746E-17, -0.1740000000000000435 ) ) ;
#929 = CARTESIAN_POINT ( 'NONE',  ( 0.1549999999999995826, 0.04495472440944931619, 0.2709547244094489549 ) ) ;
#930 = VECTOR ( 'NONE', #2422, 39.37007874015748143 ) ;
#931 = VECTOR ( 'NONE', #3850, 39.37007874015748143 ) ;
#932 = ORIENTED_EDGE ( 'NONE', *, *, #6995, .F. ) ;
#933 = CARTESIAN_POINT ( 'NONE',  ( 0.1444094488188976677, 0.1075000000000000122, 0.3300000000000000155 ) ) ;
#934 = LINE ( 'NONE', #315, #3408 ) ;
#935 = CIRCLE ( 'NONE', #693, 0.0005905511811023039749 ) ;
#936 = LINE ( 'NONE', #3271, #5557 ) ;
#937 = APPLICATION_PROTOCOL_DEFINITION ( 'draft international standard', 'automotive_design', 1998, #317 ) ;
#938 = CARTESIAN_POINT ( 'NONE',  ( -0.1444094488188976677, 0.1075000000000000122, -0.1700000000000000400 ) ) ;
#939 = EDGE_CURVE ( 'NONE', #6379, #122, #3599, .T. ) ;
#940 = ORIENTED_EDGE ( 'NONE', *, *, #356, .F. ) ;
#941 = VECTOR ( 'NONE', #2353, 39.37007874015748143 ) ;
#942 = LINE ( 'NONE', #285, #323 ) ;
#943 = LINE ( 'NONE', #6955, #4923 ) ;
#944 = FACE_OUTER_BOUND ( 'NONE', #178, .T. ) ;
#945 = ORIENTED_EDGE ( 'NONE', *, *, #596, .T. ) ;
#946 = ORIENTED_EDGE ( 'NONE', *, *, #284, .F. ) ;
#947 = LINE ( 'NONE', #877, #1987 ) ;
#948 = VECTOR ( 'NONE', #608, 39.37007874015748143 ) ;
#949 = VERTEX_POINT ( 'NONE', #4335 ) ;
#950 = ADVANCED_FACE ( 'NONE', ( #5438 ), #66, .T. ) ;
#951 = DIRECTION ( 'NONE',  ( -0.000000000000000000, 0.000000000000000000, 1.000000000000000000 ) ) ;
#952 = COLOUR_RGB ( '',0.7921568627450980005, 0.8196078431372548767, 0.9333333333333333481 ) ;
#953 = LINE ( 'NONE', #2742, #3429 ) ;
#954 = ORIENTED_EDGE ( 'NONE', *, *, #846, .T. ) ;
#955 = ORIENTED_EDGE ( 'NONE', *, *, #149, .F. ) ;
#956 = DIRECTION ( 'NONE',  ( -7.062854202149022777E-15, -1.000000000000000000, 0.000000000000000000 ) ) ;
#957 = ORIENTED_EDGE ( 'NONE', *, *, #3008, .T. ) ;
#958 = LINE ( 'NONE', #409, #2424 ) ;
#959 = ORIENTED_EDGE ( 'NONE', *, *, #7355, .F. ) ;
#960 = MECHANICAL_DESIGN_GEOMETRIC_PRESENTATION_REPRESENTATION (  '', ( #4723 ), #5850 ) ;
#961 = PLANE ( 'NONE',  #3288 ) ;
#962 = LINE ( 'NONE', #927, #1787 ) ;
#963 = LINE ( 'NONE', #2215, #5505 ) ;
#964 = EDGE_CURVE ( 'NONE', #7395, #648, #5553, .T. ) ;
#965 = CARTESIAN_POINT ( 'NONE',  ( -0.1449999999999983802, -1.707404996040164512E-17, -0.2700000000000000178 ) ) ;
#966 = VERTEX_POINT ( 'NONE', #1391 ) ;
#967 = AXIS2_PLACEMENT_3D ( 'NONE', #3947, #5177, #5141 ) ;
#968 = FACE_OUTER_BOUND ( 'NONE', #3103, .T. ) ;
#969 = ORIENTED_EDGE ( 'NONE', *, *, #3399, .T. ) ;
#970 = CARTESIAN_POINT ( 'NONE',  ( -0.1549999999999992772, -1.707404996040164512E-17, 0.2090000000000000191 ) ) ;
#971 = VECTOR ( 'NONE', #1755, 39.37007874015748143 ) ;
#972 = CARTESIAN_POINT ( 'NONE',  ( -0.1449999999999983524, -0.1299999999999999767, 0.1910000000000000309 ) ) ;
#973 = PRESENTATION_STYLE_ASSIGNMENT (( #3465 ) ) ;
#974 = EDGE_CURVE ( 'NONE', #1222, #628, #2591, .T. ) ;
#975 = AXIS2_PLACEMENT_3D ( 'NONE', #3033, #7764, #581 ) ;
#976 = ORIENTED_EDGE ( 'NONE', *, *, #2061, .T. ) ;
#977 = ADVANCED_FACE ( 'NONE', ( #260 ), #2043, .F. ) ;
#978 = CARTESIAN_POINT ( 'NONE',  ( -0.1444094488188976955, 0.1069094488188977315, 0.1700000000000000400 ) ) ;
#979 = LENGTH_MEASURE_WITH_UNIT ( LENGTH_MEASURE( 0.02539999999999999897 ), #1014 );
#980 = CIRCLE ( 'NONE', #853, 0.0005905511811023039749 ) ;
#981 = ADVANCED_FACE ( 'NONE', ( #5042 ), #1464, .F. ) ;
#982 = VECTOR ( 'NONE', #7424, 39.37007874015748143 ) ;
#983 = CARTESIAN_POINT ( 'NONE',  ( 0.03500000000000000333, 0.1981889763779526581, -0.3628221439731659781 ) ) ;
#984 = DIMENSIONAL_EXPONENTS ( 1.000000000000000000, 0.000000000000000000, 0.000000000000000000, 0.000000000000000000, 0.000000000000000000, 0.000000000000000000, 0.000000000000000000 ) ;
#985 = DIRECTION ( 'NONE',  ( 0.000000000000000000, 1.000000000000000000, 0.000000000000000000 ) ) ;
#986 = LINE ( 'NONE', #6957, #6205 ) ;
#987 = ADVANCED_FACE ( 'NONE', ( #841 ), #5287, .F. ) ;
#988 = ORIENTED_EDGE ( 'NONE', *, *, #5503, .F. ) ;
#989 = CARTESIAN_POINT ( 'NONE',  ( -0.1550000000000000266, 0.1069094488188977315, 0.3300000000000000155 ) ) ;
#990 = EDGE_CURVE ( 'NONE', #6091, #5354, #2406, .T. ) ;
#991 = VERTEX_POINT ( 'NONE', #4814 ) ;
#992 = CARTESIAN_POINT ( 'NONE',  ( 0.1449999999999995182, 0.03595472440944844084, 0.1380452755905513251 ) ) ;
#993 = EDGE_CURVE ( 'NONE', #5192, #1621, #6507, .T. ) ;
#994 = DIRECTION ( 'NONE',  ( 1.000000000000000000, 7.062854202149022777E-15, -0.000000000000000000 ) ) ;
#995 = VERTEX_POINT ( 'NONE', #460 ) ;
#996 = CARTESIAN_POINT ( 'NONE',  ( 0.1249999999999997641, 0.1175000000000000072, -0.1910000000000000309 ) ) ;
#997 = VERTEX_POINT ( 'NONE', #2251 ) ;
#998 = ORIENTED_EDGE ( 'NONE', *, *, #7604, .T. ) ;
#999 = DIRECTION ( 'NONE',  ( 0.000000000000000000, 1.000000000000000000, 0.000000000000000000 ) ) ;
#1000 = EDGE_LOOP ( 'NONE', ( #2983, #7421, #2522, #4803 ) ) ;
#1001 = DIRECTION ( 'NONE',  ( -0.000000000000000000, -0.000000000000000000, -1.000000000000000000 ) ) ;
#1002 = FACE_OUTER_BOUND ( 'NONE', #3854, .T. ) ;
#1003 = LENGTH_MEASURE_WITH_UNIT ( LENGTH_MEASURE( 0.02539999999999999897 ), #5133 );
#1004 = CARTESIAN_POINT ( 'NONE',  ( 0.1249999999999997641, 0.1075000000000000122, 0.1300000000000000044 ) ) ;
#1005 = DIRECTION ( 'NONE',  ( 7.062854202149022777E-15, -1.000000000000000000, 0.000000000000000000 ) ) ;
#1006 = DIRECTION ( 'NONE',  ( -7.062854202149022777E-15, 1.000000000000000000, 0.000000000000000000 ) ) ;
#1007 = ORIENTED_EDGE ( 'NONE', *, *, #4758, .T. ) ;
#1008 = EDGE_CURVE ( 'NONE', #2120, #6038, #2954, .T. ) ;
#1009 = DIRECTION ( 'NONE',  ( 0.000000000000000000, -0.000000000000000000, -1.000000000000000000 ) ) ;
#1010 = DIRECTION ( 'NONE',  ( 0.000000000000000000, 1.000000000000000000, 0.000000000000000000 ) ) ;
#1011 = CARTESIAN_POINT ( 'NONE',  ( 0.1249999999999997641, 0.1175000000000000072, 0.008999999999999959421 ) ) ;
#1012 = DIRECTION ( 'NONE',  ( 7.134924142987280985E-15, -1.000000000000000000, 0.000000000000000000 ) ) ;
#1013 = EDGE_CURVE ( 'NONE', #5563, #7639, #7168, .T. ) ;
#1014 =( LENGTH_UNIT ( ) NAMED_UNIT ( * ) SI_UNIT ( $, .METRE. ) );
#1015 = CARTESIAN_POINT ( 'NONE',  ( -0.1449999999999983802, -1.707404996040164512E-17, 0.1300000000000000044 ) ) ;
#1016 = CARTESIAN_POINT ( 'NONE',  ( 0.1449999999999983802, -1.707404996040164512E-17, 0.1300000000000000044 ) ) ;
#1017 = CARTESIAN_POINT ( 'NONE',  ( 0.000000000000000000, 0.2099999999999999090, 0.000000000000000000 ) ) ;
#1018 = DIRECTION ( 'NONE',  ( -0.000000000000000000, 0.000000000000000000, 1.000000000000000000 ) ) ;
#1019 = ORIENTED_EDGE ( 'NONE', *, *, #479, .T. ) ;
#1020 = PLANE ( 'NONE',  #6960 ) ;
#1021 = VERTEX_POINT ( 'NONE', #5955 ) ;
#1022 = ORIENTED_EDGE ( 'NONE', *, *, #1624, .F. ) ;
#1023 = CARTESIAN_POINT ( 'NONE',  ( 0.1444094488188976955, 0.1069094488188977315, -0.2700000000000000178 ) ) ;
#1024 = AXIS2_PLACEMENT_3D ( 'NONE', #3200, #5621, #4876 ) ;
#1025 = CARTESIAN_POINT ( 'NONE',  ( 0.1444094488188976955, 0.1069094488188977315, 0.2699999999999999623 ) ) ;
#1026 = VERTEX_POINT ( 'NONE', #5330 ) ;
#1027 = EDGE_CURVE ( 'NONE', #2058, #6346, #1833, .T. ) ;
#1028 = DIRECTION ( 'NONE',  ( -0.000000000000000000, -0.000000000000000000, -1.000000000000000000 ) ) ;
#1029 = ORIENTED_EDGE ( 'NONE', *, *, #7279, .T. ) ;
#1030 = ORIENTED_EDGE ( 'NONE', *, *, #3324, .T. ) ;
#1031 = PLANE ( 'NONE',  #2979 ) ;
#1032 = ORIENTED_EDGE ( 'NONE', *, *, #5027, .T. ) ;
#1033 = CARTESIAN_POINT ( 'NONE',  ( 0.1549999999999983336, -0.1300000000000000600, 0.2090000000000000191 ) ) ;
#1034 = DIMENSIONAL_EXPONENTS ( 1.000000000000000000, 0.000000000000000000, 0.000000000000000000, 0.000000000000000000, 0.000000000000000000, 0.000000000000000000, 0.000000000000000000 ) ;
#1035 = AXIS2_PLACEMENT_3D ( 'NONE', #2111, #2145, #1489 ) ;
#1036 = VECTOR ( 'NONE', #1631, 39.37007874015748143 ) ;
#1037 = CARTESIAN_POINT ( 'NONE',  ( 0.1449999999999992684, -1.707404996040164512E-17, -0.009000000000000027076 ) ) ;
#1038 = CARTESIAN_POINT ( 'NONE',  ( 0.1444094488188976955, 0.1069094488188977315, 0.1089999999999999858 ) ) ;
#1039 = CLOSED_SHELL ( 'NONE', ( #6110, #2662, #5732, #4148, #7596, #4022, #3239, #2526, #7451, #2361, #3213, #6034, #5722, #7712, #5120, #6383 ) ) ;
#1040 = LINE ( 'NONE', #5877, #3038 ) ;
#1041 = CARTESIAN_POINT ( 'NONE',  ( -0.1550000000000000266, 0.1069094488188977315, 0.1089999999999999858 ) ) ;
#1042 = CARTESIAN_POINT ( 'NONE',  ( -0.1450000000000000178, 0.1069094488188977315, -0.09100000000000003919 ) ) ;
#1043 = VERTEX_POINT ( 'NONE', #2290 ) ;
#1044 = ORIENTED_EDGE ( 'NONE', *, *, #3801, .T. ) ;
#1045 = ADVANCED_FACE ( 'NONE', ( #1204 ), #6632, .F. ) ;
#1046 = EDGE_CURVE ( 'NONE', #4845, #4206, #2835, .T. ) ;
#1047 = PLANE ( 'NONE',  #59 ) ;
#1048 = CARTESIAN_POINT ( 'NONE',  ( 0.1450000000000000455, 0.1069094488188977315, 0.2909999999999999809 ) ) ;
#1049 = VECTOR ( 'NONE', #2757, 39.37007874015748143 ) ;
#1050 = CIRCLE ( 'NONE', #6082, 0.0005905511811023039749 ) ;
#1051 = DIRECTION ( 'NONE',  ( 1.000000000000000000, -7.033955965482544985E-15, 0.000000000000000000 ) ) ;
#1052 = AXIS2_PLACEMENT_3D ( 'NONE', #6300, #7518, #4456 ) ;
#1053 = ORIENTED_EDGE ( 'NONE', *, *, #756, .T. ) ;
#1054 = VECTOR ( 'NONE', #4732, 39.37007874015748143 ) ;
#1055 = LINE ( 'NONE', #6399, #2063 ) ;
#1056 = LINE ( 'NONE', #1964, #2808 ) ;
#1057 = CARTESIAN_POINT ( 'NONE',  ( 0.1249999999999997641, 0.1075000000000000122, 0.07000000000000000666 ) ) ;
#1058 = LINE ( 'NONE', #6562, #1525 ) ;
#1059 = DIRECTION ( 'NONE',  ( 2.731847993664263218E-16, -0.000000000000000000, 1.000000000000000000 ) ) ;
#1060 = DIRECTION ( 'NONE',  ( 0.000000000000000000, 0.000000000000000000, -1.000000000000000000 ) ) ;
#1061 = ORIENTED_EDGE ( 'NONE', *, *, #5988, .T. ) ;
#1062 = FACE_OUTER_BOUND ( 'NONE', #5195, .T. ) ;
#1063 = VECTOR ( 'NONE', #3799, 39.37007874015748143 ) ;
#1064 = EDGE_CURVE ( 'NONE', #5114, #1761, #7087, .T. ) ;
#1065 = ORIENTED_EDGE ( 'NONE', *, *, #3338, .F. ) ;
#1066 = CARTESIAN_POINT ( 'NONE',  ( 0.1449999999999983802, -1.707404996040164512E-17, -0.1910000000000000309 ) ) ;
#1067 = AXIS2_PLACEMENT_3D ( 'NONE', #4830, #6167, #2503 ) ;
#1068 = ORIENTED_EDGE ( 'NONE', *, *, #1906, .T. ) ;
#1069 = LINE ( 'NONE', #492, #3074 ) ;
#1070 = VECTOR ( 'NONE', #371, 39.37007874015748143 ) ;
#1071 = ORIENTED_EDGE ( 'NONE', *, *, #2906, .F. ) ;
#1072 = VERTEX_POINT ( 'NONE', #1119 ) ;
#1073 = DIRECTION ( 'NONE',  ( -1.000000000000000000, 0.000000000000000000, 0.000000000000000000 ) ) ;
#1074 = ORIENTED_EDGE ( 'NONE', *, *, #7279, .F. ) ;
#1075 = DIRECTION ( 'NONE',  ( 0.000000000000000000, -0.000000000000000000, -1.000000000000000000 ) ) ;
#1076 = VECTOR ( 'NONE', #2972, 39.37007874015748143 ) ;
#1077 = EDGE_CURVE ( 'NONE', #6815, #5987, #622, .T. ) ;
#1078 = CARTESIAN_POINT ( 'NONE',  ( 0.1249999999999997641, 0.1175000000000000072, -0.1700000000000000400 ) ) ;
#1079 = EDGE_CURVE ( 'NONE', #740, #3216, #486, .T. ) ;
#1080 = DIRECTION ( 'NONE',  ( 3.194114299349669345E-16, -1.000000000000000000, 0.000000000000000000 ) ) ;
#1081 = DIRECTION ( 'NONE',  ( 1.000000000000000000, 0.000000000000000000, 0.000000000000000000 ) ) ;
#1082 = LENGTH_MEASURE_WITH_UNIT ( LENGTH_MEASURE( 0.02539999999999999897 ), #5721 );
#1083 = CARTESIAN_POINT ( 'NONE',  ( -0.1550000000000000266, 0.1069094488188977315, -0.1910000000000000309 ) ) ;
#1084 = ORIENTED_EDGE ( 'NONE', *, *, #5973, .F. ) ;
#1085 = ADVANCED_FACE ( 'NONE', ( #4172 ), #4653, .T. ) ;
#1086 = AXIS2_PLACEMENT_3D ( 'NONE', #6377, #882, #5821 ) ;
#1087 = ORIENTED_EDGE ( 'NONE', *, *, #7022, .F. ) ;
#1088 = EDGE_CURVE ( 'NONE', #6529, #1305, #6466, .T. ) ;
#1089 = CARTESIAN_POINT ( 'NONE',  ( 0.1249999999999997641, 0.1175000000000000072, -0.09100000000000003919 ) ) ;
#1090 = LINE ( 'NONE', #2338, #3030 ) ;
#1091 = PLANE ( 'NONE',  #967 ) ;
#1092 = ORIENTED_EDGE ( 'NONE', *, *, #2002, .T. ) ;
#1093 = VECTOR ( 'NONE', #6139, 39.37007874015748143 ) ;
#1094 = AXIS2_PLACEMENT_3D ( 'NONE', #3034, #504, #657 ) ;
#1095 = LINE ( 'NONE', #1683, #575 ) ;
#1096 = ORIENTED_EDGE ( 'NONE', *, *, #5285, .F. ) ;
#1097 = PLANE ( 'NONE',  #7183 ) ;
#1098 = CARTESIAN_POINT ( 'NONE',  ( 0.1449999999999983524, -0.1299999999999999767, -0.09100000000000003919 ) ) ;
#1099 = LINE ( 'NONE', #5227, #1963 ) ;
#1100 = CARTESIAN_POINT ( 'NONE',  ( -0.1250000000000013878, 0.004000000000001979403, -0.03000000000000008910 ) ) ;
#1101 = ORIENTED_EDGE ( 'NONE', *, *, #4672, .T. ) ;
#1102 = FACE_OUTER_BOUND ( 'NONE', #6783, .T. ) ;
#1103 = ORIENTED_EDGE ( 'NONE', *, *, #4590, .T. ) ;
#1104 = VECTOR ( 'NONE', #159, 39.37007874015748143 ) ;
#1105 = ORIENTED_EDGE ( 'NONE', *, *, #4811, .F. ) ;
#1106 = DIRECTION ( 'NONE',  ( 0.000000000000000000, 1.000000000000000000, 0.000000000000000000 ) ) ;
#1107 = ORIENTED_EDGE ( 'NONE', *, *, #2679, .F. ) ;
#1108 = EDGE_CURVE ( 'NONE', #399, #1517, #6502, .T. ) ;
#1109 = CARTESIAN_POINT ( 'NONE',  ( 0.1444094488188976677, 0.1075000000000000122, -0.03000000000000002318 ) ) ;
#1110 = ORIENTED_EDGE ( 'NONE', *, *, #4232, .F. ) ;
#1111 = ORIENTED_EDGE ( 'NONE', *, *, #2017, .F. ) ;
#1112 = DIRECTION ( 'NONE',  ( 1.000000000000000000, -7.035477150404849144E-15, -1.521184922305145727E-18 ) ) ;
#1113 = ORIENTED_EDGE ( 'NONE', *, *, #5651, .T. ) ;
#1114 = DIRECTION ( 'NONE',  ( 0.000000000000000000, 1.000000000000000000, 0.000000000000000000 ) ) ;
#1115 = EDGE_CURVE ( 'NONE', #408, #3652, #539, .T. ) ;
#1116 = LINE ( 'NONE', #1707, #1557 ) ;
#1117 = SURFACE_STYLE_FILL_AREA ( #6505 ) ;
#1118 = LINE ( 'NONE', #3492, #5064 ) ;
#1119 = CARTESIAN_POINT ( 'NONE',  ( -0.1249999999999997641, 0.1075000000000000122, -0.03000000000000002318 ) ) ;
#1120 = ORIENTED_EDGE ( 'NONE', *, *, #148, .T. ) ;
#1121 = LINE ( 'NONE', #3495, #1363 ) ;
#1122 = LINE ( 'NONE', #2957, #6246 ) ;
#1123 = EDGE_LOOP ( 'NONE', ( #1715, #3291, #3102, #2431 ) ) ;
#1124 = ORIENTED_EDGE ( 'NONE', *, *, #2281, .T. ) ;
#1125 = EDGE_CURVE ( 'NONE', #606, #3730, #2874, .T. ) ;
#1126 = CARTESIAN_POINT ( 'NONE',  ( 0.1249999999999999584, 0.1175000000000000072, 0.3750000000000001665 ) ) ;
#1127 = ADVANCED_FACE ( 'NONE', ( #2331 ), #4737, .F. ) ;
#1128 = CARTESIAN_POINT ( 'NONE',  ( 0.1550000000000000266, 0.1069094488188977315, -0.009000000000000027076 ) ) ;
#1129 = FACE_OUTER_BOUND ( 'NONE', #7426, .T. ) ;
#1130 = DIRECTION ( 'NONE',  ( -1.000000000000000000, 0.000000000000000000, 0.000000000000000000 ) ) ;
#1131 = ORIENTED_EDGE ( 'NONE', *, *, #6314, .F. ) ;
#1132 = CARTESIAN_POINT ( 'NONE',  ( -0.1449999999999984357, 0.004000000000000162280, -0.2700000000000000178 ) ) ;
#1133 = CARTESIAN_POINT ( 'NONE',  ( 0.1444094488188976677, 0.1175000000000000488, 0.2699999999999999623 ) ) ;
#1134 = EDGE_CURVE ( 'NONE', #6569, #3999, #2427, .T. ) ;
#1135 = DIRECTION ( 'NONE',  ( 1.000000000000000000, -7.035477150404849144E-15, -1.521184922305145727E-18 ) ) ;
#1136 = PLANE ( 'NONE',  #2579 ) ;
#1137 = CARTESIAN_POINT ( 'NONE',  ( 0.1449999999999991573, 0.004000000000000079881, -0.03000000000000008910 ) ) ;
#1138 = EDGE_LOOP ( 'NONE', ( #2842, #7722, #4528, #7664 ) ) ;
#1139 = DIRECTION ( 'NONE',  ( 0.000000000000000000, 1.000000000000000000, 0.000000000000000000 ) ) ;
#1140 = VERTEX_POINT ( 'NONE', #1137 ) ;
#1141 = PLANE ( 'NONE',  #7340 ) ;
#1142 = EDGE_LOOP ( 'NONE', ( #1543, #969, #4072, #6372, #5956, #5675, #2109, #4005, #2911, #7257 ) ) ;
#1143 = CARTESIAN_POINT ( 'NONE',  ( 0.1550000000000000544, -1.707404996040164512E-17, 0.1300000000000000044 ) ) ;
#1144 = ORIENTED_EDGE ( 'NONE', *, *, #6664, .T. ) ;
#1145 = ORIENTED_EDGE ( 'NONE', *, *, #7412, .F. ) ;
#1146 = CARTESIAN_POINT ( 'NONE',  ( -0.1550000000000000544, -1.707404996040164512E-17, 0.1300000000000000044 ) ) ;
#1147 = ORIENTED_EDGE ( 'NONE', *, *, #4900, .F. ) ;
#1148 = CARTESIAN_POINT ( 'NONE',  ( -0.1444094488188976955, 0.1069094488188977315, 0.1300000000000000044 ) ) ;
#1149 = EDGE_CURVE ( 'NONE', #1621, #7517, #716, .T. ) ;
#1150 = AXIS2_PLACEMENT_3D ( 'NONE', #7690, #4113, #2856 ) ;
#1151 = DIRECTION ( 'NONE',  ( -0.000000000000000000, -0.000000000000000000, -1.000000000000000000 ) ) ;
#1152 = DIRECTION ( 'NONE',  ( 0.000000000000000000, -0.000000000000000000, 1.000000000000000000 ) ) ;
#1153 = PLANE ( 'NONE',  #1846 ) ;
#1154 = DIRECTION ( 'NONE',  ( -5.045153244757900714E-15, 0.7071067811865444641, -0.7071067811865504593 ) ) ;
#1155 = VECTOR ( 'NONE', #5416, 39.37007874015748854 ) ;
#1156 = DIRECTION ( 'NONE',  ( 0.000000000000000000, -1.000000000000000000, 0.000000000000000000 ) ) ;
#1157 = ORIENTED_EDGE ( 'NONE', *, *, #6083, .T. ) ;
#1158 = DIRECTION ( 'NONE',  ( -1.000000000000000000, 0.000000000000000000, 0.000000000000000000 ) ) ;
#1159 = DIRECTION ( 'NONE',  ( 0.000000000000000000, 1.000000000000000000, 0.000000000000000000 ) ) ;
#1160 = EDGE_LOOP ( 'NONE', ( #266, #5530, #3024, #2478, #5449, #2355, #7537, #4508 ) ) ;
#1161 = ORIENTED_EDGE ( 'NONE', *, *, #6415, .T. ) ;
#1162 = EDGE_CURVE ( 'NONE', #6575, #1043, #3680, .T. ) ;
#1163 = VECTOR ( 'NONE', #4388, 39.37007874015748143 ) ;
#1164 = CLOSED_SHELL ( 'NONE', ( #2995, #4056, #511, #1127, #5432, #7704, #5578, #2368, #977, #2949, #5540, #5947, #7689, #2455, #4645, #7520 ) ) ;
#1165 = ORIENTED_EDGE ( 'NONE', *, *, #277, .F. ) ;
#1166 = DIRECTION ( 'NONE',  ( 0.000000000000000000, 1.000000000000000000, -0.000000000000000000 ) ) ;
#1167 = DIRECTION ( 'NONE',  ( 0.000000000000000000, 0.000000000000000000, 1.000000000000000000 ) ) ;
#1168 = DIRECTION ( 'NONE',  ( 0.000000000000000000, 0.7071067811865504593, 0.7071067811865444641 ) ) ;
#1169 = AXIS2_PLACEMENT_3D ( 'NONE', #1038, #3374, #3411 ) ;
#1170 = ORIENTED_EDGE ( 'NONE', *, *, #4574, .F. ) ;
#1171 = VECTOR ( 'NONE', #736, 39.37007874015748143 ) ;
#1172 = FACE_OUTER_BOUND ( 'NONE', #3601, .T. ) ;
#1173 = ORIENTED_EDGE ( 'NONE', *, *, #4900, .T. ) ;
#1174 = AXIS2_PLACEMENT_3D ( 'NONE', #4267, #741, #7337 ) ;
#1175 = AXIS2_PLACEMENT_3D ( 'NONE', #1148, #6032, #2904 ) ;
#1176 = DIRECTION ( 'NONE',  ( -0.000000000000000000, -0.000000000000000000, -1.000000000000000000 ) ) ;
#1177 = FACE_OUTER_BOUND ( 'NONE', #1746, .T. ) ;
#1178 = FACE_OUTER_BOUND ( 'NONE', #5938, .T. ) ;
#1179 = EDGE_CURVE ( 'NONE', #4893, #5240, #132, .T. ) ;
#1180 = VERTEX_POINT ( 'NONE', #7738 ) ;
#1181 = CARTESIAN_POINT ( 'NONE',  ( -0.1444094488188976677, 0.1075000000000000122, -0.03000000000000002318 ) ) ;
#1182 = VECTOR ( 'NONE', #3257, 39.37007874015748143 ) ;
#1183 = VECTOR ( 'NONE', #6738, 39.37007874015748143 ) ;
#1184 = VERTEX_POINT ( 'NONE', #5424 ) ;
#1185 = CARTESIAN_POINT ( 'NONE',  ( 0.1249999999999997641, 0.1175000000000000072, 0.3089999999999999414 ) ) ;
#1186 = LINE ( 'NONE', #4885, #7473 ) ;
#1187 = ORIENTED_EDGE ( 'NONE', *, *, #3269, .T. ) ;
#1188 = ORIENTED_EDGE ( 'NONE', *, *, #5063, .F. ) ;
#1189 = EDGE_CURVE ( 'NONE', #3808, #3882, #4191, .T. ) ;
#1190 = CARTESIAN_POINT ( 'NONE',  ( -0.1550000000000000266, 0.1069094488188977315, -0.3090000000000000524 ) ) ;
#1191 = AXIS2_PLACEMENT_3D ( 'NONE', #4558, #6959, #2270 ) ;
#1192 = ORIENTED_EDGE ( 'NONE', *, *, #832, .T. ) ;
#1193 = EDGE_LOOP ( 'NONE', ( #2891, #1113, #2321, #2637 ) ) ;
#1194 = ORIENTED_EDGE ( 'NONE', *, *, #4039, .F. ) ;
#1195 = CARTESIAN_POINT ( 'NONE',  ( 0.1449999999999999900, 0.1069094488188977315, 0.2699999999999999623 ) ) ;
#1196 = ORIENTED_EDGE ( 'NONE', *, *, #2226, .T. ) ;
#1197 = DIRECTION ( 'NONE',  ( 0.000000000000000000, 1.000000000000000000, 0.000000000000000000 ) ) ;
#1198 = VECTOR ( 'NONE', #1383, 39.37007874015748143 ) ;
#1199 = DIRECTION ( 'NONE',  ( 0.000000000000000000, 1.000000000000000000, 0.000000000000000000 ) ) ;
#1200 = VECTOR ( 'NONE', #3242, 39.37007874015748143 ) ;
#1201 = CARTESIAN_POINT ( 'NONE',  ( 0.1549999999999995826, 0.04495472440944931619, -0.1290452755905511228 ) ) ;
#1202 = VECTOR ( 'NONE', #2941, 39.37007874015748143 ) ;
#1203 = DIRECTION ( 'NONE',  ( 0.000000000000000000, -0.000000000000000000, -1.000000000000000000 ) ) ;
#1204 = FACE_OUTER_BOUND ( 'NONE', #5564, .T. ) ;
#1205 = EDGE_LOOP ( 'NONE', ( #1401, #7317, #1815, #2877, #2279, #3815, #7223, #209 ) ) ;
#1206 = CARTESIAN_POINT ( 'NONE',  ( -0.1550000000000000266, 0.1069094488188977315, 0.02999999999999998848 ) ) ;
#1207 = DIRECTION ( 'NONE',  ( 0.000000000000000000, 1.000000000000000000, 0.000000000000000000 ) ) ;
#1208 = VERTEX_POINT ( 'NONE', #3598 ) ;
#1209 = AXIS2_PLACEMENT_3D ( 'NONE', #6375, #5122, #7583 ) ;
#1210 = PLANE ( 'NONE',  #802 ) ;
#1211 = DIRECTION ( 'NONE',  ( -1.000000000000000000, 0.000000000000000000, 0.000000000000000000 ) ) ;
#1212 = ORIENTED_EDGE ( 'NONE', *, *, #324, .F. ) ;
#1213 = AXIS2_PLACEMENT_3D ( 'NONE', #3575, #1832, #1708 ) ;
#1214 = CARTESIAN_POINT ( 'NONE',  ( -0.1549999999999992772, -1.707404996040164512E-17, 0.1089999999999999858 ) ) ;
#1215 = ORIENTED_EDGE ( 'NONE', *, *, #185, .T. ) ;
#1216 = SURFACE_STYLE_USAGE ( .BOTH. , #6602 ) ;
#1217 = EDGE_CURVE ( 'NONE', #3999, #2254, #6686, .T. ) ;
#1218 = LINE ( 'NONE', #7106, #37 ) ;
#1219 = CARTESIAN_POINT ( 'NONE',  ( -0.1550000000000000544, -1.707404996040164512E-17, 0.09099999999999999756 ) ) ;
#1220 = CARTESIAN_POINT ( 'NONE',  ( -0.1250000000000013878, 0.004000000000001979403, -0.2300000000000000655 ) ) ;
#1221 = AXIS2_PLACEMENT_3D ( 'NONE', #6218, #4290, #2589 ) ;
#1222 = VERTEX_POINT ( 'NONE', #1261 ) ;
#1223 = EDGE_CURVE ( 'NONE', #7423, #206, #6019, .T. ) ;
#1224 = ORIENTED_EDGE ( 'NONE', *, *, #6879, .F. ) ;
#1225 = CARTESIAN_POINT ( 'NONE',  ( 0.1550000000000000544, -2.761427880799627746E-17, -0.07400000000000005185 ) ) ;
#1226 = VECTOR ( 'NONE', #2686, 39.37007874015748143 ) ;
#1227 = FILL_AREA_STYLE_COLOUR ( '', #2076 ) ;
#1228 = ORIENTED_EDGE ( 'NONE', *, *, #6363, .F. ) ;
#1229 = EDGE_CURVE ( 'NONE', #6044, #2669, #6605, .T. ) ;
#1230 = PLANE ( 'NONE',  #5467 ) ;
#1231 = ORIENTED_EDGE ( 'NONE', *, *, #2295, .T. ) ;
#1232 = EDGE_CURVE ( 'NONE', #3730, #4110, #1301, .T. ) ;
#1233 = ORIENTED_EDGE ( 'NONE', *, *, #3202, .F. ) ;
#1234 = VERTEX_POINT ( 'NONE', #2348 ) ;
#1235 = PLANE ( 'NONE',  #7251 ) ;
#1236 = VERTEX_POINT ( 'NONE', #4757 ) ;
#1237 = CARTESIAN_POINT ( 'NONE',  ( -0.07500000000000002498, 0.2099999999999999090, -0.3250000000000000666 ) ) ;
#1238 = ORIENTED_EDGE ( 'NONE', *, *, #2761, .F. ) ;
#1239 = CARTESIAN_POINT ( 'NONE',  ( 0.1550000000000000544, -1.707404996040164512E-17, 0.3300000000000000155 ) ) ;
#1240 = DIRECTION ( 'NONE',  ( -4.973757961760255702E-15, 0.7071067811865445751, -0.7071067811865505703 ) ) ;
#1241 = FILL_AREA_STYLE_COLOUR ( '', #2700 ) ;
#1242 = VECTOR ( 'NONE', #6930, 39.37007874015748143 ) ;
#1243 = AXIS2_PLACEMENT_3D ( 'NONE', #579, #6587, #5372 ) ;
#1244 = EDGE_CURVE ( 'NONE', #7398, #5192, #5389, .T. ) ;
#1245 = DIRECTION ( 'NONE',  ( 0.000000000000000000, -1.000000000000000000, 0.000000000000000000 ) ) ;
#1246 = ORIENTED_EDGE ( 'NONE', *, *, #6314, .T. ) ;
#1247 = LINE ( 'NONE', #3622, #2486 ) ;
#1248 = LINE ( 'NONE', #5881, #5237 ) ;
#1249 = ORIENTED_EDGE ( 'NONE', *, *, #5832, .F. ) ;
#1250 = ORIENTED_EDGE ( 'NONE', *, *, #1523, .T. ) ;
#1251 = ORIENTED_EDGE ( 'NONE', *, *, #7235, .F. ) ;
#1252 = CARTESIAN_POINT ( 'NONE',  ( -0.1249999999999997641, 0.1175000000000000072, -0.1300000000000000044 ) ) ;
#1253 = DIRECTION ( 'NONE',  ( 4.994192100871455057E-15, -0.7071067811865444641, 0.7071067811865504593 ) ) ;
#1254 =( NAMED_UNIT ( * ) PLANE_ANGLE_UNIT ( ) SI_UNIT ( $, .RADIAN. ) );
#1255 = EDGE_CURVE ( 'NONE', #6669, #205, #5507, .T. ) ;
#1256 = FACE_OUTER_BOUND ( 'NONE', #5471, .T. ) ;
#1257 = ORIENTED_EDGE ( 'NONE', *, *, #2189, .F. ) ;
#1258 = CARTESIAN_POINT ( 'NONE',  ( -0.1249999999999997641, 0.1175000000000000072, 0.3089999999999999414 ) ) ;
#1259 = FACE_OUTER_BOUND ( 'NONE', #806, .T. ) ;
#1260 = DIRECTION ( 'NONE',  ( 1.000000000000000000, 0.000000000000000000, -0.000000000000000000 ) ) ;
#1261 = CARTESIAN_POINT ( 'NONE',  ( 0.1550000000000000544, -1.707404996040164512E-17, -0.1090000000000000135 ) ) ;
#1262 = ORIENTED_EDGE ( 'NONE', *, *, #3372, .T. ) ;
#1263 = CARTESIAN_POINT ( 'NONE',  ( -0.1550000000000000266, 0.1069094488188977315, -0.1300000000000000044 ) ) ;
#1264 = ORIENTED_EDGE ( 'NONE', *, *, #3726, .T. ) ;
#1265 = EDGE_CURVE ( 'NONE', #6324, #6569, #114, .T. ) ;
#1266 = CARTESIAN_POINT ( 'NONE',  ( -0.1444094488188976677, 0.1075000000000000122, 0.1700000000000000400 ) ) ;
#1267 = EDGE_LOOP ( 'NONE', ( #7420, #3100, #4882, #116 ) ) ;
#1268 = ORIENTED_EDGE ( 'NONE', *, *, #6596, .F. ) ;
#1269 = DIRECTION ( 'NONE',  ( -0.000000000000000000, -0.000000000000000000, -1.000000000000000000 ) ) ;
#1270 = VERTEX_POINT ( 'NONE', #1927 ) ;
#1271 = ORIENTED_EDGE ( 'NONE', *, *, #3407, .F. ) ;
#1272 = CARTESIAN_POINT ( 'NONE',  ( -0.1444094488188969738, 0.004000000000000131922, 0.3300000000000000155 ) ) ;
#1273 = ORIENTED_EDGE ( 'NONE', *, *, #4934, .T. ) ;
#1274 = CARTESIAN_POINT ( 'NONE',  ( 0.1550000000000000266, 0.1069094488188977315, -0.1300000000000000044 ) ) ;
#1275 = ORIENTED_EDGE ( 'NONE', *, *, #333, .T. ) ;
#1276 = ADVANCED_FACE ( 'NONE', ( #4323 ), #3512, .F. ) ;
#1277 = DIRECTION ( 'NONE',  ( -4.973757961760255702E-15, 0.7071067811865445751, -0.7071067811865505703 ) ) ;
#1278 = CARTESIAN_POINT ( 'NONE',  ( 0.1250000000000014433, 1.942319323305372256E-15, 0.2260000000000000064 ) ) ;
#1279 = CARTESIAN_POINT ( 'NONE',  ( 0.1449999999999983802, -1.707404996040164512E-17, 0.2300000000000000377 ) ) ;
#1280 = EDGE_LOOP ( 'NONE', ( #5473, #1354, #2301, #7404 ) ) ;
#1281 = DIRECTION ( 'NONE',  ( 1.533174863687841128E-14, 1.000000000000000000, 0.000000000000000000 ) ) ;
#1282 = EDGE_CURVE ( 'NONE', #5577, #3625, #4235, .T. ) ;
#1283 = FACE_OUTER_BOUND ( 'NONE', #5598, .T. ) ;
#1284 = VERTEX_POINT ( 'NONE', #7150 ) ;
#1285 = ORIENTED_EDGE ( 'NONE', *, *, #3611, .F. ) ;
#1286 = VECTOR ( 'NONE', #425, 39.37007874015748143 ) ;
#1287 = FACE_OUTER_BOUND ( 'NONE', #5840, .T. ) ;
#1288 = CARTESIAN_POINT ( 'NONE',  ( 0.1249999999999997641, 0.1075000000000000122, -0.09100000000000003919 ) ) ;
#1289 = DIRECTION ( 'NONE',  ( -1.000000000000000000, 7.062854202149022777E-15, 0.000000000000000000 ) ) ;
#1290 = SURFACE_SIDE_STYLE ('',( #2417 ) ) ;
#1291 = ORIENTED_EDGE ( 'NONE', *, *, #1162, .F. ) ;
#1292 = EDGE_CURVE ( 'NONE', #3445, #3847, #6057, .T. ) ;
#1293 = VECTOR ( 'NONE', #306, 39.37007874015748143 ) ;
#1294 = ADVANCED_FACE ( 'NONE', ( #1178 ), #5976, .F. ) ;
#1295 = DIRECTION ( 'NONE',  ( -3.194114299349669345E-16, -1.000000000000000000, 0.000000000000000000 ) ) ;
#1296 = ORIENTED_EDGE ( 'NONE', *, *, #883, .T. ) ;
#1297 = PLANE ( 'NONE',  #6325 ) ;
#1298 = FACE_OUTER_BOUND ( 'NONE', #7752, .T. ) ;
#1299 = VECTOR ( 'NONE', #914, 39.37007874015748854 ) ;
#1300 = LINE ( 'NONE', #5423, #590 ) ;
#1301 = LINE ( 'NONE', #6565, #3972 ) ;
#1302 = VERTEX_POINT ( 'NONE', #5463 ) ;
#1303 = CARTESIAN_POINT ( 'NONE',  ( 0.1549999999999983336, -0.1300000000000000600, 0.2090000000000000191 ) ) ;
#1304 = DIRECTION ( 'NONE',  ( -1.000000000000000000, 0.000000000000000000, 0.000000000000000000 ) ) ;
#1305 = VERTEX_POINT ( 'NONE', #96 ) ;
#1306 = CARTESIAN_POINT ( 'NONE',  ( 0.1550000000000000544, 0.004000000000000018298, -0.1700000000000000400 ) ) ;
#1307 = EDGE_LOOP ( 'NONE', ( #2555, #1696, #6998, #3479 ) ) ;
#1308 = EDGE_CURVE ( 'NONE', #6533, #17, #5692, .T. ) ;
#1309 = AXIS2_PLACEMENT_3D ( 'NONE', #899, #2031, #6245 ) ;
#1310 = EDGE_LOOP ( 'NONE', ( #957, #4939, #5687, #5826 ) ) ;
#1311 = DIRECTION ( 'NONE',  ( 1.000000000000000000, 0.000000000000000000, 0.000000000000000000 ) ) ;
#1312 = VECTOR ( 'NONE', #6872, 39.37007874015748143 ) ;
#1313 = AXIS2_PLACEMENT_3D ( 'NONE', #5909, #1197, #1747 ) ;
#1314 = EDGE_LOOP ( 'NONE', ( #2744, #5602, #6344, #3225 ) ) ;
#1315 = LINE ( 'NONE', #181, #6140 ) ;
#1316 = DIRECTION ( 'NONE',  ( 0.000000000000000000, -0.000000000000000000, -1.000000000000000000 ) ) ;
#1317 = AXIS2_PLACEMENT_3D ( 'NONE', #5899, #4117, #4669 ) ;
#1318 = CARTESIAN_POINT ( 'NONE',  ( -0.1444094488188976677, 0.1075000000000000122, -0.1700000000000000400 ) ) ;
#1319 = DIRECTION ( 'NONE',  ( 4.994192100871497655E-15, 0.7071067811865504593, 0.7071067811865444641 ) ) ;
#1320 = EDGE_CURVE ( 'NONE', #609, #6256, #3873, .T. ) ;
#1321 = ORIENTED_EDGE ( 'NONE', *, *, #7132, .T. ) ;
#1322 = ORIENTED_EDGE ( 'NONE', *, *, #403, .F. ) ;
#1323 = CARTESIAN_POINT ( 'NONE',  ( -0.1444094488188976677, 0.1075000000000000122, 0.2699999999999999623 ) ) ;
#1324 = CARTESIAN_POINT ( 'NONE',  ( 0.1444094488188976955, 0.1069094488188977315, -0.03000000000000002318 ) ) ;
#1325 = ORIENTED_EDGE ( 'NONE', *, *, #6554, .F. ) ;
#1326 = VECTOR ( 'NONE', #6251, 39.37007874015748143 ) ;
#1327 = EDGE_CURVE ( 'NONE', #408, #7391, #169, .T. ) ;
#1328 = ADVANCED_FACE ( 'NONE', ( #1381 ), #1345, .F. ) ;
#1329 = EDGE_CURVE ( 'NONE', #6038, #5037, #3201, .T. ) ;
#1330 = ORIENTED_EDGE ( 'NONE', *, *, #5549, .F. ) ;
#1331 = DIRECTION ( 'NONE',  ( 0.000000000000000000, 0.000000000000000000, 1.000000000000000000 ) ) ;
#1332 = CARTESIAN_POINT ( 'NONE',  ( 0.1249999999999997641, 0.1175000000000000072, -0.2910000000000000364 ) ) ;
#1333 = PLANE ( 'NONE',  #4933 ) ;
#1334 = ADVANCED_FACE ( 'NONE', ( #5585 ), #871, .F. ) ;
#1335 = CARTESIAN_POINT ( 'NONE',  ( -0.1549999999999983336, -0.1300000000000000600, -0.1910000000000000309 ) ) ;
#1336 =( GEOMETRIC_REPRESENTATION_CONTEXT ( 3 ) GLOBAL_UNCERTAINTY_ASSIGNED_CONTEXT ( ( #2104 ) ) GLOBAL_UNIT_ASSIGNED_CONTEXT ( ( #597, #4709, #4790 ) ) REPRESENTATION_CONTEXT ( 'NONE', 'WORKASPACE' ) );
#1337 = CARTESIAN_POINT ( 'NONE',  ( 0.1549999999999994993, 0.03595472440944842002, -0.06195472440944872761 ) ) ;
#1338 = CIRCLE ( 'NONE', #5717, 0.0005905511811023039749 ) ;
#1339 = EDGE_LOOP ( 'NONE', ( #7464, #2418, #5967, #238, #4384, #571, #136, #5712 ) ) ;
#1340 = EDGE_CURVE ( 'NONE', #3277, #3789, #4228, .T. ) ;
#1341 = CARTESIAN_POINT ( 'NONE',  ( 0.1549999999999992772, -1.707404996040164512E-17, 0.008999999999999959421 ) ) ;
#1342 = AXIS2_PLACEMENT_3D ( 'NONE', #7349, #2508, #6649 ) ;
#1343 = CARTESIAN_POINT ( 'NONE',  ( 0.1449999999999983802, -1.707404996040164512E-17, -0.07000000000000000666 ) ) ;
#1344 = CARTESIAN_POINT ( 'NONE',  ( -0.1550000000000000266, 0.1069094488188977315, -0.2300000000000000100 ) ) ;
#1345 = PLANE ( 'NONE',  #4093 ) ;
#1346 = VECTOR ( 'NONE', #2248, 39.37007874015748143 ) ;
#1347 = CARTESIAN_POINT ( 'NONE',  ( 0.1249999999999997641, 0.1075000000000000122, 0.3300000000000000155 ) ) ;
#1348 = SURFACE_SIDE_STYLE ('',( #6103 ) ) ;
#1349 = DIRECTION ( 'NONE',  ( -0.000000000000000000, -0.000000000000000000, -1.000000000000000000 ) ) ;
#1350 = ORIENTED_EDGE ( 'NONE', *, *, #4168, .F. ) ;
#1351 = ORIENTED_EDGE ( 'NONE', *, *, #1693, .F. ) ;
#1352 = VERTEX_POINT ( 'NONE', #7494 ) ;
#1353 = LINE ( 'NONE', #5551, #4240 ) ;
#1354 = ORIENTED_EDGE ( 'NONE', *, *, #7600, .F. ) ;
#1355 = DIRECTION ( 'NONE',  ( 0.000000000000000000, -0.000000000000000000, -1.000000000000000000 ) ) ;
#1356 = ORIENTED_EDGE ( 'NONE', *, *, #5469, .T. ) ;
#1357 = VECTOR ( 'NONE', #2930, 39.37007874015748854 ) ;
#1358 = EDGE_CURVE ( 'NONE', #1825, #4032, #251, .T. ) ;
#1360 = VECTOR ( 'NONE', #5253, 39.37007874015748143 ) ;
#1359 = LINE ( 'NONE', #229, #4567 ) ;
#1361 = LINE ( 'NONE', #4257, #2763 ) ;
#1362 = ORIENTED_EDGE ( 'NONE', *, *, #5084, .F. ) ;
#1363 = VECTOR ( 'NONE', #656, 39.37007874015748143 ) ;
#1364 = ORIENTED_EDGE ( 'NONE', *, *, #5344, .T. ) ;
#1365 = ORIENTED_EDGE ( 'NONE', *, *, #1406, .T. ) ;
#1366 = DIRECTION ( 'NONE',  ( 1.000000000000000000, 0.000000000000000000, 0.000000000000000000 ) ) ;
#1367 = CARTESIAN_POINT ( 'NONE',  ( 0.1444094488188976677, 0.1175000000000000488, -0.07000000000000000666 ) ) ;
#1368 = ORIENTED_EDGE ( 'NONE', *, *, #510, .T. ) ;
#1369 = EDGE_CURVE ( 'NONE', #2390, #205, #3720, .T. ) ;
#1370 = EDGE_LOOP ( 'NONE', ( #5813, #5513, #1364, #5397 ) ) ;
#1371 = FACE_OUTER_BOUND ( 'NONE', #5485, .T. ) ;
#1372 = FACE_OUTER_BOUND ( 'NONE', #2798, .T. ) ;
#1373 = FACE_OUTER_BOUND ( 'NONE', #1123, .T. ) ;
#1374 =( NAMED_UNIT ( * ) SI_UNIT ( $, .STERADIAN. ) SOLID_ANGLE_UNIT ( ) );
#1375 = ORIENTED_EDGE ( 'NONE', *, *, #5295, .T. ) ;
#1376 = CARTESIAN_POINT ( 'NONE',  ( -7.791098234355730168E-21, 0.2099999999999999090, -0.3628221439731659781 ) ) ;
#1377 = EDGE_CURVE ( 'NONE', #876, #4891, #2617, .T. ) ;
#1378 = DIRECTION ( 'NONE',  ( 0.000000000000000000, 0.000000000000000000, 1.000000000000000000 ) ) ;
#1379 = LINE ( 'NONE', #3753, #3384 ) ;
#1380 = FACE_OUTER_BOUND ( 'NONE', #5419, .T. ) ;
#1381 = FACE_OUTER_BOUND ( 'NONE', #2484, .T. ) ;
#1382 = PRODUCT_DEFINITION ( 'UNKNOWN', '', #5980, #307 ) ;
#1383 = DIRECTION ( 'NONE',  ( 0.000000000000000000, 1.000000000000000000, 0.000000000000000000 ) ) ;
#1384 = EDGE_CURVE ( 'NONE', #3702, #4970, #755, .T. ) ;
#1385 = DIRECTION ( 'NONE',  ( -1.000000000000000000, -7.035477150404849144E-15, -1.521184922305145727E-18 ) ) ;
#1386 = CARTESIAN_POINT ( 'NONE',  ( -0.1550000000000000266, 0.1069094488188977315, 0.1089999999999999858 ) ) ;
#1387 = ORIENTED_EDGE ( 'NONE', *, *, #749, .T. ) ;
#1388 = ORIENTED_EDGE ( 'NONE', *, *, #2435, .T. ) ;
#1389 = LINE ( 'NONE', #3212, #3981 ) ;
#1390 = ORIENTED_EDGE ( 'NONE', *, *, #2741, .T. ) ;
#1391 = CARTESIAN_POINT ( 'NONE',  ( -0.1550000000000000544, -1.707404996040164512E-17, -0.3090000000000000524 ) ) ;
#1392 = ORIENTED_EDGE ( 'NONE', *, *, #2415, .T. ) ;
#1393 = ADVANCED_FACE ( 'NONE', ( #7387 ), #6877, .F. ) ;
#1394 = DIRECTION ( 'NONE',  ( 1.533174863687841128E-14, 1.000000000000000000, 0.000000000000000000 ) ) ;
#1395 = VERTEX_POINT ( 'NONE', #5543 ) ;
#1396 = ORIENTED_EDGE ( 'NONE', *, *, #1427, .T. ) ;
#1397 = DIRECTION ( 'NONE',  ( 0.000000000000000000, 0.000000000000000000, 1.000000000000000000 ) ) ;
#1398 = ADVANCED_FACE ( 'NONE', ( #7350 ), #1413, .F. ) ;
#1399 = FACE_OUTER_BOUND ( 'NONE', #6499, .T. ) ;
#1400 = VERTEX_POINT ( 'NONE', #5033 ) ;
#1401 = ORIENTED_EDGE ( 'NONE', *, *, #6303, .T. ) ;
#1402 = CARTESIAN_POINT ( 'NONE',  ( 0.1249999999999997641, 0.1075000000000000122, -0.03000000000000002318 ) ) ;
#1403 = DIRECTION ( 'NONE',  ( -1.000000000000000000, 0.000000000000000000, 0.000000000000000000 ) ) ;
#1404 = LINE ( 'NONE', #3782, #2151 ) ;
#1405 = DIRECTION ( 'NONE',  ( -7.134924142987280985E-15, 1.000000000000000000, -0.000000000000000000 ) ) ;
#1406 = EDGE_CURVE ( 'NONE', #5563, #6039, #2583, .T. ) ;
#1407 = DIRECTION ( 'NONE',  ( 4.975909242108299568E-15, 0.7071067811865505703, 0.7071067811865445751 ) ) ;
#1408 = ORIENTED_EDGE ( 'NONE', *, *, #4899, .F. ) ;
#1409 = VECTOR ( 'NONE', #753, 39.37007874015748143 ) ;
#1410 = CARTESIAN_POINT ( 'NONE',  ( -0.1250000000000000278, 0.1075000000000000122, -0.3750000000000001110 ) ) ;
#1411 = LINE ( 'NONE', #3790, #5074 ) ;
#1412 = CARTESIAN_POINT ( 'NONE',  ( -0.1250000000000014433, 1.933782298325171402E-15, -0.3260000000000000120 ) ) ;
#1413 = PLANE ( 'NONE',  #7487 ) ;
#1414 = VECTOR ( 'NONE', #6319, 39.37007874015748143 ) ;
#1415 = CARTESIAN_POINT ( 'NONE',  ( -0.1549999999999995826, 0.04495472440944931619, -0.1290452755905511228 ) ) ;
#1416 = EDGE_CURVE ( 'NONE', #5526, #3468, #4431, .T. ) ;
#1417 = VECTOR ( 'NONE', #5668, 39.37007874015748143 ) ;
#1418 = EDGE_CURVE ( 'NONE', #2451, #405, #1453, .T. ) ;
#1419 = LINE ( 'NONE', #3800, #7094 ) ;
#1420 = EDGE_CURVE ( 'NONE', #7507, #2155, #5071, .T. ) ;
#1421 = ORIENTED_EDGE ( 'NONE', *, *, #165, .T. ) ;
#1422 = DIRECTION ( 'NONE',  ( -0.000000000000000000, -0.000000000000000000, -1.000000000000000000 ) ) ;
#1423 = ORIENTED_EDGE ( 'NONE', *, *, #5130, .T. ) ;
#1424 = CARTESIAN_POINT ( 'NONE',  ( 0.1450000000000000455, 0.1069094488188977315, -0.1910000000000000309 ) ) ;
#1425 = ORIENTED_EDGE ( 'NONE', *, *, #6215, .T. ) ;
#1426 = VERTEX_POINT ( 'NONE', #6281 ) ;
#1427 = EDGE_CURVE ( 'NONE', #1043, #6379, #901, .T. ) ;
#1428 = DIRECTION ( 'NONE',  ( 0.1294283079955639570, 0.9831056027603600755, 0.1294283079955639293 ) ) ;
#1429 = AXIS2_PLACEMENT_3D ( 'NONE', #7347, #4833, #6054 ) ;
#1430 = CARTESIAN_POINT ( 'NONE',  ( -0.1449999999999983802, -1.707404996040164512E-17, -0.1700000000000000400 ) ) ;
#1431 = AXIS2_PLACEMENT_3D ( 'NONE', #7411, #3235, #3942 ) ;
#1432 = ORIENTED_EDGE ( 'NONE', *, *, #3852, .F. ) ;
#1433 = ORIENTED_EDGE ( 'NONE', *, *, #6590, .F. ) ;
#1434 = LINE ( 'NONE', #3223, #3343 ) ;
#1435 = DIRECTION ( 'NONE',  ( 0.000000000000000000, 1.000000000000000000, 0.000000000000000000 ) ) ;
#1436 = ORIENTED_EDGE ( 'NONE', *, *, #1232, .T. ) ;
#1437 = CIRCLE ( 'NONE', #2796, 0.0005905511811023039749 ) ;
#1438 = VECTOR ( 'NONE', #6570, 39.37007874015748143 ) ;
#1439 = VERTEX_POINT ( 'NONE', #6433 ) ;
#1440 = DIRECTION ( 'NONE',  ( -3.642463991552348986E-16, 0.000000000000000000, -1.000000000000000000 ) ) ;
#1441 = LINE ( 'NONE', #4989, #789 ) ;
#1442 = CARTESIAN_POINT ( 'NONE',  ( -0.1444094488188976677, 0.1075000000000000122, 0.02999999999999998848 ) ) ;
#1443 = VECTOR ( 'NONE', #6558, 39.37007874015748143 ) ;
#1444 = PLANE ( 'NONE',  #2098 ) ;
#1445 = CARTESIAN_POINT ( 'NONE',  ( -0.1444094488188976677, 0.1075000000000000122, -0.03000000000000002318 ) ) ;
#1446 = ORIENTED_EDGE ( 'NONE', *, *, #2499, .F. ) ;
#1447 = ADVANCED_FACE ( 'NONE', ( #7644 ), #5848, .F. ) ;
#1448 = VECTOR ( 'NONE', #3090, 39.37007874015748143 ) ;
#1449 = LINE ( 'NONE', #7452, #1312 ) ;
#1450 = PLANE ( 'NONE',  #6827 ) ;
#1451 = DIRECTION ( 'NONE',  ( 1.000000000000000000, 0.000000000000000000, -0.000000000000000000 ) ) ;
#1452 = VECTOR ( 'NONE', #6573, 39.37007874015748143 ) ;
#1453 = LINE ( 'NONE', #3837, #4481 ) ;
#1454 = CIRCLE ( 'NONE', #5846, 0.01059055118110233465 ) ;
#1455 = CIRCLE ( 'NONE', #4716, 0.0005905511811023039749 ) ;
#1456 = LINE ( 'NONE', #4594, #4966 ) ;
#1457 = EDGE_CURVE ( 'NONE', #5291, #4804, #6361, .T. ) ;
#1458 =( NAMED_UNIT ( * ) PLANE_ANGLE_UNIT ( ) SI_UNIT ( $, .RADIAN. ) );
#1459 = FACE_OUTER_BOUND ( 'NONE', #34, .T. ) ;
#1460 = EDGE_LOOP ( 'NONE', ( #1848, #74, #825, #2968 ) ) ;
#1461 = VERTEX_POINT ( 'NONE', #1567 ) ;
#1462 = DIRECTION ( 'NONE',  ( 0.000000000000000000, -0.000000000000000000, -1.000000000000000000 ) ) ;
#1463 = ORIENTED_EDGE ( 'NONE', *, *, #7013, .T. ) ;
#1464 = PLANE ( 'NONE',  #5011 ) ;
#1465 = ORIENTED_EDGE ( 'NONE', *, *, #694, .T. ) ;
#1466 = CARTESIAN_POINT ( 'NONE',  ( 0.1249999999999997641, 0.1075000000000000122, 0.1700000000000000400 ) ) ;
#1467 = EDGE_CURVE ( 'NONE', #5161, #2656, #4062, .T. ) ;
#1468 = LINE ( 'NONE', #2012, #6584 ) ;
#1469 = EDGE_CURVE ( 'NONE', #61, #2276, #428, .T. ) ;
#1470 = CARTESIAN_POINT ( 'NONE',  ( -0.1444094488188976955, 0.1069094488188977315, 0.09099999999999999756 ) ) ;
#1471 = ORIENTED_EDGE ( 'NONE', *, *, #7281, .T. ) ;
#1472 = EDGE_LOOP ( 'NONE', ( #2237, #375, #946, #2166 ) ) ;
#1473 = DIRECTION ( 'NONE',  ( 0.000000000000000000, 1.000000000000000000, 0.000000000000000000 ) ) ;
#1474 = DIRECTION ( 'NONE',  ( -1.000000000000000000, 1.759354438110327554E-15, 0.000000000000000000 ) ) ;
#1475 = AXIS2_PLACEMENT_3D ( 'NONE', #5127, #5825, #6858 ) ;
#1476 = VECTOR ( 'NONE', #1556, 39.37007874015748143 ) ;
#1477 = EDGE_CURVE ( 'NONE', #4230, #1395, #6476, .T. ) ;
#1478 = CARTESIAN_POINT ( 'NONE',  ( -0.1249999999999997641, 0.1075000000000000122, -0.3300000000000000155 ) ) ;
#1479 = DIRECTION ( 'NONE',  ( 1.000000000000000000, 1.759354438110327554E-15, 0.000000000000000000 ) ) ;
#1480 = PLANE ( 'NONE',  #2284 ) ;
#1481 = CARTESIAN_POINT ( 'NONE',  ( -0.1550000000000000266, 0.1069094488188977315, -0.1910000000000000309 ) ) ;
#1482 = UNCERTAINTY_MEASURE_WITH_UNIT (LENGTH_MEASURE( 1.000000000000000082E-05 ), #4355, 'distance_accuracy_value', 'NONE');
#1483 = CARTESIAN_POINT ( 'NONE',  ( -0.1444094488188976955, 0.1069094488188977315, 0.1089999999999999858 ) ) ;
#1484 = ORIENTED_EDGE ( 'NONE', *, *, #3757, .T. ) ;
#1485 = VECTOR ( 'NONE', #126, 39.37007874015748143 ) ;
#1486 = ADVANCED_FACE ( 'NONE', ( #2728 ), #1091, .F. ) ;
#1487 = CARTESIAN_POINT ( 'NONE',  ( -0.1250000000000014433, 1.933782298325171402E-15, 0.1740000000000000435 ) ) ;
#1488 = FACE_OUTER_BOUND ( 'NONE', #7733, .T. ) ;
#1489 = DIRECTION ( 'NONE',  ( -1.000000000000000000, 0.000000000000000000, 0.000000000000000000 ) ) ;
#1490 = VECTOR ( 'NONE', #1112, 39.37007874015748143 ) ;
#1491 = DIRECTION ( 'NONE',  ( 1.000000000000000000, 6.829619984160659821E-15, -0.000000000000000000 ) ) ;
#1492 = EDGE_CURVE ( 'NONE', #4285, #7621, #7054, .T. ) ;
#1493 = MANIFOLD_SOLID_BREP ( 'Housing', #3040 ) ;
#1494 = CARTESIAN_POINT ( 'NONE',  ( 0.1249999999999999584, 0.1175000000000000072, 0.3750000000000001665 ) ) ;
#1495 = CARTESIAN_POINT ( 'NONE',  ( -0.1449999999999992684, -1.707404996040164512E-17, 0.1910000000000000309 ) ) ;
#1496 = CARTESIAN_POINT ( 'NONE',  ( -0.1450000000000000178, 0.1069094488188977315, 0.2090000000000000191 ) ) ;
#1497 = LINE ( 'NONE', #6993, #3196 ) ;
#1498 = VERTEX_POINT ( 'NONE', #2221 ) ;
#1499 = ORIENTED_EDGE ( 'NONE', *, *, #5873, .F. ) ;
#1500 = CARTESIAN_POINT ( 'NONE',  ( 0.1449999999999983802, -1.707404996040164512E-17, -0.1700000000000000400 ) ) ;
#1501 = ADVANCED_FACE ( 'NONE', ( #7609 ), #474, .F. ) ;
#1502 = EDGE_LOOP ( 'NONE', ( #4680, #5044, #4326, #5007 ) ) ;
#1503 = CARTESIAN_POINT ( 'NONE',  ( -0.1250000000000013878, 0.004000000000001979403, -0.1300000000000000877 ) ) ;
#1504 = CARTESIAN_POINT ( 'NONE',  ( -0.1450000000000000455, 0.1069094488188977315, -0.2910000000000000364 ) ) ;
#1505 = CARTESIAN_POINT ( 'NONE',  ( 0.1444094488188976677, 0.1175000000000000488, 0.2300000000000000377 ) ) ;
#1506 = VERTEX_POINT ( 'NONE', #3907 ) ;
#1507 = VERTEX_POINT ( 'NONE', #6321 ) ;
#1508 = FACE_OUTER_BOUND ( 'NONE', #2558, .T. ) ;
#1509 = ORIENTED_EDGE ( 'NONE', *, *, #6083, .F. ) ;
#1510 = PLANE ( 'NONE',  #4557 ) ;
#1511 = CARTESIAN_POINT ( 'NONE',  ( 0.1249999999999997641, 0.1175000000000000072, -0.2300000000000000100 ) ) ;
#1512 = SURFACE_STYLE_FILL_AREA ( #6350 ) ;
#1513 = EDGE_CURVE ( 'NONE', #24, #7763, #1641, .T. ) ;
#1514 = CARTESIAN_POINT ( 'NONE',  ( -0.1449999999999992684, -1.707404996040164512E-17, -0.009000000000000027076 ) ) ;
#1515 = CARTESIAN_POINT ( 'NONE',  ( 0.1449999999999983802, -1.707404996040164512E-17, -0.1700000000000000400 ) ) ;
#1516 = DIRECTION ( 'NONE',  ( 1.000000000000000000, 0.000000000000000000, 7.036998335327214835E-15 ) ) ;
#1517 = VERTEX_POINT ( 'NONE', #3425 ) ;
#1518 = FACE_OUTER_BOUND ( 'NONE', #1339, .T. ) ;
#1519 = ORIENTED_EDGE ( 'NONE', *, *, #5910, .T. ) ;
#1520 = CARTESIAN_POINT ( 'NONE',  ( -0.1550000000000000544, -2.761427880799627746E-17, 0.3259999999999999565 ) ) ;
#1521 = CARTESIAN_POINT ( 'NONE',  ( -0.1444094488188976955, 0.1069094488188977315, 0.1089999999999999858 ) ) ;
#1522 = EDGE_CURVE ( 'NONE', #7490, #4800, #2848, .T. ) ;
#1523 = EDGE_CURVE ( 'NONE', #5015, #726, #4488, .T. ) ;
#1524 = EDGE_LOOP ( 'NONE', ( #764, #5016, #2502, #7747, #4532, #7562, #6782, #2657 ) ) ;
#1525 = VECTOR ( 'NONE', #1176, 39.37007874015748143 ) ;
#1526 = MANIFOLD_SOLID_BREP ( 'LPattern1[1]', #2285 ) ;
#1527 = CARTESIAN_POINT ( 'NONE',  ( -0.1444094488188969738, 0.004000000000000131922, -0.07000000000000000666 ) ) ;
#1528 = LINE ( 'NONE', #1496, #6801 ) ;
#1529 = DIMENSIONAL_EXPONENTS ( 1.000000000000000000, 0.000000000000000000, 0.000000000000000000, 0.000000000000000000, 0.000000000000000000, 0.000000000000000000, 0.000000000000000000 ) ;
#1530 = AXIS2_PLACEMENT_3D ( 'NONE', #4577, #3259, #6273 ) ;
#1531 = DIRECTION ( 'NONE',  ( 0.1305261922200518787, -0.9914448613738103822, 0.000000000000000000 ) ) ;
#1532 = ORIENTED_EDGE ( 'NONE', *, *, #6810, .T. ) ;
#1533 = LINE ( 'NONE', #7538, #2834 ) ;
#1534 = ORIENTED_EDGE ( 'NONE', *, *, #4437, .T. ) ;
#1535 = VERTEX_POINT ( 'NONE', #6553 ) ;
#1536 = VECTOR ( 'NONE', #1885, 39.37007874015748143 ) ;
#1537 = LINE ( 'NONE', #992, #1299 ) ;
#1538 = DIRECTION ( 'NONE',  ( -0.000000000000000000, -0.000000000000000000, -1.000000000000000000 ) ) ;
#1539 = MANIFOLD_SOLID_BREP ( 'LPattern1[9]', #7056 ) ;
#1540 = EDGE_CURVE ( 'NONE', #2113, #21, #4702, .T. ) ;
#1541 = CARTESIAN_POINT ( 'NONE',  ( 0.1550000000000000266, 0.1069094488188977315, -0.2910000000000000364 ) ) ;
#1542 = ORIENTED_EDGE ( 'NONE', *, *, #7743, .F. ) ;
#1543 = ORIENTED_EDGE ( 'NONE', *, *, #4408, .T. ) ;
#1544 = CARTESIAN_POINT ( 'NONE',  ( -0.1450000000000000178, 0.1069094488188977315, 0.008999999999999959421 ) ) ;
#1545 = EDGE_LOOP ( 'NONE', ( #3488, #6376, #4015, #1224 ) ) ;
#1546 = CARTESIAN_POINT ( 'NONE',  ( -0.1549999999999994993, 0.03595472440944842002, 0.03804527559055129876 ) ) ;
#1547 = ORIENTED_EDGE ( 'NONE', *, *, #6211, .F. ) ;
#1548 = AXIS2_PLACEMENT_3D ( 'NONE', #4263, #3079, #5567 ) ;
#1549 = AXIS2_PLACEMENT_3D ( 'NONE', #4907, #4351, #4308 ) ;
#1550 = EDGE_CURVE ( 'NONE', #4848, #6575, #4749, .T. ) ;
#1551 = DIRECTION ( 'NONE',  ( 1.000000000000000000, 1.759354438110327554E-15, 0.000000000000000000 ) ) ;
#1552 = CARTESIAN_POINT ( 'NONE',  ( 0.1449999999999983802, -1.707404996040164512E-17, 0.2699999999999999623 ) ) ;
#1553 = DIRECTION ( 'NONE',  ( 1.000000000000000000, 0.000000000000000000, 0.000000000000000000 ) ) ;
#1554 = SURFACE_SIDE_STYLE ('',( #5252 ) ) ;
#1555 = ADVANCED_FACE ( 'NONE', ( #1129 ), #6679, .F. ) ;
#1556 = DIRECTION ( 'NONE',  ( -0.000000000000000000, -0.000000000000000000, -1.000000000000000000 ) ) ;
#1557 = VECTOR ( 'NONE', #4049, 39.37007874015748854 ) ;
#1558 = AXIS2_PLACEMENT_3D ( 'NONE', #3398, #994, #5235 ) ;
#1559 = ORIENTED_EDGE ( 'NONE', *, *, #449, .F. ) ;
#1560 = EDGE_CURVE ( 'NONE', #2945, #4979, #7144, .T. ) ;
#1561 = DIRECTION ( 'NONE',  ( 4.975909242108299568E-15, 0.7071067811865505703, 0.7071067811865445751 ) ) ;
#1562 = EDGE_CURVE ( 'NONE', #6181, #691, #6127, .T. ) ;
#1563 = CARTESIAN_POINT ( 'NONE',  ( 0.1444094488188976677, 0.1075000000000000122, 0.07000000000000000666 ) ) ;
#1564 = AXIS2_PLACEMENT_3D ( 'NONE', #2314, #4675, #7702 ) ;
#1565 = EDGE_CURVE ( 'NONE', #7091, #6578, #243, .T. ) ;
#1566 = DIRECTION ( 'NONE',  ( -1.000000000000000000, 6.829619984160659821E-15, 0.000000000000000000 ) ) ;
#1567 = CARTESIAN_POINT ( 'NONE',  ( -0.07500000000000002498, 0.2049999999999999045, -0.3450000000000000844 ) ) ;
#1568 = EDGE_CURVE ( 'NONE', #3446, #5142, #3783, .T. ) ;
#1569 = ORIENTED_EDGE ( 'NONE', *, *, #1077, .F. ) ;
#1570 = VECTOR ( 'NONE', #7059, 39.37007874015748143 ) ;
#1571 = LINE ( 'NONE', #6839, #4700 ) ;
#1572 = VECTOR ( 'NONE', #2241, 39.37007874015748854 ) ;
#1573 = CARTESIAN_POINT ( 'NONE',  ( 0.1444094488188976677, 0.1075000000000000122, 0.2300000000000000377 ) ) ;
#1574 = CARTESIAN_POINT ( 'NONE',  ( -0.1249999999999997641, 0.1175000000000000072, 0.3750000000000002220 ) ) ;
#1575 = CARTESIAN_POINT ( 'NONE',  ( -0.1444094488188976955, 0.1069094488188977315, -0.1910000000000000309 ) ) ;
#1576 = CARTESIAN_POINT ( 'NONE',  ( -0.1449999999999983524, -0.1299999999999999767, -0.09100000000000003919 ) ) ;
#1577 = ORIENTED_EDGE ( 'NONE', *, *, #4385, .T. ) ;
#1578 = CARTESIAN_POINT ( 'NONE',  ( -0.1449999999999995182, 0.03595472440944844084, 0.2380452755905512752 ) ) ;
#1579 =( GEOMETRIC_REPRESENTATION_CONTEXT ( 3 ) GLOBAL_UNCERTAINTY_ASSIGNED_CONTEXT ( ( #4465 ) ) GLOBAL_UNIT_ASSIGNED_CONTEXT ( ( #392, #4436, #3912 ) ) REPRESENTATION_CONTEXT ( 'NONE', 'WORKASPACE' ) );
#1580 = AXIS2_PLACEMENT_3D ( 'NONE', #996, #448, #2823 ) ;
#1581 = VERTEX_POINT ( 'NONE', #3747 ) ;
#1582 = DIRECTION ( 'NONE',  ( 1.000000000000000000, 0.000000000000000000, 0.000000000000000000 ) ) ;
#1583 = DIRECTION ( 'NONE',  ( 1.000000000000000000, 0.000000000000000000, -0.000000000000000000 ) ) ;
#1584 = ORIENTED_EDGE ( 'NONE', *, *, #3476, .T. ) ;
#1585 = DIRECTION ( 'NONE',  ( 1.000000000000000000, 0.000000000000000000, -0.000000000000000000 ) ) ;
#1586 = ORIENTED_EDGE ( 'NONE', *, *, #3179, .F. ) ;
#1587 = EDGE_LOOP ( 'NONE', ( #3481, #4854, #5137, #3523 ) ) ;
#1588 = LINE ( 'NONE', #3254, #250 ) ;
#1589 = ORIENTED_EDGE ( 'NONE', *, *, #6987, .T. ) ;
#1590 = CARTESIAN_POINT ( 'NONE',  ( 0.1449999999999991573, 0.004000000000000079881, 0.2699999999999999067 ) ) ;
#1591 = ORIENTED_EDGE ( 'NONE', *, *, #2748, .F. ) ;
#1592 = EDGE_CURVE ( 'NONE', #4407, #740, #819, .T. ) ;
#1593 = MECHANICAL_DESIGN_GEOMETRIC_PRESENTATION_REPRESENTATION (  '', ( #3959 ), #1968 ) ;
#1594 = CARTESIAN_POINT ( 'NONE',  ( -0.1550000000000000266, 0.1069094488188977315, 0.2699999999999999623 ) ) ;
#1595 = DIRECTION ( 'NONE',  ( 0.000000000000000000, -0.000000000000000000, -1.000000000000000000 ) ) ;
#1596 = CARTESIAN_POINT ( 'NONE',  ( -0.1449999999999983524, 4.274049269606410852E-17, 0.2260000000000000064 ) ) ;
#1597 =( CONVERSION_BASED_UNIT ( 'INCH', #1082 ) LENGTH_UNIT ( ) NAMED_UNIT ( #6403 ) );
#1598 = DIRECTION ( 'NONE',  ( 0.000000000000000000, 0.000000000000000000, 1.000000000000000000 ) ) ;
#1599 = VERTEX_POINT ( 'NONE', #4464 ) ;
#1600 = ADVANCED_FACE ( 'NONE', ( #3828 ), #2538, .F. ) ;
#1601 = STYLED_ITEM ( 'NONE', ( #973 ), #1493 ) ;
#1602 = CARTESIAN_POINT ( 'NONE',  ( 0.1444094488188976677, 0.1075000000000000122, 0.1700000000000000400 ) ) ;
#1603 = PLANE ( 'NONE',  #6320 ) ;
#1604 = DIRECTION ( 'NONE',  ( 1.000000000000000000, 0.000000000000000000, 0.000000000000000000 ) ) ;
#1605 = VECTOR ( 'NONE', #6517, 39.37007874015748143 ) ;
#1606 = EDGE_CURVE ( 'NONE', #1761, #1701, #5574, .T. ) ;
#1607 = PLANE ( 'NONE',  #5087 ) ;
#1608 = DIRECTION ( 'NONE',  ( -1.000000000000000000, -7.033955965482544985E-15, 0.000000000000000000 ) ) ;
#1609 = CIRCLE ( 'NONE', #3207, 0.01059055118110233465 ) ;
#1610 = CARTESIAN_POINT ( 'NONE',  ( -0.1550000000000000544, -1.707404996040164512E-17, 0.2300000000000000377 ) ) ;
#1611 = DIRECTION ( 'NONE',  ( -5.045153244757900714E-15, 0.7071067811865444641, -0.7071067811865504593 ) ) ;
#1612 = LINE ( 'NONE', #5699, #4841 ) ;
#1613 = DIRECTION ( 'NONE',  ( -7.134924142987280985E-15, 1.000000000000000000, -0.000000000000000000 ) ) ;
#1614 = ORIENTED_EDGE ( 'NONE', *, *, #3338, .T. ) ;
#1615 = CARTESIAN_POINT ( 'NONE',  ( -0.1249999999999997641, 0.1075000000000000122, 0.1300000000000000044 ) ) ;
#1616 = EDGE_LOOP ( 'NONE', ( #4859, #7245, #7067, #7239 ) ) ;
#1617 = ORIENTED_EDGE ( 'NONE', *, *, #6610, .F. ) ;
#1618 = CARTESIAN_POINT ( 'NONE',  ( -0.1444094488188976955, 0.1069094488188977315, -0.2700000000000000178 ) ) ;
#1619 = ORIENTED_EDGE ( 'NONE', *, *, #7743, .T. ) ;
#1620 = LINE ( 'NONE', #2706, #2319 ) ;
#1621 = VERTEX_POINT ( 'NONE', #2501 ) ;
#1622 = ORIENTED_EDGE ( 'NONE', *, *, #1854, .F. ) ;
#1623 = CARTESIAN_POINT ( 'NONE',  ( 0.1444094488188976955, 0.1069094488188977315, 0.1700000000000000400 ) ) ;
#1624 = EDGE_CURVE ( 'NONE', #1789, #4967, #6239, .T. ) ;
#1625 = ORIENTED_EDGE ( 'NONE', *, *, #1320, .F. ) ;
#1626 = LINE ( 'NONE', #5129, #678 ) ;
#1627 = EDGE_CURVE ( 'NONE', #6268, #7507, #2575, .T. ) ;
#1628 = DIRECTION ( 'NONE',  ( 1.000000000000000000, 0.000000000000000000, 0.000000000000000000 ) ) ;
#1629 = DIRECTION ( 'NONE',  ( -1.533174863687841128E-14, 1.000000000000000000, 0.000000000000000000 ) ) ;
#1630 = EDGE_CURVE ( 'NONE', #1352, #3305, #1992, .T. ) ;
#1631 = DIRECTION ( 'NONE',  ( 3.194114299349669345E-16, -1.000000000000000000, 0.000000000000000000 ) ) ;
#1632 = DIRECTION ( 'NONE',  ( 0.000000000000000000, 0.7071067811865504593, 0.7071067811865444641 ) ) ;
#1633 = MANIFOLD_SOLID_BREP ( 'Mirror1', #4035 ) ;
#1634 = DIRECTION ( 'NONE',  ( -1.000000000000000000, 0.000000000000000000, 0.000000000000000000 ) ) ;
#1635 = ORIENTED_EDGE ( 'NONE', *, *, #5829, .F. ) ;
#1636 = DIMENSIONAL_EXPONENTS ( 1.000000000000000000, 0.000000000000000000, 0.000000000000000000, 0.000000000000000000, 0.000000000000000000, 0.000000000000000000, 0.000000000000000000 ) ;
#1637 = ORIENTED_EDGE ( 'NONE', *, *, #560, .F. ) ;
#1638 = DIRECTION ( 'NONE',  ( 0.000000000000000000, 0.7071067811865504593, 0.7071067811865444641 ) ) ;
#1639 = EDGE_CURVE ( 'NONE', #4343, #7250, #3120, .T. ) ;
#1640 = DIRECTION ( 'NONE',  ( -7.062854202149022777E-15, -1.000000000000000000, 0.000000000000000000 ) ) ;
#1641 = LINE ( 'NONE', #4019, #2964 ) ;
#1642 = CARTESIAN_POINT ( 'NONE',  ( 0.1449999999999983524, 4.274049269606410852E-17, 0.1259999999999999731 ) ) ;
#1643 = LINE ( 'NONE', #4023, #6219 ) ;
#1644 = DIRECTION ( 'NONE',  ( 1.000000000000000000, 0.000000000000000000, 0.000000000000000000 ) ) ;
#1645 = LINE ( 'NONE', #983, #7172 ) ;
#1646 = PLANE ( 'NONE',  #6975 ) ;
#1647 = CARTESIAN_POINT ( 'NONE',  ( -0.1444094488188976677, 0.1175000000000000488, 0.008999999999999959421 ) ) ;
#1648 = ORIENTED_EDGE ( 'NONE', *, *, #7051, .F. ) ;
#1649 = CARTESIAN_POINT ( 'NONE',  ( -0.1449999999999984357, 0.004000000000000162280, 0.2300000000000000377 ) ) ;
#1650 = ORIENTED_EDGE ( 'NONE', *, *, #5549, .T. ) ;
#1651 = ADVANCED_FACE ( 'NONE', ( #4991 ), #2610, .F. ) ;
#1652 = ADVANCED_FACE ( 'NONE', ( #6824 ), #1444, .F. ) ;
#1653 = DIRECTION ( 'NONE',  ( 1.000000000000000000, -7.035477150404849144E-15, -1.521184922305145727E-18 ) ) ;
#1654 = VECTOR ( 'NONE', #6331, 39.37007874015748143 ) ;
#1655 = SURFACE_SIDE_STYLE ('',( #445 ) ) ;
#1656 = ORIENTED_EDGE ( 'NONE', *, *, #2830, .F. ) ;
#1657 = ADVANCED_FACE ( 'NONE', ( #7558 ), #461, .F. ) ;
#1658 = CARTESIAN_POINT ( 'NONE',  ( 0.1550000000000000266, 0.1069094488188977315, -0.09100000000000003919 ) ) ;
#1659 = VERTEX_POINT ( 'NONE', #2173 ) ;
#1660 = VERTEX_POINT ( 'NONE', #3413 ) ;
#1661 = CARTESIAN_POINT ( 'NONE',  ( 0.1444094488188976955, -1.707404996040164512E-17, -0.1090000000000000135 ) ) ;
#1662 = VERTEX_POINT ( 'NONE', #5836 ) ;
#1663 = LINE ( 'NONE', #4045, #804 ) ;
#1664 = VECTOR ( 'NONE', #3043, 39.37007874015748143 ) ;
#1665 = EDGE_CURVE ( 'NONE', #2517, #3882, #2252, .T. ) ;
#1666 = VECTOR ( 'NONE', #3231, 39.37007874015748854 ) ;
#1667 = CARTESIAN_POINT ( 'NONE',  ( -0.1449999999999983802, -1.707404996040164512E-17, 0.008999999999999959421 ) ) ;
#1668 = LINE ( 'NONE', #4051, #4034 ) ;
#1669 = CARTESIAN_POINT ( 'NONE',  ( -0.1550000000000000266, 0.1069094488188977315, -0.09100000000000003919 ) ) ;
#1670 = LINE ( 'NONE', #1041, #5246 ) ;
#1671 = LINE ( 'NONE', #5916, #111 ) ;
#1672 = ORIENTED_EDGE ( 'NONE', *, *, #4500, .T. ) ;
#1673 = ORIENTED_EDGE ( 'NONE', *, *, #2336, .T. ) ;
#1674 = CARTESIAN_POINT ( 'NONE',  ( -0.1449999999999983524, -0.1299999999999999767, 0.008999999999999959421 ) ) ;
#1675 = LINE ( 'NONE', #5921, #7677 ) ;
#1676 = VECTOR ( 'NONE', #4656, 39.37007874015748143 ) ;
#1677 = AXIS2_PLACEMENT_3D ( 'NONE', #4378, #4450, #4974 ) ;
#1678 = CARTESIAN_POINT ( 'NONE',  ( -0.1449999999999983802, -1.707404996040164512E-17, -0.3300000000000000155 ) ) ;
#1679 = VECTOR ( 'NONE', #4531, 39.37007874015748143 ) ;
#1680 = EDGE_LOOP ( 'NONE', ( #2008, #2434, #774, #5775 ) ) ;
#1681 = EDGE_CURVE ( 'NONE', #3682, #5527, #4538, .T. ) ;
#1682 = AXIS2_PLACEMENT_3D ( 'NONE', #2193, #2813, #265 ) ;
#1683 = CARTESIAN_POINT ( 'NONE',  ( -0.1449999999999983524, -0.1299999999999999767, 0.2090000000000000191 ) ) ;
#1684 = EDGE_LOOP ( 'NONE', ( #1532, #838, #6326, #3056 ) ) ;
#1685 = CARTESIAN_POINT ( 'NONE',  ( 0.1444094488188976955, 0.1069094488188977315, 0.07000000000000000666 ) ) ;
#1686 = LINE ( 'NONE', #7148, #4417 ) ;
#1687 = DIRECTION ( 'NONE',  ( -0.000000000000000000, 0.000000000000000000, 1.000000000000000000 ) ) ;
#1688 = DIRECTION ( 'NONE',  ( 0.000000000000000000, -0.000000000000000000, 1.000000000000000000 ) ) ;
#1689 = EDGE_LOOP ( 'NONE', ( #6289, #7675, #2688, #1061, #7589, #7686, #6409, #3420 ) ) ;
#1690 = PLANE ( 'NONE',  #5586 ) ;
#1691 = VECTOR ( 'NONE', #2303, 39.37007874015748143 ) ;
#1692 = EDGE_LOOP ( 'NONE', ( #4108, #879, #3647, #1111 ) ) ;
#1693 = EDGE_CURVE ( 'NONE', #3342, #2669, #7495, .T. ) ;
#1694 = CARTESIAN_POINT ( 'NONE',  ( -0.1249999999999997641, 0.1075000000000000122, 0.3750000000000002220 ) ) ;
#1695 = MANIFOLD_SOLID_BREP ( 'LPattern1[10]', #175 ) ;
#1696 = ORIENTED_EDGE ( 'NONE', *, *, #3407, .T. ) ;
#1697 = PLANE ( 'NONE',  #87 ) ;
#1698 = MECHANICAL_DESIGN_GEOMETRIC_PRESENTATION_REPRESENTATION (  '', ( #3945 ), #1579 ) ;
#1699 = CIRCLE ( 'NONE', #4339, 0.0005905511811023039749 ) ;
#1700 = ORIENTED_EDGE ( 'NONE', *, *, #1939, .T. ) ;
#1701 = VERTEX_POINT ( 'NONE', #928 ) ;
#1702 = CARTESIAN_POINT ( 'NONE',  ( 0.1250000000000014433, 1.933782298325171402E-15, -0.2260000000000000064 ) ) ;
#1703 = ORIENTED_EDGE ( 'NONE', *, *, #6293, .F. ) ;
#1704 = FACE_OUTER_BOUND ( 'NONE', #3733, .T. ) ;
#1705 = EDGE_CURVE ( 'NONE', #3036, #2254, #963, .T. ) ;
#1706 = EDGE_CURVE ( 'NONE', #7707, #7423, #5099, .T. ) ;
#1707 = CARTESIAN_POINT ( 'NONE',  ( -0.1549999999999995826, 0.04495472440944931619, 0.07095472440944888826 ) ) ;
#1708 = DIRECTION ( 'NONE',  ( 0.000000000000000000, 0.000000000000000000, 1.000000000000000000 ) ) ;
#1709 = CARTESIAN_POINT ( 'NONE',  ( 0.1449999999999999900, 0.1069094488188977315, 0.1300000000000000044 ) ) ;
#1710 = DIRECTION ( 'NONE',  ( 5.045153244757943312E-15, -0.7071067811865504593, -0.7071067811865444641 ) ) ;
#1711 = ORIENTED_EDGE ( 'NONE', *, *, #252, .T. ) ;
#1712 = LINE ( 'NONE', #6589, #5002 ) ;
#1713 = UNCERTAINTY_MEASURE_WITH_UNIT (LENGTH_MEASURE( 1.000000000000000082E-05 ), #5314, 'distance_accuracy_value', 'NONE');
#1714 = DIRECTION ( 'NONE',  ( 0.000000000000000000, 0.000000000000000000, 1.000000000000000000 ) ) ;
#1715 = ORIENTED_EDGE ( 'NONE', *, *, #4315, .F. ) ;
#1716 = VECTOR ( 'NONE', #7668, 39.37007874015748143 ) ;
#1717 = ORIENTED_EDGE ( 'NONE', *, *, #3276, .T. ) ;
#1718 = EDGE_CURVE ( 'NONE', #3560, #1581, #4506, .T. ) ;
#1719 = CARTESIAN_POINT ( 'NONE',  ( -0.1449999999999983802, -1.707404996040164512E-17, 0.02999999999999998848 ) ) ;
#1720 = CARTESIAN_POINT ( 'NONE',  ( 0.1550000000000000544, -2.761427880799627746E-17, 0.2260000000000000064 ) ) ;
#1721 = DIRECTION ( 'NONE',  ( -0.000000000000000000, -0.000000000000000000, -1.000000000000000000 ) ) ;
#1722 = ORIENTED_EDGE ( 'NONE', *, *, #6902, .F. ) ;
#1723 = VECTOR ( 'NONE', #4236, 39.37007874015748143 ) ;
#1724 = DIRECTION ( 'NONE',  ( -2.731847993664266177E-16, 0.000000000000000000, -1.000000000000000000 ) ) ;
#1725 = ORIENTED_EDGE ( 'NONE', *, *, #6282, .T. ) ;
#1726 = FILL_AREA_STYLE_COLOUR ( '', #828 ) ;
#1727 = CARTESIAN_POINT ( 'NONE',  ( 0.1249999999999997641, 0.1075000000000000122, 0.2300000000000000377 ) ) ;
#1728 = FACE_OUTER_BOUND ( 'NONE', #5089, .T. ) ;
#1729 = VECTOR ( 'NONE', #666, 39.37007874015748143 ) ;
#1730 = AXIS2_PLACEMENT_3D ( 'NONE', #5913, #2996, #3454 ) ;
#1731 = PLANE ( 'NONE',  #4850 ) ;
#1732 = FACE_OUTER_BOUND ( 'NONE', #2762, .T. ) ;
#1733 = ADVANCED_FACE ( 'NONE', ( #3303 ), #382, .F. ) ;
#1734 = EDGE_LOOP ( 'NONE', ( #77, #3159, #6592, #2083 ) ) ;
#1735 = FACE_OUTER_BOUND ( 'NONE', #373, .T. ) ;
#1736 = ORIENTED_EDGE ( 'NONE', *, *, #2259, .F. ) ;
#1737 = AXIS2_PLACEMENT_3D ( 'NONE', #5604, #3816, #233 ) ;
#1738 = FACE_OUTER_BOUND ( 'NONE', #2642, .T. ) ;
#1739 =( NAMED_UNIT ( * ) PLANE_ANGLE_UNIT ( ) SI_UNIT ( $, .RADIAN. ) );
#1740 = ORIENTED_EDGE ( 'NONE', *, *, #6323, .T. ) ;
#1741 = FACE_OUTER_BOUND ( 'NONE', #848, .T. ) ;
#1742 = EDGE_CURVE ( 'NONE', #3568, #2058, #1670, .T. ) ;
#1743 = ORIENTED_EDGE ( 'NONE', *, *, #7203, .T. ) ;
#1744 = ORIENTED_EDGE ( 'NONE', *, *, #1265, .T. ) ;
#1745 = DIRECTION ( 'NONE',  ( 0.000000000000000000, -0.000000000000000000, -1.000000000000000000 ) ) ;
#1746 = EDGE_LOOP ( 'NONE', ( #5754, #6386, #1022, #4380, #4612, #3371, #2982, #2775, #7660, #2106 ) ) ;
#1747 = DIRECTION ( 'NONE',  ( 0.000000000000000000, 0.000000000000000000, 1.000000000000000000 ) ) ;
#1748 = FACE_OUTER_BOUND ( 'NONE', #4058, .T. ) ;
#1749 = PLANE ( 'NONE',  #6832 ) ;
#1750 =( LENGTH_UNIT ( ) NAMED_UNIT ( * ) SI_UNIT ( $, .METRE. ) );
#1751 = CARTESIAN_POINT ( 'NONE',  ( 0.1550000000000000266, 0.1069094488188977315, -0.1910000000000000309 ) ) ;
#1752 = DIRECTION ( 'NONE',  ( -1.000000000000000000, 6.829619984160659821E-15, 0.000000000000000000 ) ) ;
#1753 = ORIENTED_EDGE ( 'NONE', *, *, #7429, .T. ) ;
#1754 = CARTESIAN_POINT ( 'NONE',  ( 0.1549999999999992772, -1.707404996040164512E-17, 0.3089999999999999414 ) ) ;
#1755 = DIRECTION ( 'NONE',  ( -1.000000000000000000, -7.035477150404849144E-15, -1.521184922305145727E-18 ) ) ;
#1756 = ORIENTED_EDGE ( 'NONE', *, *, #1134, .F. ) ;
#1757 = EDGE_CURVE ( 'NONE', #191, #691, #3376, .T. ) ;
#1758 = DIRECTION ( 'NONE',  ( 0.000000000000000000, -0.9914448613738103822, 0.1305261922200518787 ) ) ;
#1759 = CARTESIAN_POINT ( 'NONE',  ( -0.1550000000000000544, 0.004000000000000018298, 0.2300000000000000100 ) ) ;
#1760 = SURFACE_STYLE_USAGE ( .BOTH. , #1290 ) ;
#1761 = VERTEX_POINT ( 'NONE', #2793 ) ;
#1762 = EDGE_CURVE ( 'NONE', #5206, #7698, #4739, .T. ) ;
#1763 = CARTESIAN_POINT ( 'NONE',  ( -0.1444094488188976955, 0.1069094488188977315, -0.2300000000000000100 ) ) ;
#1764 = EDGE_LOOP ( 'NONE', ( #7035, #98, #3901, #5445, #4197, #6914, #1231, #3112 ) ) ;
#1765 =( LENGTH_UNIT ( ) NAMED_UNIT ( * ) SI_UNIT ( $, .METRE. ) );
#1766 = DIRECTION ( 'NONE',  ( -1.000000000000000000, 0.000000000000000000, 7.036998335327214835E-15 ) ) ;
#1767 = EDGE_CURVE ( 'NONE', #2783, #6534, #1247, .T. ) ;
#1768 = CARTESIAN_POINT ( 'NONE',  ( -0.1550000000000000544, 0.004000000000000018298, -0.1700000000000000400 ) ) ;
#1769 = DIRECTION ( 'NONE',  ( -0.000000000000000000, -0.000000000000000000, -1.000000000000000000 ) ) ;
#1770 = VERTEX_POINT ( 'NONE', #5957 ) ;
#1771 = CARTESIAN_POINT ( 'NONE',  ( 0.1249999999999997641, 0.1075000000000000122, -0.2700000000000000178 ) ) ;
#1772 = ORIENTED_EDGE ( 'NONE', *, *, #5030, .T. ) ;
#1773 = DIRECTION ( 'NONE',  ( -1.000000000000000000, 0.000000000000000000, 0.000000000000000000 ) ) ;
#1774 = FILL_AREA_STYLE ('',( #7657 ) ) ;
#1775 = ORIENTED_EDGE ( 'NONE', *, *, #3045, .F. ) ;
#1776 = CARTESIAN_POINT ( 'NONE',  ( -0.1449999999999996014, 0.04495472440944935089, 0.1709547244094488938 ) ) ;
#1777 = ORIENTED_EDGE ( 'NONE', *, *, #1358, .T. ) ;
#1778 = ORIENTED_EDGE ( 'NONE', *, *, #2471, .T. ) ;
#1779 = ORIENTED_EDGE ( 'NONE', *, *, #4394, .T. ) ;
#1780 = CARTESIAN_POINT ( 'NONE',  ( 0.1549999999999983336, -0.1300000000000000600, 0.2909999999999999809 ) ) ;
#1781 = EDGE_LOOP ( 'NONE', ( #6680, #2242, #5083, #5157, #3148, #4289, #3915, #645, #2963, #1071 ) ) ;
#1782 = DIRECTION ( 'NONE',  ( 0.000000000000000000, 0.000000000000000000, 1.000000000000000000 ) ) ;
#1783 = VECTOR ( 'NONE', #4069, 39.37007874015748143 ) ;
#1784 = DIRECTION ( 'NONE',  ( -0.000000000000000000, -0.000000000000000000, -1.000000000000000000 ) ) ;
#1785 = PLANE ( 'NONE',  #7302 ) ;
#1786 = CARTESIAN_POINT ( 'NONE',  ( 0.1449999999999983524, 4.274049269606410852E-17, 0.3259999999999999565 ) ) ;
#1787 = VECTOR ( 'NONE', #3301, 39.37007874015748143 ) ;
#1788 = DIRECTION ( 'NONE',  ( -0.000000000000000000, -0.000000000000000000, -1.000000000000000000 ) ) ;
#1789 = VERTEX_POINT ( 'NONE', #1206 ) ;
#1790 = CARTESIAN_POINT ( 'NONE',  ( 0.1250000000000014433, 1.942319323305372256E-15, 0.02599999999999993983 ) ) ;
#1791 = DIRECTION ( 'NONE',  ( -1.000000000000000000, 0.000000000000000000, 0.000000000000000000 ) ) ;
#1792 = EDGE_LOOP ( 'NONE', ( #884, #5343, #3209, #154 ) ) ;
#1793 = ADVANCED_FACE ( 'NONE', ( #1879 ), #1835, .F. ) ;
#1794 = AXIS2_PLACEMENT_3D ( 'NONE', #1618, #5121, #1582 ) ;
#1795 = DIRECTION ( 'NONE',  ( 0.000000000000000000, -0.000000000000000000, -1.000000000000000000 ) ) ;
#1796 = ADVANCED_FACE ( 'NONE', ( #75 ), #6671, .F. ) ;
#1797 = DIRECTION ( 'NONE',  ( -1.000000000000000000, -7.134924142987280985E-15, 0.000000000000000000 ) ) ;
#1798 = FILL_AREA_STYLE_COLOUR ( '', #857 ) ;
#1799 = EDGE_LOOP ( 'NONE', ( #3880, #4864, #3642, #4155 ) ) ;
#1800 = EDGE_CURVE ( 'NONE', #2702, #5725, #1712, .T. ) ;
#1801 = LINE ( 'NONE', #5579, #7713 ) ;
#1802 = ORIENTED_EDGE ( 'NONE', *, *, #1681, .T. ) ;
#1803 = ADVANCED_FACE ( 'NONE', ( #7258 ), #6040, .F. ) ;
#1804 = VECTOR ( 'NONE', #7726, 39.37007874015748143 ) ;
#1805 = SURFACE_STYLE_FILL_AREA ( #4067 ) ;
#1806 = AXIS2_PLACEMENT_3D ( 'NONE', #7164, #1277, #2327 ) ;
#1807 = AXIS2_PLACEMENT_3D ( 'NONE', #1237, #5946, #3572 ) ;
#1808 = CARTESIAN_POINT ( 'NONE',  ( 0.1550000000000000266, 0.1069094488188977315, -0.1700000000000000400 ) ) ;
#1809 = DIRECTION ( 'NONE',  ( 0.000000000000000000, 1.000000000000000000, 0.000000000000000000 ) ) ;
#1810 = CARTESIAN_POINT ( 'NONE',  ( 0.1450000000000000455, 0.1069094488188977315, -0.09100000000000003919 ) ) ;
#1811 = CARTESIAN_POINT ( 'NONE',  ( -0.1550000000000000266, 0.1069094488188977315, 0.008999999999999959421 ) ) ;
#1812 = DIRECTION ( 'NONE',  ( -0.000000000000000000, -0.000000000000000000, -1.000000000000000000 ) ) ;
#1813 = VECTOR ( 'NONE', #4503, 39.37007874015748143 ) ;
#1814 = VECTOR ( 'NONE', #2401, 39.37007874015748143 ) ;
#1815 = ORIENTED_EDGE ( 'NONE', *, *, #4685, .F. ) ;
#1816 = FACE_OUTER_BOUND ( 'NONE', #603, .T. ) ;
#1817 = SURFACE_STYLE_FILL_AREA ( #5394 ) ;
#1818 = ORIENTED_EDGE ( 'NONE', *, *, #667, .T. ) ;
#1819 = ORIENTED_EDGE ( 'NONE', *, *, #6538, .T. ) ;
#1820 = CARTESIAN_POINT ( 'NONE',  ( 0.1249999999999999584, 0.2099999999999999090, -0.3628221439731660336 ) ) ;
#1821 = VECTOR ( 'NONE', #7620, 39.37007874015748143 ) ;
#1822 = ORIENTED_EDGE ( 'NONE', *, *, #1340, .T. ) ;
#1823 = EDGE_LOOP ( 'NONE', ( #377, #2598, #2938, #1932 ) ) ;
#1824 = LINE ( 'NONE', #4682, #1852 ) ;
#1825 = VERTEX_POINT ( 'NONE', #2408 ) ;
#1826 = DIRECTION ( 'NONE',  ( 0.000000000000000000, -0.000000000000000000, -1.000000000000000000 ) ) ;
#1827 = AXIS2_PLACEMENT_3D ( 'NONE', #2078, #5734, #7498 ) ;
#1828 = CARTESIAN_POINT ( 'NONE',  ( -0.1449999999999991573, 0.004000000000000079881, 0.1699999999999999567 ) ) ;
#1829 = VECTOR ( 'NONE', #7417, 39.37007874015748143 ) ;
#1830 = CARTESIAN_POINT ( 'NONE',  ( -0.1444094488188976955, 0.1069094488188977315, -0.2300000000000000100 ) ) ;
#1831 = AXIS2_PLACEMENT_3D ( 'NONE', #4519, #4438, #2192 ) ;
#1832 = DIRECTION ( 'NONE',  ( 0.000000000000000000, 1.000000000000000000, 0.000000000000000000 ) ) ;
#1833 = LINE ( 'NONE', #3534, #3723 ) ;
#1834 = ORIENTED_EDGE ( 'NONE', *, *, #6235, .F. ) ;
#1835 = PLANE ( 'NONE',  #6881 ) ;
#1836 = EDGE_CURVE ( 'NONE', #2436, #5142, #5288, .T. ) ;
#1837 = CARTESIAN_POINT ( 'NONE',  ( -0.1444094488188976677, 0.1175000000000000488, -0.3300000000000000155 ) ) ;
#1838 = ORIENTED_EDGE ( 'NONE', *, *, #5918, .T. ) ;
#1839 = PRESENTATION_LAYER_ASSIGNMENT (  '', '', ( #3829 ) ) ;
#1840 = AXIS2_PLACEMENT_3D ( 'NONE', #715, #4917, #3719 ) ;
#1841 = DIRECTION ( 'NONE',  ( 1.000000000000000000, 0.000000000000000000, 0.000000000000000000 ) ) ;
#1842 = CARTESIAN_POINT ( 'NONE',  ( -0.1250000000000000278, 0.1075000000000000122, -0.3750000000000001110 ) ) ;
#1843 = CARTESIAN_POINT ( 'NONE',  ( 0.1449999999999983524, -0.1299999999999999767, -0.1090000000000000135 ) ) ;
#1844 = ADVANCED_FACE ( 'NONE', ( #4096 ), #503, .T. ) ;
#1845 = ORIENTED_EDGE ( 'NONE', *, *, #4385, .F. ) ;
#1846 = AXIS2_PLACEMENT_3D ( 'NONE', #5999, #72, #654 ) ;
#1847 = CARTESIAN_POINT ( 'NONE',  ( 0.1250000000000013878, 0.004000000000001979403, 0.2699999999999999067 ) ) ;
#1848 = ORIENTED_EDGE ( 'NONE', *, *, #2154, .T. ) ;
#1849 = LINE ( 'NONE', #2544, #7696 ) ;
#1850 = DIRECTION ( 'NONE',  ( 0.000000000000000000, 0.000000000000000000, 1.000000000000000000 ) ) ;
#1851 = DIRECTION ( 'NONE',  ( 1.000000000000000000, 0.000000000000000000, 0.000000000000000000 ) ) ;
#1852 = VECTOR ( 'NONE', #495, 39.37007874015748143 ) ;
#1853 = FACE_OUTER_BOUND ( 'NONE', #7393, .T. ) ;
#1854 = EDGE_CURVE ( 'NONE', #6021, #61, #1121, .T. ) ;
#1855 = ORIENTED_EDGE ( 'NONE', *, *, #177, .F. ) ;
#1856 = AXIS2_PLACEMENT_3D ( 'NONE', #6543, #1156, #7232 ) ;
#1857 = DIRECTION ( 'NONE',  ( 0.000000000000000000, 1.000000000000000000, 0.000000000000000000 ) ) ;
#1858 = VECTOR ( 'NONE', #3794, 39.37007874015748143 ) ;
#1859 = CARTESIAN_POINT ( 'NONE',  ( 0.1249999999999997641, 0.1075000000000000122, 0.3089999999999999414 ) ) ;
#1860 = ORIENTED_EDGE ( 'NONE', *, *, #5749, .F. ) ;
#1861 = ORIENTED_EDGE ( 'NONE', *, *, #300, .T. ) ;
#1862 = CARTESIAN_POINT ( 'NONE',  ( 0.1449999999999983802, -1.707404996040164512E-17, 0.2090000000000000191 ) ) ;
#1863 = ORIENTED_EDGE ( 'NONE', *, *, #6843, .F. ) ;
#1864 = ORIENTED_EDGE ( 'NONE', *, *, #6986, .F. ) ;
#1865 = CARTESIAN_POINT ( 'NONE',  ( 0.1550000000000000544, -3.615130378819710002E-17, -0.3260000000000000120 ) ) ;
#1866 = ORIENTED_EDGE ( 'NONE', *, *, #7370, .T. ) ;
#1867 = DIRECTION ( 'NONE',  ( -1.000000000000000000, 0.000000000000000000, 0.000000000000000000 ) ) ;
#1868 = VECTOR ( 'NONE', #5374, 39.37007874015748143 ) ;
#1869 = AXIS2_PLACEMENT_3D ( 'NONE', #2009, #6663, #4405 ) ;
#1870 = DIRECTION ( 'NONE',  ( 1.000000000000000000, 1.759354438110327554E-15, 0.000000000000000000 ) ) ;
#1871 = DIRECTION ( 'NONE',  ( 4.994192100871497655E-15, 0.7071067811865504593, 0.7071067811865444641 ) ) ;
#1872 = LINE ( 'NONE', #1279, #7731 ) ;
#1873 = AXIS2_PLACEMENT_3D ( 'NONE', #7006, #7516, #2745 ) ;
#1874 = AXIS2_PLACEMENT_3D ( 'NONE', #226, #4292, #3025 ) ;
#1875 = ADVANCED_FACE ( 'NONE', ( #5915 ), #2292, .F. ) ;
#1876 = EDGE_CURVE ( 'NONE', #4271, #7410, #5332, .T. ) ;
#1877 = ORIENTED_EDGE ( 'NONE', *, *, #4315, .T. ) ;
#1878 = ORIENTED_EDGE ( 'NONE', *, *, #6309, .T. ) ;
#1879 = FACE_OUTER_BOUND ( 'NONE', #4128, .T. ) ;
#1880 = CARTESIAN_POINT ( 'NONE',  ( 0.1449999999999983802, -1.707404996040164512E-17, -0.1700000000000000400 ) ) ;
#1881 = EDGE_LOOP ( 'NONE', ( #5759, #6369, #6736, #1170 ) ) ;
#1882 = VERTEX_POINT ( 'NONE', #1754 ) ;
#1883 = ORIENTED_EDGE ( 'NONE', *, *, #3014, .T. ) ;
#1884 = DIRECTION ( 'NONE',  ( -1.000000000000000000, -0.000000000000000000, 2.731847993664263218E-16 ) ) ;
#1885 = DIRECTION ( 'NONE',  ( 0.000000000000000000, -0.000000000000000000, -1.000000000000000000 ) ) ;
#1886 = DIRECTION ( 'NONE',  ( -1.000000000000000000, 6.829619984160659821E-15, 0.000000000000000000 ) ) ;
#1887 = DIRECTION ( 'NONE',  ( 0.000000000000000000, 1.000000000000000000, 0.000000000000000000 ) ) ;
#1888 = ORIENTED_EDGE ( 'NONE', *, *, #1149, .F. ) ;
#1889 = EDGE_CURVE ( 'NONE', #29, #1184, #6252, .T. ) ;
#1890 = PLANE ( 'NONE',  #1429 ) ;
#1891 = PLANE ( 'NONE',  #533 ) ;
#1892 = DIRECTION ( 'NONE',  ( -0.000000000000000000, -0.000000000000000000, -1.000000000000000000 ) ) ;
#1893 = ORIENTED_EDGE ( 'NONE', *, *, #846, .F. ) ;
#1894 = CARTESIAN_POINT ( 'NONE',  ( 0.1449999999999983802, -1.707404996040164512E-17, 0.2300000000000000377 ) ) ;
#1895 = SURFACE_STYLE_USAGE ( .BOTH. , #1348 ) ;
#1896 = VERTEX_POINT ( 'NONE', #3536 ) ;
#1897 = CARTESIAN_POINT ( 'NONE',  ( 0.1444094488188976955, -1.707404996040164512E-17, 0.1089999999999999858 ) ) ;
#1898 = EDGE_CURVE ( 'NONE', #3468, #5020, #7756, .T. ) ;
#1899 = ORIENTED_EDGE ( 'NONE', *, *, #6269, .F. ) ;
#1900 = PLANE ( 'NONE',  #4376 ) ;
#1901 = EDGE_CURVE ( 'NONE', #469, #4954, #7169, .T. ) ;
#1902 = ORIENTED_EDGE ( 'NONE', *, *, #6363, .T. ) ;
#1903 = DIRECTION ( 'NONE',  ( -0.000000000000000000, 1.000000000000000000, -0.000000000000000000 ) ) ;
#1904 = ADVANCED_FACE ( 'NONE', ( #5446 ), #6004, .F. ) ;
#1905 = ORIENTED_EDGE ( 'NONE', *, *, #3758, .T. ) ;
#1906 = EDGE_CURVE ( 'NONE', #1461, #2473, #30, .T. ) ;
#1907 = CARTESIAN_POINT ( 'NONE',  ( 0.1550000000000000266, 0.1069094488188977315, -0.1700000000000000400 ) ) ;
#1908 = CARTESIAN_POINT ( 'NONE',  ( -0.1250000000000014433, 1.942319323305372256E-15, 0.02599999999999993983 ) ) ;
#1909 = EDGE_LOOP ( 'NONE', ( #2313, #1893, #4202, #1087, #6580, #988, #3356, #6816 ) ) ;
#1910 = ORIENTED_EDGE ( 'NONE', *, *, #118, .F. ) ;
#1911 = FACE_OUTER_BOUND ( 'NONE', #3328, .T. ) ;
#1912 = ADVANCED_FACE ( 'NONE', ( #117 ), #735, .F. ) ;
#1913 = CARTESIAN_POINT ( 'NONE',  ( -0.1449999999999995182, 0.03595472440944844084, -0.1619547244094487193 ) ) ;
#1914 = ORIENTED_EDGE ( 'NONE', *, *, #5812, .F. ) ;
#1915 = AXIS2_PLACEMENT_3D ( 'NONE', #7230, #3595, #1850 ) ;
#1916 = ORIENTED_EDGE ( 'NONE', *, *, #1418, .F. ) ;
#1917 = CIRCLE ( 'NONE', #6302, 0.0005905511811023039749 ) ;
#1918 = DIRECTION ( 'NONE',  ( -1.000000000000000000, 1.759354438110327554E-15, 0.000000000000000000 ) ) ;
#1919 = LINE ( 'NONE', #2022, #4547 ) ;
#1920 = DIRECTION ( 'NONE',  ( 1.000000000000000000, 1.759354438110327554E-15, 0.000000000000000000 ) ) ;
#1921 = VERTEX_POINT ( 'NONE', #4903 ) ;
#1922 = CIRCLE ( 'NONE', #7050, 0.01059055118110233465 ) ;
#1923 = LINE ( 'NONE', #1847, #5464 ) ;
#1924 = CYLINDRICAL_SURFACE ( 'NONE', #4047, 0.0005905511811023211053 ) ;
#1925 = FACE_OUTER_BOUND ( 'NONE', #4496, .T. ) ;
#1926 = AXIS2_PLACEMENT_3D ( 'NONE', #1685, #6401, #5180 ) ;
#1927 = CARTESIAN_POINT ( 'NONE',  ( -0.1549999999999983336, -0.1300000000000000600, 0.008999999999999959421 ) ) ;
#1928 = ADVANCED_FACE ( 'NONE', ( #2634 ), #5486, .F. ) ;
#1929 = VECTOR ( 'NONE', #5655, 39.37007874015748143 ) ;
#1930 = CARTESIAN_POINT ( 'NONE',  ( 0.1444094488188976955, 0.1069094488188977315, 0.1300000000000000044 ) ) ;
#1931 = SURFACE_SIDE_STYLE ('',( #3169 ) ) ;
#1932 = ORIENTED_EDGE ( 'NONE', *, *, #4943, .T. ) ;
#1933 = DIRECTION ( 'NONE',  ( -1.000000000000000000, 0.000000000000000000, 0.000000000000000000 ) ) ;
#1934 = VECTOR ( 'NONE', #3586, 39.37007874015748143 ) ;
#1935 = ORIENTED_EDGE ( 'NONE', *, *, #1329, .T. ) ;
#1936 = PLANE ( 'NONE',  #1221 ) ;
#1937 = AXIS2_PLACEMENT_3D ( 'NONE', #6202, #5686, #5654 ) ;
#1938 = CIRCLE ( 'NONE', #1807, 0.01999999999999999001 ) ;
#1939 = EDGE_CURVE ( 'NONE', #726, #1942, #4382, .T. ) ;
#1940 = ORIENTED_EDGE ( 'NONE', *, *, #4920, .F. ) ;
#1941 = CARTESIAN_POINT ( 'NONE',  ( 0.1450000000000000178, 0.1069094488188977315, 0.2090000000000000191 ) ) ;
#1942 = VERTEX_POINT ( 'NONE', #6706 ) ;
#1943 = CARTESIAN_POINT ( 'NONE',  ( 0.1550000000000000544, 0.004000000000000018298, 0.1299999999999999767 ) ) ;
#1944 = AXIS2_PLACEMENT_3D ( 'NONE', #7154, #7625, #1773 ) ;
#1945 = CARTESIAN_POINT ( 'NONE',  ( -0.1249999999999997641, 0.1175000000000000072, 0.2300000000000000377 ) ) ;
#1946 = FACE_OUTER_BOUND ( 'NONE', #7156, .T. ) ;
#1947 = ORIENTED_EDGE ( 'NONE', *, *, #3099, .F. ) ;
#1948 = ORIENTED_EDGE ( 'NONE', *, *, #2942, .F. ) ;
#1949 = CARTESIAN_POINT ( 'NONE',  ( 0.1444094488188976955, 0.1069094488188977315, 0.1300000000000000044 ) ) ;
#1950 = CARTESIAN_POINT ( 'NONE',  ( -0.1449999999999983524, 4.274049269606410852E-17, 0.02599999999999993983 ) ) ;
#1951 = ORIENTED_EDGE ( 'NONE', *, *, #7241, .T. ) ;
#1952 = AXIS2_PLACEMENT_3D ( 'NONE', #6653, #788, #3130 ) ;
#1953 = EDGE_CURVE ( 'NONE', #6133, #919, #6137, .T. ) ;
#1954 = ORIENTED_EDGE ( 'NONE', *, *, #1540, .T. ) ;
#1955 = DIRECTION ( 'NONE',  ( -4.975909242108299568E-15, 0.7071067811865505703, 0.7071067811865445751 ) ) ;
#1956 = DIRECTION ( 'NONE',  ( 0.000000000000000000, -0.000000000000000000, -1.000000000000000000 ) ) ;
#1957 = CARTESIAN_POINT ( 'NONE',  ( 0.1444094488188976677, 0.1075000000000000122, -0.2910000000000000364 ) ) ;
#1958 = COLOUR_RGB ( '',1.000000000000000000, 1.000000000000000000, 1.000000000000000000 ) ;
#1959 = CARTESIAN_POINT ( 'NONE',  ( -0.1449999999999984357, 0.004000000000000162280, 0.1300000000000000044 ) ) ;
#1960 = VECTOR ( 'NONE', #3688, 39.37007874015748143 ) ;
#1961 = ORIENTED_EDGE ( 'NONE', *, *, #1320, .T. ) ;
#1962 = DIRECTION ( 'NONE',  ( -5.045153244757900714E-15, 0.7071067811865444641, -0.7071067811865504593 ) ) ;
#1963 = VECTOR ( 'NONE', #5855, 39.37007874015748143 ) ;
#1964 = CARTESIAN_POINT ( 'NONE',  ( 0.1249999999999997641, 0.1075000000000000122, -0.2300000000000000100 ) ) ;
#1965 = DIRECTION ( 'NONE',  ( 1.000000000000000000, 0.000000000000000000, -0.000000000000000000 ) ) ;
#1966 = CARTESIAN_POINT ( 'NONE',  ( -0.1444094488188976677, 0.1175000000000000488, -0.1910000000000000309 ) ) ;
#1967 = DIRECTION ( 'NONE',  ( -1.000000000000000000, -7.134924142987280985E-15, 0.000000000000000000 ) ) ;
#1968 =( GEOMETRIC_REPRESENTATION_CONTEXT ( 3 ) GLOBAL_UNCERTAINTY_ASSIGNED_CONTEXT ( ( #3978 ) ) GLOBAL_UNIT_ASSIGNED_CONTEXT ( ( #7085, #2404, #535 ) ) REPRESENTATION_CONTEXT ( 'NONE', 'WORKASPACE' ) );
#1969 = DIRECTION ( 'NONE',  ( 1.000000000000000000, 0.000000000000000000, 0.000000000000000000 ) ) ;
#1970 = EDGE_CURVE ( 'NONE', #3560, #6533, #7293, .T. ) ;
#1971 = DIRECTION ( 'NONE',  ( -0.000000000000000000, -0.000000000000000000, -1.000000000000000000 ) ) ;
#1972 = EDGE_LOOP ( 'NONE', ( #7329, #1388, #7710, #1622 ) ) ;
#1973 = ORIENTED_EDGE ( 'NONE', *, *, #1492, .F. ) ;
#1974 = CARTESIAN_POINT ( 'NONE',  ( -0.1449999999999983802, -1.707404996040164512E-17, 0.3300000000000000155 ) ) ;
#1975 = EDGE_LOOP ( 'NONE', ( #1499, #1144, #4280, #5401 ) ) ;
#1976 = DIRECTION ( 'NONE',  ( -0.000000000000000000, -0.000000000000000000, -1.000000000000000000 ) ) ;
#1978 = VECTOR ( 'NONE', #3538, 39.37007874015748143 ) ;
#1977 = DIRECTION ( 'NONE',  ( -1.000000000000000000, 0.000000000000000000, 0.000000000000000000 ) ) ;
#1979 = EDGE_CURVE ( 'NONE', #6133, #3847, #3146, .T. ) ;
#1980 = CARTESIAN_POINT ( 'NONE',  ( -0.1450000000000000455, 0.1069094488188977315, 0.2909999999999999809 ) ) ;
#1981 = VECTOR ( 'NONE', #807, 39.37007874015748143 ) ;
#1982 = ORIENTED_EDGE ( 'NONE', *, *, #5130, .F. ) ;
#1983 = ORIENTED_EDGE ( 'NONE', *, *, #7539, .F. ) ;
#1984 = LINE ( 'NONE', #849, #2214 ) ;
#1985 = DIRECTION ( 'NONE',  ( 6.829619984160659821E-15, 1.000000000000000000, 0.000000000000000000 ) ) ;
#1986 = EDGE_LOOP ( 'NONE', ( #1124, #3630, #1322, #120 ) ) ;
#1987 = VECTOR ( 'NONE', #6845, 39.37007874015748143 ) ;
#1988 = VERTEX_POINT ( 'NONE', #3113 ) ;
#1989 = CARTESIAN_POINT ( 'NONE',  ( -0.1250000000000000278, 0.1175000000000000072, -0.3750000000000001110 ) ) ;
#1990 = LINE ( 'NONE', #2060, #4167 ) ;
#1991 = CARTESIAN_POINT ( 'NONE',  ( -0.03500000000000000333, 0.2099999999999999090, -0.3628221439731660336 ) ) ;
#1992 = LINE ( 'NONE', #1481, #6999 ) ;
#1993 = FACE_OUTER_BOUND ( 'NONE', #6287, .T. ) ;
#1994 = VERTEX_POINT ( 'NONE', #7330 ) ;
#1995 = ADVANCED_FACE ( 'NONE', ( #1911 ), #6780, .F. ) ;
#1996 = EDGE_CURVE ( 'NONE', #4285, #4717, #2054, .T. ) ;
#1997 = FACE_OUTER_BOUND ( 'NONE', #1545, .T. ) ;
#1998 = LINE ( 'NONE', #782, #2446 ) ;
#1999 = CARTESIAN_POINT ( 'NONE',  ( 0.1449999999999999900, 0.1069094488188977315, 0.3300000000000000155 ) ) ;
#2000 = FILL_AREA_STYLE_COLOUR ( '', #952 ) ;
#2001 = CARTESIAN_POINT ( 'NONE',  ( -0.1449999999999979639, -1.707404996040164512E-17, -0.1259999999999999454 ) ) ;
#2002 = EDGE_CURVE ( 'NONE', #3741, #5240, #4344, .T. ) ;
#2003 = PLANE ( 'NONE',  #4060 ) ;
#2004 = DIRECTION ( 'NONE',  ( 1.000000000000000000, 0.000000000000000000, -0.000000000000000000 ) ) ;
#2005 = CARTESIAN_POINT ( 'NONE',  ( -0.1249999999999997641, 0.1075000000000000122, -0.2300000000000000100 ) ) ;
#2006 = ORIENTED_EDGE ( 'NONE', *, *, #3742, .F. ) ;
#2007 = DIRECTION ( 'NONE',  ( 4.975909242108299568E-15, 0.7071067811865505703, 0.7071067811865445751 ) ) ;
#2008 = ORIENTED_EDGE ( 'NONE', *, *, #2795, .T. ) ;
#2009 = CARTESIAN_POINT ( 'NONE',  ( -0.1444094488188976955, 0.1069094488188977315, 0.3300000000000000155 ) ) ;
#2010 = VERTEX_POINT ( 'NONE', #771 ) ;
#2011 = ORIENTED_EDGE ( 'NONE', *, *, #6798, .F. ) ;
#2012 = CARTESIAN_POINT ( 'NONE',  ( 0.1249999999999999584, 0.1075000000000000122, 0.3750000000000001665 ) ) ;
#2013 = LINE ( 'NONE', #7363, #5360 ) ;
#2014 = ORIENTED_EDGE ( 'NONE', *, *, #6460, .F. ) ;
#2015 = VERTEX_POINT ( 'NONE', #5528 ) ;
#2016 = DIRECTION ( 'NONE',  ( 0.000000000000000000, 0.000000000000000000, 1.000000000000000000 ) ) ;
#2017 = EDGE_CURVE ( 'NONE', #5217, #3401, #7500, .T. ) ;
#2018 = DIRECTION ( 'NONE',  ( -1.000000000000000000, 1.759354438110327554E-15, 0.000000000000000000 ) ) ;
#2019 = EDGE_LOOP ( 'NONE', ( #7213, #1161, #2494, #4607, #5603, #797, #105, #1194, #5361, #6168 ) ) ;
#2020 = ORIENTED_EDGE ( 'NONE', *, *, #2795, .F. ) ;
#2021 = PLANE ( 'NONE',  #6711 ) ;
#2022 = CARTESIAN_POINT ( 'NONE',  ( -0.1444094488188976955, -1.707404996040164512E-17, 0.09099999999999999756 ) ) ;
#2023 = DIRECTION ( 'NONE',  ( 0.000000000000000000, -0.000000000000000000, -1.000000000000000000 ) ) ;
#2024 = CARTESIAN_POINT ( 'NONE',  ( 0.1250000000000014433, 1.942319323305372256E-15, -0.07400000000000005185 ) ) ;
#2025 = DIRECTION ( 'NONE',  ( -0.000000000000000000, -0.000000000000000000, -1.000000000000000000 ) ) ;
#2026 = ORIENTED_EDGE ( 'NONE', *, *, #5270, .T. ) ;
#2027 = EDGE_CURVE ( 'NONE', #847, #6456, #6817, .T. ) ;
#2028 = VECTOR ( 'NONE', #5769, 39.37007874015748854 ) ;
#2029 = DIRECTION ( 'NONE',  ( -6.829619984160659821E-15, 1.000000000000000000, 0.000000000000000000 ) ) ;
#2030 = EDGE_CURVE ( 'NONE', #1180, #5351, #5565, .T. ) ;
#2031 = DIRECTION ( 'NONE',  ( 0.000000000000000000, -1.000000000000000000, 0.000000000000000000 ) ) ;
#2032 = PLANE ( 'NONE',  #4020 ) ;
#2033 = CARTESIAN_POINT ( 'NONE',  ( 0.1249999999999997641, 0.1175000000000000072, 0.2090000000000000191 ) ) ;
#2034 = AXIS2_PLACEMENT_3D ( 'NONE', #4105, #4181, #3587 ) ;
#2035 = ADVANCED_FACE ( 'NONE', ( #3660 ), #2492, .T. ) ;
#2036 = EDGE_CURVE ( 'NONE', #6669, #4913, #152, .T. ) ;
#2037 = DIRECTION ( 'NONE',  ( 1.000000000000000000, 0.000000000000000000, -0.000000000000000000 ) ) ;
#2038 = VECTOR ( 'NONE', #6238, 39.37007874015748143 ) ;
#2039 = PLANE ( 'NONE',  #2448 ) ;
#2040 = ORIENTED_EDGE ( 'NONE', *, *, #3547, .T. ) ;
#2041 = DIRECTION ( 'NONE',  ( 3.194114299349669345E-16, -1.000000000000000000, 0.000000000000000000 ) ) ;
#2042 = ORIENTED_EDGE ( 'NONE', *, *, #7229, .F. ) ;
#2043 = CYLINDRICAL_SURFACE ( 'NONE', #6382, 0.0005905511811023211053 ) ;
#2044 = ORIENTED_EDGE ( 'NONE', *, *, #6863, .T. ) ;
#2045 = ORIENTED_EDGE ( 'NONE', *, *, #2256, .F. ) ;
#2046 = EDGE_CURVE ( 'NONE', #2490, #1140, #1984, .T. ) ;
#2047 = DIRECTION ( 'NONE',  ( -1.533174863687841128E-14, 1.000000000000000000, 0.000000000000000000 ) ) ;
#2048 = LINE ( 'NONE', #3810, #7335 ) ;
#2049 = VECTOR ( 'NONE', #4104, 39.37007874015748143 ) ;
#2050 = DIRECTION ( 'NONE',  ( 0.000000000000000000, 1.000000000000000000, 0.000000000000000000 ) ) ;
#2051 = VECTOR ( 'NONE', #3072, 39.37007874015748143 ) ;
#2052 = ORIENTED_EDGE ( 'NONE', *, *, #5885, .T. ) ;
#2053 = ORIENTED_EDGE ( 'NONE', *, *, #2506, .T. ) ;
#2054 = LINE ( 'NONE', #6117, #5124 ) ;
#2055 = DIRECTION ( 'NONE',  ( 0.000000000000000000, -1.000000000000000000, 0.000000000000000000 ) ) ;
#2056 = ORIENTED_EDGE ( 'NONE', *, *, #6436, .F. ) ;
#2057 = CIRCLE ( 'NONE', #5703, 0.0005905511811023039749 ) ;
#2058 = VERTEX_POINT ( 'NONE', #5017 ) ;
#2059 = DIRECTION ( 'NONE',  ( 1.000000000000000000, 0.000000000000000000, -0.000000000000000000 ) ) ;
#2060 = CARTESIAN_POINT ( 'NONE',  ( 0.1549999999999994993, 0.03595472440944842002, -0.3619547244094487581 ) ) ;
#2061 = EDGE_CURVE ( 'NONE', #6091, #1498, #1434, .T. ) ;
#2062 = FACE_OUTER_BOUND ( 'NONE', #4487, .T. ) ;
#2063 = VECTOR ( 'NONE', #5298, 39.37007874015748143 ) ;
#2064 = SURFACE_SIDE_STYLE ('',( #5614 ) ) ;
#2065 = LINE ( 'NONE', #677, #5065 ) ;
#2066 = ORIENTED_EDGE ( 'NONE', *, *, #4657, .T. ) ;
#2067 = VECTOR ( 'NONE', #3674, 39.37007874015748143 ) ;
#2068 = PLANE ( 'NONE',  #7070 ) ;
#2069 = EDGE_LOOP ( 'NONE', ( #7623, #3818, #1238, #682 ) ) ;
#2070 = DIRECTION ( 'NONE',  ( -2.708476655372787950E-16, 0.1305261922200518787, -0.9914448613738103822 ) ) ;
#2071 = ADVANCED_FACE ( 'NONE', ( #5091 ), #920, .F. ) ;
#2072 = DIRECTION ( 'NONE',  ( -1.000000000000000000, 0.000000000000000000, 0.000000000000000000 ) ) ;
#2073 = PRESENTATION_LAYER_ASSIGNMENT (  '', '', ( #7221 ) ) ;
#2074 = AXIS2_PLACEMENT_3D ( 'NONE', #5710, #5780, #7003 ) ;
#2075 = DIRECTION ( 'NONE',  ( 0.000000000000000000, 0.000000000000000000, 1.000000000000000000 ) ) ;
#2076 = COLOUR_RGB ( '',0.7921568627450980005, 0.8196078431372548767, 0.9333333333333333481 ) ;
#2077 = AXIS2_PLACEMENT_3D ( 'NONE', #4190, #2426, #785 ) ;
#2078 = CARTESIAN_POINT ( 'NONE',  ( -0.1550000000000000266, 0.1069094488188977315, 0.3089999999999999414 ) ) ;
#2079 = LINE ( 'NONE', #2767, #2274 ) ;
#2080 = DIRECTION ( 'NONE',  ( -1.000000000000000000, 0.000000000000000000, 0.000000000000000000 ) ) ;
#2081 = ORIENTED_EDGE ( 'NONE', *, *, #6084, .F. ) ;
#2082 = EDGE_CURVE ( 'NONE', #2276, #5217, #5159, .T. ) ;
#2083 = ORIENTED_EDGE ( 'NONE', *, *, #2791, .T. ) ;
#2084 = DIRECTION ( 'NONE',  ( 0.000000000000000000, 0.000000000000000000, 1.000000000000000000 ) ) ;
#2085 = EDGE_LOOP ( 'NONE', ( #4890, #6392 ) ) ;
#2086 = ORIENTED_EDGE ( 'NONE', *, *, #2259, .T. ) ;
#2087 = ADVANCED_FACE ( 'NONE', ( #2206 ), #3329, .F. ) ;
#2088 = CARTESIAN_POINT ( 'NONE',  ( -0.1449999999999983524, -0.1299999999999999767, 0.09099999999999999756 ) ) ;
#2089 = SURFACE_STYLE_USAGE ( .BOTH. , #1655 ) ;
#2090 = CARTESIAN_POINT ( 'NONE',  ( -0.1444094488188976955, -1.707404996040164512E-17, 0.008999999999999959421 ) ) ;
#2091 = ORIENTED_EDGE ( 'NONE', *, *, #3462, .F. ) ;
#2092 = ORIENTED_EDGE ( 'NONE', *, *, #7021, .T. ) ;
#2093 = CARTESIAN_POINT ( 'NONE',  ( 0.1250000000000014433, 1.942319323305372256E-15, -0.1740000000000000435 ) ) ;
#2094 = DIRECTION ( 'NONE',  ( -0.000000000000000000, -0.000000000000000000, -1.000000000000000000 ) ) ;
#2095 = ORIENTED_EDGE ( 'NONE', *, *, #2162, .F. ) ;
#2096 = VECTOR ( 'NONE', #509, 39.37007874015748143 ) ;
#2097 = EDGE_CURVE ( 'NONE', #5772, #5943, #2671, .T. ) ;
#2098 = AXIS2_PLACEMENT_3D ( 'NONE', #7523, #3898, #6979 ) ;
#2099 = LINE ( 'NONE', #2749, #1182 ) ;
#2100 = EDGE_CURVE ( 'NONE', #6534, #5015, #6897, .T. ) ;
#2101 = CARTESIAN_POINT ( 'NONE',  ( 0.1449999999999992684, -1.707404996040164512E-17, -0.1090000000000000135 ) ) ;
#2102 = CARTESIAN_POINT ( 'NONE',  ( 0.1549999999999983336, -0.1300000000000000600, -0.1910000000000000309 ) ) ;
#2103 = DIRECTION ( 'NONE',  ( 1.533174863687841128E-14, 1.000000000000000000, 0.000000000000000000 ) ) ;
#2104 = UNCERTAINTY_MEASURE_WITH_UNIT (LENGTH_MEASURE( 1.000000000000000082E-05 ), #597, 'distance_accuracy_value', 'NONE');
#2105 = DIRECTION ( 'NONE',  ( 1.000000000000000000, 0.000000000000000000, -0.000000000000000000 ) ) ;
#2106 = ORIENTED_EDGE ( 'NONE', *, *, #36, .F. ) ;
#2107 = VECTOR ( 'NONE', #2371, 39.37007874015748143 ) ;
#2108 = CYLINDRICAL_SURFACE ( 'NONE', #2667, 0.01059055118110229995 ) ;
#2109 = ORIENTED_EDGE ( 'NONE', *, *, #3226, .F. ) ;
#2110 = CARTESIAN_POINT ( 'NONE',  ( 0.1249999999999997641, 0.1075000000000000122, 0.07000000000000000666 ) ) ;
#2111 = CARTESIAN_POINT ( 'NONE',  ( -0.1444094488188976955, 0.1069094488188977315, -0.09100000000000003919 ) ) ;
#2112 = DIRECTION ( 'NONE',  ( 0.000000000000000000, 1.000000000000000000, 0.000000000000000000 ) ) ;
#2113 = VERTEX_POINT ( 'NONE', #6343 ) ;
#2114 = EDGE_CURVE ( 'NONE', #2276, #2202, #2709, .T. ) ;
#2115 = CYLINDRICAL_SURFACE ( 'NONE', #2933, 0.0005905511811023211053 ) ;
#2116 = LINE ( 'NONE', #6918, #906 ) ;
#2117 = CARTESIAN_POINT ( 'NONE',  ( 0.1449999999999983802, -1.707404996040164512E-17, 0.02999999999999998848 ) ) ;
#2118 = VERTEX_POINT ( 'NONE', #4006 ) ;
#2119 = DIRECTION ( 'NONE',  ( 1.000000000000000000, 0.000000000000000000, 0.000000000000000000 ) ) ;
#2120 = VERTEX_POINT ( 'NONE', #2244 ) ;
#2121 = ADVANCED_FACE ( 'NONE', ( #1508 ), #6419, .F. ) ;
#2122 = PLANE ( 'NONE',  #7683 ) ;
#2123 = LINE ( 'NONE', #1504, #2177 ) ;
#2124 = EDGE_CURVE ( 'NONE', #1942, #1208, #1588, .T. ) ;
#2125 = LINE ( 'NONE', #2090, #1070 ) ;
#2126 = ADVANCED_FACE ( 'NONE', ( #340 ), #1031, .F. ) ;
#2127 = VERTEX_POINT ( 'NONE', #3929 ) ;
#2128 = ORIENTED_EDGE ( 'NONE', *, *, #6460, .T. ) ;
#2129 = CARTESIAN_POINT ( 'NONE',  ( -0.1249999999999997641, 0.1175000000000000072, -0.09100000000000003919 ) ) ;
#2130 = EDGE_CURVE ( 'NONE', #1988, #3483, #6970, .T. ) ;
#2131 = EDGE_LOOP ( 'NONE', ( #2052, #6108, #5448, #4902 ) ) ;
#2132 = DIRECTION ( 'NONE',  ( 3.194114299349669345E-16, -1.000000000000000000, 0.000000000000000000 ) ) ;
#2133 = DIMENSIONAL_EXPONENTS ( 1.000000000000000000, 0.000000000000000000, 0.000000000000000000, 0.000000000000000000, 0.000000000000000000, 0.000000000000000000, 0.000000000000000000 ) ;
#2134 = EDGE_LOOP ( 'NONE', ( #5414, #4042, #5823, #5151 ) ) ;
#2135 = ADVANCED_FACE ( 'NONE', ( #4570 ), #5783, .F. ) ;
#2136 = LINE ( 'NONE', #4533, #561 ) ;
#2137 = CARTESIAN_POINT ( 'NONE',  ( -0.1449999999999983524, -0.1299999999999999767, 0.008999999999999959421 ) ) ;
#2138 = EDGE_CURVE ( 'NONE', #6870, #6179, #4529, .T. ) ;
#2139 = DIRECTION ( 'NONE',  ( -0.000000000000000000, -0.000000000000000000, -1.000000000000000000 ) ) ;
#2140 = CARTESIAN_POINT ( 'NONE',  ( 0.1449999999999983802, -1.707404996040164512E-17, -0.07000000000000000666 ) ) ;
#2141 = CARTESIAN_POINT ( 'NONE',  ( -0.1444094488188976955, 0.1069094488188977315, 0.2909999999999999809 ) ) ;
#2142 = ORIENTED_EDGE ( 'NONE', *, *, #5063, .T. ) ;
#2143 = CARTESIAN_POINT ( 'NONE',  ( 0.1550000000000000544, -3.615130378819710002E-17, 0.2740000000000000213 ) ) ;
#2144 = LINE ( 'NONE', #3905, #5576 ) ;
#2145 = DIRECTION ( 'NONE',  ( -0.000000000000000000, -0.000000000000000000, -1.000000000000000000 ) ) ;
#2146 = CARTESIAN_POINT ( 'NONE',  ( -0.1444094488188969738, 0.004000000000000131922, -0.2700000000000000178 ) ) ;
#2147 = VECTOR ( 'NONE', #7348, 39.37007874015748143 ) ;
#2148 = CARTESIAN_POINT ( 'NONE',  ( 0.1550000000000000266, 0.1069094488188977315, -0.1300000000000000044 ) ) ;
#2149 = LINE ( 'NONE', #4552, #6470 ) ;
#2150 = DIRECTION ( 'NONE',  ( -0.000000000000000000, -0.000000000000000000, -1.000000000000000000 ) ) ;
#2151 = VECTOR ( 'NONE', #817, 39.37007874015748143 ) ;
#2152 = PLANE ( 'NONE',  #6222 ) ;
#2153 = CARTESIAN_POINT ( 'NONE',  ( -0.1449999999999984357, 0.004000000000000162280, 0.3300000000000000155 ) ) ;
#2154 = EDGE_CURVE ( 'NONE', #6662, #3342, #4497, .T. ) ;
#2155 = VERTEX_POINT ( 'NONE', #6266 ) ;
#2156 = LINE ( 'NONE', #7422, #4573 ) ;
#2157 = ORIENTED_EDGE ( 'NONE', *, *, #1889, .T. ) ;
#2158 = VECTOR ( 'NONE', #5085, 39.37007874015748143 ) ;
#2159 = LINE ( 'NONE', #6412, #6814 ) ;
#2160 = DIRECTION ( 'NONE',  ( 1.000000000000000000, 0.000000000000000000, 0.000000000000000000 ) ) ;
#2161 = CARTESIAN_POINT ( 'NONE',  ( -0.1550000000000000266, 0.1069094488188977315, -0.2700000000000000178 ) ) ;
#2162 = EDGE_CURVE ( 'NONE', #1882, #795, #3969, .T. ) ;
#2163 = ORIENTED_EDGE ( 'NONE', *, *, #1767, .F. ) ;
#2164 = ORIENTED_EDGE ( 'NONE', *, *, #3456, .T. ) ;
#2165 = DIRECTION ( 'NONE',  ( -0.000000000000000000, -0.000000000000000000, -1.000000000000000000 ) ) ;
#2166 = ORIENTED_EDGE ( 'NONE', *, *, #7463, .F. ) ;
#2167 = DIRECTION ( 'NONE',  ( -0.000000000000000000, -0.000000000000000000, -1.000000000000000000 ) ) ;
#2168 = VECTOR ( 'NONE', #1474, 39.37007874015748143 ) ;
#2169 = AXIS2_PLACEMENT_3D ( 'NONE', #6714, #6594, #5415 ) ;
#2170 = LINE ( 'NONE', #4617, #7569 ) ;
#2171 = DIRECTION ( 'NONE',  ( 0.000000000000000000, 0.000000000000000000, 1.000000000000000000 ) ) ;
#2172 = DIRECTION ( 'NONE',  ( -1.000000000000000000, 0.000000000000000000, 0.000000000000000000 ) ) ;
#2173 = CARTESIAN_POINT ( 'NONE',  ( 0.1249999999999997641, 0.1075000000000000122, 0.2699999999999999623 ) ) ;
#2174 = ADVANCED_FACE ( 'NONE', ( #2782 ), #5202, .F. ) ;
#2175 = DIRECTION ( 'NONE',  ( 4.994192100871497655E-15, 0.7071067811865504593, 0.7071067811865444641 ) ) ;
#2176 = AXIS2_PLACEMENT_3D ( 'NONE', #5328, #4575, #6387 ) ;
#2177 = VECTOR ( 'NONE', #4606, 39.37007874015748143 ) ;
#2178 = ORIENTED_EDGE ( 'NONE', *, *, #6927, .F. ) ;
#2179 = DIMENSIONAL_EXPONENTS ( 1.000000000000000000, 0.000000000000000000, 0.000000000000000000, 0.000000000000000000, 0.000000000000000000, 0.000000000000000000, 0.000000000000000000 ) ;
#2180 = CARTESIAN_POINT ( 'NONE',  ( 0.1444094488188976677, 0.1175000000000000488, -0.03000000000000002318 ) ) ;
#2181 = ORIENTED_EDGE ( 'NONE', *, *, #2704, .F. ) ;
#2182 = CARTESIAN_POINT ( 'NONE',  ( -0.1449999999999983802, -1.707404996040164512E-17, -0.1700000000000000400 ) ) ;
#2183 = VECTOR ( 'NONE', #1060, 39.37007874015748143 ) ;
#2184 = CARTESIAN_POINT ( 'NONE',  ( -0.1250000000000000278, 0.1175000000000000072, -0.3750000000000001110 ) ) ;
#2185 = VECTOR ( 'NONE', #3439, 39.37007874015748143 ) ;
#2186 = CARTESIAN_POINT ( 'NONE',  ( -7.791098234355730168E-21, 0.1981889763779526581, -0.3278221439731659470 ) ) ;
#2187 = VECTOR ( 'NONE', #2693, 39.37007874015748143 ) ;
#2188 = CARTESIAN_POINT ( 'NONE',  ( -0.1550000000000000266, 0.1069094488188977315, -0.2700000000000000178 ) ) ;
#2189 = EDGE_CURVE ( 'NONE', #1599, #2396, #3856, .T. ) ;
#2190 = DIRECTION ( 'NONE',  ( -1.000000000000000000, 0.000000000000000000, 0.000000000000000000 ) ) ;
#2191 = EDGE_CURVE ( 'NONE', #644, #5221, #1824, .T. ) ;
#2192 = DIRECTION ( 'NONE',  ( -1.000000000000000000, 0.000000000000000000, 0.000000000000000000 ) ) ;
#2193 = CARTESIAN_POINT ( 'NONE',  ( -0.1250000000000000278, 0.1175000000000000072, -0.3750000000000001110 ) ) ;
#2194 = EDGE_LOOP ( 'NONE', ( #5242, #231, #4244, #3806 ) ) ;
#2195 = LINE ( 'NONE', #258, #2562 ) ;
#2196 = VECTOR ( 'NONE', #490, 39.37007874015748143 ) ;
#2197 = ORIENTED_EDGE ( 'NONE', *, *, #5973, .T. ) ;
#2198 = ORIENTED_EDGE ( 'NONE', *, *, #3934, .F. ) ;
#2199 = EDGE_CURVE ( 'NONE', #5217, #6895, #5868, .T. ) ;
#2200 = CARTESIAN_POINT ( 'NONE',  ( 0.1449999999999996014, 0.04495472440944935089, -0.2290452755905511562 ) ) ;
#2201 = DIRECTION ( 'NONE',  ( 1.000000000000000000, -7.033955965482544985E-15, 0.000000000000000000 ) ) ;
#2202 = VERTEX_POINT ( 'NONE', #572 ) ;
#2203 = CARTESIAN_POINT ( 'NONE',  ( 0.1550000000000000544, -3.615130378819710002E-17, -0.02600000000000000921 ) ) ;
#2204 = ORIENTED_EDGE ( 'NONE', *, *, #990, .F. ) ;
#2205 = ORIENTED_EDGE ( 'NONE', *, *, #3008, .F. ) ;
#2206 = FACE_OUTER_BOUND ( 'NONE', #662, .T. ) ;
#2207 = ORIENTED_EDGE ( 'NONE', *, *, #2788, .T. ) ;
#2208 = CARTESIAN_POINT ( 'NONE',  ( 0.1250000000000014433, 1.942319323305372256E-15, 0.3259999999999999565 ) ) ;
#2209 = CIRCLE ( 'NONE', #4602, 0.0005905511811023039749 ) ;
#2210 = ADVANCED_FACE ( 'NONE', ( #7121 ), #2868, .F. ) ;
#2211 = CARTESIAN_POINT ( 'NONE',  ( 0.1444094488188976955, 0.1069094488188977315, 0.3089999999999999414 ) ) ;
#2212 = CYLINDRICAL_SURFACE ( 'NONE', #1169, 0.01059055118110229995 ) ;
#2213 = DIRECTION ( 'NONE',  ( -0.000000000000000000, -0.000000000000000000, -1.000000000000000000 ) ) ;
#2214 = VECTOR ( 'NONE', #6190, 39.37007874015748854 ) ;
#2215 = CARTESIAN_POINT ( 'NONE',  ( -0.1444094488188976677, 0.1075000000000000122, 0.1700000000000000400 ) ) ;
#2216 = LINE ( 'NONE', #383, #7748 ) ;
#2217 = AXIS2_PLACEMENT_3D ( 'NONE', #7484, #4621, #6276 ) ;
#2218 = EDGE_LOOP ( 'NONE', ( #932, #2260, #1196, #5425 ) ) ;
#2219 = PLANE ( 'NONE',  #7567 ) ;
#2220 = FACE_OUTER_BOUND ( 'NONE', #2342, .T. ) ;
#2221 = CARTESIAN_POINT ( 'NONE',  ( -0.1550000000000000544, -2.761427880799627746E-17, 0.2260000000000000064 ) ) ;
#2222 = ADVANCED_FACE ( 'NONE', ( #7709 ), #1235, .F. ) ;
#2223 = VECTOR ( 'NONE', #2103, 39.37007874015748143 ) ;
#2224 = EDGE_CURVE ( 'NONE', #1825, #6429, #6498, .T. ) ;
#2225 = ORIENTED_EDGE ( 'NONE', *, *, #2154, .F. ) ;
#2226 = EDGE_CURVE ( 'NONE', #1701, #7372, #3447, .T. ) ;
#2227 = DIRECTION ( 'NONE',  ( 0.000000000000000000, -0.000000000000000000, -1.000000000000000000 ) ) ;
#2228 = VECTOR ( 'NONE', #4611, 39.37007874015748143 ) ;
#2229 = LINE ( 'NONE', #7573, #3527 ) ;
#2230 = VECTOR ( 'NONE', #4094, 39.37007874015748143 ) ;
#2231 = CARTESIAN_POINT ( 'NONE',  ( -0.1444094488188976955, -1.707404996040164512E-17, -0.09100000000000003919 ) ) ;
#2232 = FACE_OUTER_BOUND ( 'NONE', #5869, .T. ) ;
#2233 = CARTESIAN_POINT ( 'NONE',  ( 0.1550000000000000266, 0.1069094488188977315, 0.2300000000000000377 ) ) ;
#2234 = EDGE_CURVE ( 'NONE', #5444, #5577, #530, .T. ) ;
#2235 = ORIENTED_EDGE ( 'NONE', *, *, #3513, .T. ) ;
#2236 = DIRECTION ( 'NONE',  ( 0.000000000000000000, 0.000000000000000000, 1.000000000000000000 ) ) ;
#2237 = ORIENTED_EDGE ( 'NONE', *, *, #1477, .F. ) ;
#2238 = DIRECTION ( 'NONE',  ( -1.000000000000000000, 7.062854202149022777E-15, 0.000000000000000000 ) ) ;
#2239 = DIRECTION ( 'NONE',  ( -1.000000000000000000, 0.000000000000000000, 0.000000000000000000 ) ) ;
#2240 = VERTEX_POINT ( 'NONE', #1780 ) ;
#2241 = DIRECTION ( 'NONE',  ( -4.994192100871497655E-15, 0.7071067811865504593, 0.7071067811865444641 ) ) ;
#2242 = ORIENTED_EDGE ( 'NONE', *, *, #7191, .T. ) ;
#2243 = ORIENTED_EDGE ( 'NONE', *, *, #1265, .F. ) ;
#2244 = CARTESIAN_POINT ( 'NONE',  ( 0.1549999999999983336, -0.1300000000000000600, -0.009000000000000027076 ) ) ;
#2245 = ORIENTED_EDGE ( 'NONE', *, *, #5608, .F. ) ;
#2246 = DIRECTION ( 'NONE',  ( -1.000000000000000000, 6.829619984160659821E-15, 0.000000000000000000 ) ) ;
#2247 = DIRECTION ( 'NONE',  ( 1.000000000000000000, 0.000000000000000000, -1.402057137379402762E-15 ) ) ;
#2248 = DIRECTION ( 'NONE',  ( 0.000000000000000000, 1.000000000000000000, 0.000000000000000000 ) ) ;
#2249 = EDGE_CURVE ( 'NONE', #3803, #7038, #5884, .T. ) ;
#2250 = DIRECTION ( 'NONE',  ( 4.994192100871455057E-15, -0.7071067811865444641, 0.7071067811865504593 ) ) ;
#2251 = CARTESIAN_POINT ( 'NONE',  ( -0.1444094488188976677, 0.1175000000000000488, -0.03000000000000002318 ) ) ;
#2252 = LINE ( 'NONE', #2140, #121 ) ;
#2253 = DIRECTION ( 'NONE',  ( -0.000000000000000000, 1.000000000000000000, -0.000000000000000000 ) ) ;
#2254 = VERTEX_POINT ( 'NONE', #5994 ) ;
#2255 = LINE ( 'NONE', #1674, #2049 ) ;
#2256 = EDGE_CURVE ( 'NONE', #2702, #6324, #646, .T. ) ;
#2257 = DIRECTION ( 'NONE',  ( 7.134924142987280985E-15, 1.000000000000000000, 0.000000000000000000 ) ) ;
#2258 = DIRECTION ( 'NONE',  ( 0.000000000000000000, 1.000000000000000000, 0.000000000000000000 ) ) ;
#2259 = EDGE_CURVE ( 'NONE', #4291, #689, #62, .T. ) ;
#2260 = ORIENTED_EDGE ( 'NONE', *, *, #1606, .T. ) ;
#2261 = DIRECTION ( 'NONE',  ( 1.000000000000000000, 0.000000000000000000, 7.036998335327214835E-15 ) ) ;
#2262 = ORIENTED_EDGE ( 'NONE', *, *, #2268, .T. ) ;
#2263 = SURFACE_STYLE_USAGE ( .BOTH. , #7062 ) ;
#2264 = LINE ( 'NONE', #1288, #6935 ) ;
#2265 = LINE ( 'NONE', #4664, #2532 ) ;
#2266 = DIRECTION ( 'NONE',  ( -0.000000000000000000, -0.000000000000000000, -1.000000000000000000 ) ) ;
#2267 = DIRECTION ( 'NONE',  ( 0.000000000000000000, 1.000000000000000000, 0.000000000000000000 ) ) ;
#2268 = EDGE_CURVE ( 'NONE', #3448, #3064, #5321, .T. ) ;
#2269 = VERTEX_POINT ( 'NONE', #2946 ) ;
#2270 = DIRECTION ( 'NONE',  ( 0.000000000000000000, 0.7071067811865504593, 0.7071067811865444641 ) ) ;
#2271 = EDGE_CURVE ( 'NONE', #3253, #2390, #5364, .T. ) ;
#2272 = ORIENTED_EDGE ( 'NONE', *, *, #777, .T. ) ;
#2273 = CARTESIAN_POINT ( 'NONE',  ( -0.1250000000000014433, 1.942319323305372256E-15, 0.2260000000000000064 ) ) ;
#2274 = VECTOR ( 'NONE', #434, 39.37007874015748143 ) ;
#2275 = SURFACE_STYLE_USAGE ( .BOTH. , #5356 ) ;
#2276 = VERTEX_POINT ( 'NONE', #2988 ) ;
#2277 = CARTESIAN_POINT ( 'NONE',  ( -0.1549999999999995826, 0.04495472440944931619, -0.2290452755905511284 ) ) ;
#2278 = ORIENTED_EDGE ( 'NONE', *, *, #5894, .T. ) ;
#2279 = ORIENTED_EDGE ( 'NONE', *, *, #5651, .F. ) ;
#2280 = DIRECTION ( 'NONE',  ( 0.000000000000000000, 0.7071067811865504593, 0.7071067811865444641 ) ) ;
#2281 = EDGE_CURVE ( 'NONE', #7750, #7194, #6619, .T. ) ;
#2282 = ORIENTED_EDGE ( 'NONE', *, *, #7652, .T. ) ;
#2283 = CARTESIAN_POINT ( 'NONE',  ( 0.1449999999999983524, -0.1299999999999999767, -0.3090000000000000524 ) ) ;
#2284 = AXIS2_PLACEMENT_3D ( 'NONE', #349, #891, #4463 ) ;
#2285 = CLOSED_SHELL ( 'NONE', ( #4103, #5931, #3876, #5533, #7512, #278, #7663, #4881, #7641, #6672, #4502, #7233, #4479, #4925, #2135, #2222 ) ) ;
#2286 = VECTOR ( 'NONE', #5912, 39.37007874015748143 ) ;
#2287 = LINE ( 'NONE', #6540, #3545 ) ;
#2288 = CARTESIAN_POINT ( 'NONE',  ( -0.1444094488188976677, 0.1175000000000000488, -0.1300000000000000044 ) ) ;
#2289 = LINE ( 'NONE', #5210, #2907 ) ;
#2290 = CARTESIAN_POINT ( 'NONE',  ( -0.1449999999999991573, 0.004000000000000079881, -0.3300000000000001266 ) ) ;
#2291 = EDGE_LOOP ( 'NONE', ( #945, #1586, #4208, #398, #4727, #2504, #4609, #4839 ) ) ;
#2292 = PLANE ( 'NONE',  #6756 ) ;
#2293 = DIRECTION ( 'NONE',  ( 1.000000000000000000, 6.829619984160659821E-15, -0.000000000000000000 ) ) ;
#2294 = VERTEX_POINT ( 'NONE', #3524 ) ;
#2295 = EDGE_CURVE ( 'NONE', #7708, #1352, #1609, .T. ) ;
#2296 = DIRECTION ( 'NONE',  ( 0.000000000000000000, -0.000000000000000000, -1.000000000000000000 ) ) ;
#2297 = DIRECTION ( 'NONE',  ( 1.000000000000000000, -7.035477150404849144E-15, -1.521184922305145727E-18 ) ) ;
#2298 = CIRCLE ( 'NONE', #7069, 0.01059055118110233465 ) ;
#2299 = VECTOR ( 'NONE', #3983, 39.37007874015748143 ) ;
#2300 = CIRCLE ( 'NONE', #4560, 0.0005905511811023039749 ) ;
#2301 = ORIENTED_EDGE ( 'NONE', *, *, #6250, .F. ) ;
#2302 = VECTOR ( 'NONE', #4715, 39.37007874015748143 ) ;
#2303 = DIRECTION ( 'NONE',  ( 1.000000000000000000, 0.000000000000000000, 7.036998335327214835E-15 ) ) ;
#2304 = ORIENTED_EDGE ( 'NONE', *, *, #2124, .T. ) ;
#2305 = EDGE_CURVE ( 'NONE', #6698, #1222, #23, .T. ) ;
#2306 = LINE ( 'NONE', #2854, #3279 ) ;
#2307 = LINE ( 'NONE', #5348, #3514 ) ;
#2308 = CARTESIAN_POINT ( 'NONE',  ( -0.1444094488188976955, 0.1069094488188977315, -0.1910000000000000309 ) ) ;
#2309 = LINE ( 'NONE', #6442, #2183 ) ;
#2310 = VERTEX_POINT ( 'NONE', #1195 ) ;
#2311 = DIRECTION ( 'NONE',  ( -1.000000000000000000, -7.033955965482544985E-15, 0.000000000000000000 ) ) ;
#2312 = VECTOR ( 'NONE', #7345, 39.37007874015748143 ) ;
#2313 = ORIENTED_EDGE ( 'NONE', *, *, #4087, .T. ) ;
#2314 = CARTESIAN_POINT ( 'NONE',  ( -0.1444094488188976955, 0.1069094488188977315, -0.2910000000000000364 ) ) ;
#2315 = ORIENTED_EDGE ( 'NONE', *, *, #7343, .F. ) ;
#2316 = CARTESIAN_POINT ( 'NONE',  ( -0.1249999999999997641, 0.1075000000000000122, -0.1300000000000000044 ) ) ;
#2317 = ORIENTED_EDGE ( 'NONE', *, *, #1630, .F. ) ;
#2318 = STYLED_ITEM ( 'NONE', ( #4964 ), #4195 ) ;
#2319 = VECTOR ( 'NONE', #6855, 39.37007874015748143 ) ;
#2320 = ORIENTED_EDGE ( 'NONE', *, *, #894, .F. ) ;
#2321 = ORIENTED_EDGE ( 'NONE', *, *, #4360, .T. ) ;
#2322 = CARTESIAN_POINT ( 'NONE',  ( 0.1449999999999995182, 0.03595472440944844084, -0.1619547244094487193 ) ) ;
#2323 = VERTEX_POINT ( 'NONE', #7662 ) ;
#2324 = CARTESIAN_POINT ( 'NONE',  ( -7.791098234355730168E-21, 0.1981889763779526581, -0.3628221439731659781 ) ) ;
#2325 = EDGE_CURVE ( 'NONE', #6961, #4471, #3570, .T. ) ;
#2326 = AXIS2_PLACEMENT_3D ( 'NONE', #5584, #7306, #1260 ) ;
#2327 = DIRECTION ( 'NONE',  ( 0.000000000000000000, 0.7071067811865504593, 0.7071067811865444641 ) ) ;
#2328 = CARTESIAN_POINT ( 'NONE',  ( 0.1549999999999994993, 0.03595472440944842002, 0.03804527559055129876 ) ) ;
#2329 = CARTESIAN_POINT ( 'NONE',  ( 0.1549999999999995826, 0.04495472440944931619, 0.07095472440944888826 ) ) ;
#2330 = CARTESIAN_POINT ( 'NONE',  ( 0.1550000000000000266, 0.1069094488188977315, -0.2300000000000000100 ) ) ;
#2331 = FACE_OUTER_BOUND ( 'NONE', #1000, .T. ) ;
#2332 = ORIENTED_EDGE ( 'NONE', *, *, #5733, .F. ) ;
#2333 = CARTESIAN_POINT ( 'NONE',  ( -0.07500000000000002498, 0.2049999999999999045, -0.3050000000000001044 ) ) ;
#2334 = CARTESIAN_POINT ( 'NONE',  ( -0.1249999999999997641, 0.1175000000000000072, 0.1700000000000000400 ) ) ;
#2335 = ORIENTED_EDGE ( 'NONE', *, *, #4685, .T. ) ;
#2336 = EDGE_CURVE ( 'NONE', #2707, #5563, #5399, .T. ) ;
#2337 = PLANE ( 'NONE',  #3918 ) ;
#2338 = CARTESIAN_POINT ( 'NONE',  ( -0.1449999999999983524, -0.1299999999999999767, 0.3089999999999999414 ) ) ;
#2339 = LENGTH_MEASURE_WITH_UNIT ( LENGTH_MEASURE( 0.02539999999999999897 ), #4871 );
#2340 = AXIS2_PLACEMENT_3D ( 'NONE', #4793, #3635, #5930 ) ;
#2341 = CARTESIAN_POINT ( 'NONE',  ( -0.1449999999999983524, -0.1299999999999999767, -0.2910000000000000364 ) ) ;
#2342 = EDGE_LOOP ( 'NONE', ( #6199, #7295, #14, #7088 ) ) ;
#2343 = SURFACE_STYLE_FILL_AREA ( #5265 ) ;
#2344 = CARTESIAN_POINT ( 'NONE',  ( -0.1449999999999983524, -0.1299999999999999767, 0.008999999999999959421 ) ) ;
#2345 = LINE ( 'NONE', #5854, #5292 ) ;
#2346 = COLOUR_RGB ( '',0.7921568627450980005, 0.8196078431372548767, 0.9333333333333333481 ) ;
#2347 = DIRECTION ( 'NONE',  ( -1.000000000000000000, 0.000000000000000000, 0.000000000000000000 ) ) ;
#2348 = CARTESIAN_POINT ( 'NONE',  ( 0.1449999999999983802, -1.707404996040164512E-17, 0.07400000000000001021 ) ) ;
#2349 = EDGE_LOOP ( 'NONE', ( #5969, #6743 ) ) ;
#2350 = LINE ( 'NONE', #7654, #5207 ) ;
#2351 = EDGE_CURVE ( 'NONE', #1770, #6039, #2441, .T. ) ;
#2352 = ORIENTED_EDGE ( 'NONE', *, *, #7096, .T. ) ;
#2353 = DIRECTION ( 'NONE',  ( -7.134924142987280985E-15, 1.000000000000000000, -0.000000000000000000 ) ) ;
#2354 = DIRECTION ( 'NONE',  ( -0.000000000000000000, -0.000000000000000000, -1.000000000000000000 ) ) ;
#2355 = ORIENTED_EDGE ( 'NONE', *, *, #4435, .F. ) ;
#2356 = EDGE_LOOP ( 'NONE', ( #2590, #3144, #4141, #3404 ) ) ;
#2357 = CARTESIAN_POINT ( 'NONE',  ( 0.1449999999999999900, 0.1069094488188977315, -0.07000000000000000666 ) ) ;
#2358 = ORIENTED_EDGE ( 'NONE', *, *, #7645, .F. ) ;
#2359 = ORIENTED_EDGE ( 'NONE', *, *, #2433, .T. ) ;
#2360 = CARTESIAN_POINT ( 'NONE',  ( -0.1444094488188976955, 0.1069094488188977315, -0.1700000000000000400 ) ) ;
#2361 = ADVANCED_FACE ( 'NONE', ( #3765 ), #1936, .F. ) ;
#2362 = EDGE_LOOP ( 'NONE', ( #3416, #88, #5906, #5662, #5774, #2746, #5798, #3771, #5437, #2225 ) ) ;
#2363 = CARTESIAN_POINT ( 'NONE',  ( 0.1444094488188976677, 0.1175000000000000488, -0.1300000000000000044 ) ) ;
#2364 = ADVANCED_FACE ( 'NONE', ( #5592 ), #6068, .F. ) ;
#2365 = LINE ( 'NONE', #2951, #3290 ) ;
#2366 = DIRECTION ( 'NONE',  ( 1.000000000000000000, 0.000000000000000000, 0.000000000000000000 ) ) ;
#2367 = FILL_AREA_STYLE_COLOUR ( '', #6984 ) ;
#2368 = ADVANCED_FACE ( 'NONE', ( #5006 ), #6735, .F. ) ;
#2369 = DIRECTION ( 'NONE',  ( -0.000000000000000000, -0.000000000000000000, -1.000000000000000000 ) ) ;
#2370 = EDGE_LOOP ( 'NONE', ( #5993, #4222, #2977, #5254, #864, #5892, #5945, #4622, #2850, #3967 ) ) ;
#2371 = DIRECTION ( 'NONE',  ( 1.533174863687841128E-14, 1.000000000000000000, 0.000000000000000000 ) ) ;
#2372 = PLANE ( 'NONE',  #6370 ) ;
#2373 = ORIENTED_EDGE ( 'NONE', *, *, #5003, .F. ) ;
#2374 = ADVANCED_FACE ( 'NONE', ( #3804 ), #1900, .T. ) ;
#2375 = ORIENTED_EDGE ( 'NONE', *, *, #7600, .T. ) ;
#2376 = EDGE_CURVE ( 'NONE', #2783, #6488, #3729, .T. ) ;
#2377 = ADVANCED_FACE ( 'NONE', ( #6660 ), #142, .F. ) ;
#2378 = DIRECTION ( 'NONE',  ( 1.000000000000000000, -7.033955965482544985E-15, 0.000000000000000000 ) ) ;
#2379 = CARTESIAN_POINT ( 'NONE',  ( -0.1444094488188976955, 0.1069094488188977315, -0.1300000000000000044 ) ) ;
#2380 = LINE ( 'NONE', #5891, #78 ) ;
#2381 = EDGE_LOOP ( 'NONE', ( #6929, #6064, #6775, #4203 ) ) ;
#2382 = FILL_AREA_STYLE_COLOUR ( '', #7587 ) ;
#2383 = PLANE ( 'NONE',  #7418 ) ;
#2384 = FACE_OUTER_BOUND ( 'NONE', #2194, .T. ) ;
#2385 = DIRECTION ( 'NONE',  ( -0.000000000000000000, -0.000000000000000000, -1.000000000000000000 ) ) ;
#2386 = CARTESIAN_POINT ( 'NONE',  ( 0.1449999999999999900, 0.1069094488188977315, 0.1700000000000000400 ) ) ;
#2387 = CARTESIAN_POINT ( 'NONE',  ( -0.07500000000000002498, 0.2049999999999999045, -0.3250000000000000666 ) ) ;
#2388 = VERTEX_POINT ( 'NONE', #4403 ) ;
#2389 = DIRECTION ( 'NONE',  ( 7.062854202149022777E-15, 1.000000000000000000, 0.000000000000000000 ) ) ;
#2390 = VERTEX_POINT ( 'NONE', #3648 ) ;
#2391 = ORIENTED_EDGE ( 'NONE', *, *, #6272, .F. ) ;
#2392 = ADVANCED_FACE ( 'NONE', ( #6771 ), #5477, .F. ) ;
#2393 = CARTESIAN_POINT ( 'NONE',  ( 0.1449999999999983524, -0.1299999999999999767, -0.2910000000000000364 ) ) ;
#2394 = ORIENTED_EDGE ( 'NONE', *, *, #2325, .T. ) ;
#2395 = ORIENTED_EDGE ( 'NONE', *, *, #925, .T. ) ;
#2396 = VERTEX_POINT ( 'NONE', #1865 ) ;
#2397 = CARTESIAN_POINT ( 'NONE',  ( 0.1450000000000000455, 0.1069094488188977315, 0.1089999999999999858 ) ) ;
#2398 = ORIENTED_EDGE ( 'NONE', *, *, #237, .T. ) ;
#2399 = DIRECTION ( 'NONE',  ( 0.000000000000000000, -0.000000000000000000, -1.000000000000000000 ) ) ;
#2400 = VECTOR ( 'NONE', #7502, 39.37007874015748143 ) ;
#2401 = DIRECTION ( 'NONE',  ( 0.000000000000000000, -0.000000000000000000, -1.000000000000000000 ) ) ;
#2402 = EDGE_CURVE ( 'NONE', #3277, #2947, #1389, .T. ) ;
#2403 = CARTESIAN_POINT ( 'NONE',  ( -0.1128221439731656034, 0.01499999999999995955, 0.3750000000000002220 ) ) ;
#2404 =( NAMED_UNIT ( * ) PLANE_ANGLE_UNIT ( ) SI_UNIT ( $, .RADIAN. ) );
#2405 = AXIS2_PLACEMENT_3D ( 'NONE', #5690, #3871, #2072 ) ;
#2406 = LINE ( 'NONE', #7671, #2230 ) ;
#2407 = ORIENTED_EDGE ( 'NONE', *, *, #4766, .F. ) ;
#2408 = CARTESIAN_POINT ( 'NONE',  ( 0.1449999999999983524, -0.1299999999999999767, 0.1089999999999999858 ) ) ;
#2409 = DIRECTION ( 'NONE',  ( 0.000000000000000000, -0.000000000000000000, -1.000000000000000000 ) ) ;
#2410 = ORIENTED_EDGE ( 'NONE', *, *, #6175, .F. ) ;
#2411 = VERTEX_POINT ( 'NONE', #2519 ) ;
#2412 = ORIENTED_EDGE ( 'NONE', *, *, #2249, .T. ) ;
#2413 = VECTOR ( 'NONE', #4024, 39.37007874015748143 ) ;
#2414 = DIRECTION ( 'NONE',  ( 2.708476655372790909E-16, -0.1305261922200518787, 0.9914448613738103822 ) ) ;
#2415 = EDGE_CURVE ( 'NONE', #245, #3662, #980, .T. ) ;
#2416 = CARTESIAN_POINT ( 'NONE',  ( 0.1449999999999983802, -1.707404996040164512E-17, 0.1300000000000000044 ) ) ;
#2417 = SURFACE_STYLE_FILL_AREA ( #3672 ) ;
#2418 = ORIENTED_EDGE ( 'NONE', *, *, #3537, .T. ) ;
#2419 = LINE ( 'NONE', #780, #4838 ) ;
#2420 = ORIENTED_EDGE ( 'NONE', *, *, #2846, .F. ) ;
#2421 = AXIS2_PLACEMENT_3D ( 'NONE', #4544, #5763, #6833 ) ;
#2422 = DIRECTION ( 'NONE',  ( 7.134924142987280985E-15, 1.000000000000000000, 0.000000000000000000 ) ) ;
#2423 = CIRCLE ( 'NONE', #6952, 0.01059055118110233465 ) ;
#2424 = VECTOR ( 'NONE', #2167, 39.37007874015748143 ) ;
#2425 = FACE_OUTER_BOUND ( 'NONE', #4334, .T. ) ;
#2426 = DIRECTION ( 'NONE',  ( 0.000000000000000000, 0.000000000000000000, 1.000000000000000000 ) ) ;
#2427 = LINE ( 'NONE', #2509, #3460 ) ;
#2428 = DIRECTION ( 'NONE',  ( 0.000000000000000000, -0.7071067811865444641, 0.7071067811865504593 ) ) ;
#2429 = VECTOR ( 'NONE', #2908, 39.37007874015748143 ) ;
#2430 = VECTOR ( 'NONE', #3355, 39.37007874015748143 ) ;
#2431 = ORIENTED_EDGE ( 'NONE', *, *, #1115, .T. ) ;
#2432 = CARTESIAN_POINT ( 'NONE',  ( -0.1549999999999994993, 0.03595472440944842002, 0.1380452755905513251 ) ) ;
#2433 = EDGE_CURVE ( 'NONE', #4929, #4520, #3692, .T. ) ;
#2434 = ORIENTED_EDGE ( 'NONE', *, *, #5639, .T. ) ;
#2435 = EDGE_CURVE ( 'NONE', #3662, #7177, #5631, .T. ) ;
#2436 = VERTEX_POINT ( 'NONE', #3067 ) ;
#2437 = CARTESIAN_POINT ( 'NONE',  ( -0.1449999999999983524, 4.274049269606410852E-17, -0.2740000000000000768 ) ) ;
#2438 = VECTOR ( 'NONE', #5924, 39.37007874015748143 ) ;
#2439 = ORIENTED_EDGE ( 'NONE', *, *, #1705, .F. ) ;
#2440 = ORIENTED_EDGE ( 'NONE', *, *, #2305, .F. ) ;
#2441 = LINE ( 'NONE', #763, #3227 ) ;
#2442 = ORIENTED_EDGE ( 'NONE', *, *, #5413, .T. ) ;
#2443 = CARTESIAN_POINT ( 'NONE',  ( 0.1550000000000000544, -1.707404996040164512E-17, -0.07000000000000000666 ) ) ;
#2444 = VECTOR ( 'NONE', #90, 39.37007874015748143 ) ;
#2445 = DIRECTION ( 'NONE',  ( -7.134924142987280985E-15, -1.000000000000000000, 0.000000000000000000 ) ) ;
#2446 = VECTOR ( 'NONE', #4362, 39.37007874015748143 ) ;
#2447 = DIRECTION ( 'NONE',  ( 1.000000000000000000, -7.035477150404849144E-15, -1.521184922305145727E-18 ) ) ;
#2448 = AXIS2_PLACEMENT_3D ( 'NONE', #4554, #985, #364 ) ;
#2449 = SURFACE_STYLE_USAGE ( .BOTH. , #5876 ) ;
#2450 = EDGE_LOOP ( 'NONE', ( #4211, #1068, #3964, #7072 ) ) ;
#2451 = VERTEX_POINT ( 'NONE', #4927 ) ;
#2452 = DIRECTION ( 'NONE',  ( -1.000000000000000000, -7.033955965482544985E-15, 0.000000000000000000 ) ) ;
#2453 = CARTESIAN_POINT ( 'NONE',  ( -0.1449999999999999900, 0.1069094488188977315, -0.1300000000000000044 ) ) ;
#2454 = ORIENTED_EDGE ( 'NONE', *, *, #2628, .F. ) ;
#2455 = ADVANCED_FACE ( 'NONE', ( #2483 ), #4892, .T. ) ;
#2456 = EDGE_LOOP ( 'NONE', ( #5704, #865, #3620, #452, #1436, #7009, #4162, #225, #580, #6301 ) ) ;
#2457 = AXIS2_PLACEMENT_3D ( 'NONE', #4720, #7746, #6611 ) ;
#2458 = VECTOR ( 'NONE', #5542, 39.37007874015748854 ) ;
#2459 = ORIENTED_EDGE ( 'NONE', *, *, #964, .T. ) ;
#2460 = LINE ( 'NONE', #3084, #1934 ) ;
#2461 = CARTESIAN_POINT ( 'NONE',  ( -0.1444094488188976677, 0.1075000000000000122, 0.07000000000000000666 ) ) ;
#2462 = VECTOR ( 'NONE', #3851, 39.37007874015748143 ) ;
#2463 = DIRECTION ( 'NONE',  ( 7.062854202149022777E-15, -1.000000000000000000, 0.000000000000000000 ) ) ;
#2464 = CARTESIAN_POINT ( 'NONE',  ( -0.1449999999999983802, -1.707404996040164512E-17, -0.07000000000000000666 ) ) ;
#2465 = EDGE_CURVE ( 'NONE', #6600, #3346, #1353, .T. ) ;
#2466 = CARTESIAN_POINT ( 'NONE',  ( -0.1249999999999997641, 0.1075000000000000122, 0.1089999999999999858 ) ) ;
#2467 = CARTESIAN_POINT ( 'NONE',  ( -0.07500000000000002498, 0.2049999999999999045, -0.3250000000000000666 ) ) ;
#2468 = CARTESIAN_POINT ( 'NONE',  ( -0.1444094488188976955, 0.1069094488188977315, 0.2300000000000000377 ) ) ;
#2469 = ADVANCED_FACE ( 'NONE', ( #2556 ), #4968, .F. ) ;
#2470 = AXIS2_PLACEMENT_3D ( 'NONE', #7392, #4373, #7284 ) ;
#2471 = EDGE_CURVE ( 'NONE', #6256, #5229, #1533, .T. ) ;
#2472 = VECTOR ( 'NONE', #7721, 39.37007874015748143 ) ;
#2473 = VERTEX_POINT ( 'NONE', #290 ) ;
#2474 = CARTESIAN_POINT ( 'NONE',  ( -0.1249999999999997641, 0.1075000000000000122, 0.3300000000000000155 ) ) ;
#2475 = VECTOR ( 'NONE', #389, 39.37007874015748143 ) ;
#2476 = VECTOR ( 'NONE', #5878, 39.37007874015748143 ) ;
#2477 =( LENGTH_UNIT ( ) NAMED_UNIT ( * ) SI_UNIT ( $, .METRE. ) );
#2478 = ORIENTED_EDGE ( 'NONE', *, *, #1108, .F. ) ;
#2479 = EDGE_CURVE ( 'NONE', #795, #4929, #5664, .T. ) ;
#2480 = CARTESIAN_POINT ( 'NONE',  ( 0.1550000000000000544, -3.615130378819710002E-17, 0.07400000000000001021 ) ) ;
#2481 = ORIENTED_EDGE ( 'NONE', *, *, #2465, .T. ) ;
#2482 = ORIENTED_EDGE ( 'NONE', *, *, #6269, .T. ) ;
#2483 = FACE_OUTER_BOUND ( 'NONE', #7540, .T. ) ;
#2484 = EDGE_LOOP ( 'NONE', ( #4209, #703, #4895, #2518 ) ) ;
#2485 = CARTESIAN_POINT ( 'NONE',  ( 0.1550000000000000266, 0.1069094488188977315, 0.1300000000000000044 ) ) ;
#2486 = VECTOR ( 'NONE', #4694, 39.37007874015748143 ) ;
#2487 = CARTESIAN_POINT ( 'NONE',  ( 0.1444094488188976677, 0.1075000000000000122, 0.07000000000000000666 ) ) ;
#2488 = LINE ( 'NONE', #4297, #5948 ) ;
#2489 = AXIS2_PLACEMENT_3D ( 'NONE', #7199, #5436, #4127 ) ;
#2490 = VERTEX_POINT ( 'NONE', #3958 ) ;
#2491 = EDGE_LOOP ( 'NONE', ( #7236, #4381, #4819, #7116 ) ) ;
#2492 = PLANE ( 'NONE',  #5618 ) ;
#2493 = DIRECTION ( 'NONE',  ( -1.000000000000000000, 0.000000000000000000, 0.000000000000000000 ) ) ;
#2494 = ORIENTED_EDGE ( 'NONE', *, *, #6740, .T. ) ;
#2495 = EDGE_LOOP ( 'NONE', ( #5838, #7246, #2867, #1019 ) ) ;
#2496 = EDGE_CURVE ( 'NONE', #1021, #7700, #3284, .T. ) ;
#2497 = FACE_OUTER_BOUND ( 'NONE', #6077, .T. ) ;
#2498 = DIRECTION ( 'NONE',  ( -1.000000000000000000, 0.000000000000000000, 0.000000000000000000 ) ) ;
#2499 = EDGE_CURVE ( 'NONE', #709, #5465, #947, .T. ) ;
#2500 = CARTESIAN_POINT ( 'NONE',  ( -0.1444094488188976955, 0.1069094488188977315, 0.1700000000000000400 ) ) ;
#2501 = CARTESIAN_POINT ( 'NONE',  ( -0.1549999999999983336, -0.1300000000000000600, -0.09100000000000003919 ) ) ;
#2502 = ORIENTED_EDGE ( 'NONE', *, *, #6902, .T. ) ;
#2503 = DIRECTION ( 'NONE',  ( 1.000000000000000000, 0.000000000000000000, 0.000000000000000000 ) ) ;
#2504 = ORIENTED_EDGE ( 'NONE', *, *, #5556, .F. ) ;
#2505 = DIRECTION ( 'NONE',  ( -5.045153244757943312E-15, -0.7071067811865504593, -0.7071067811865444641 ) ) ;
#2506 = EDGE_CURVE ( 'NONE', #7547, #7707, #5773, .T. ) ;
#2507 = CARTESIAN_POINT ( 'NONE',  ( -0.1444094488188976955, 0.1069094488188977315, -0.3300000000000000155 ) ) ;
#2508 = DIRECTION ( 'NONE',  ( 0.000000000000000000, 1.000000000000000000, -0.000000000000000000 ) ) ;
#2509 = CARTESIAN_POINT ( 'NONE',  ( -0.1444094488188976677, 0.1075000000000000122, 0.2300000000000000377 ) ) ;
#2510 = DIRECTION ( 'NONE',  ( -0.000000000000000000, -0.000000000000000000, -1.000000000000000000 ) ) ;
#2511 =( CONVERSION_BASED_UNIT ( 'INCH', #6800 ) LENGTH_UNIT ( ) NAMED_UNIT ( #4501 ) );
#2512 = ORIENTED_EDGE ( 'NONE', *, *, #6309, .F. ) ;
#2513 = EDGE_CURVE ( 'NONE', #5126, #6333, #397, .T. ) ;
#2514 = DIRECTION ( 'NONE',  ( 1.000000000000000000, 6.829619984160659821E-15, -0.000000000000000000 ) ) ;
#2515 = VERTEX_POINT ( 'NONE', #5187 ) ;
#2516 = ADVANCED_FACE ( 'NONE', ( #3357 ), #7506, .T. ) ;
#2517 = VERTEX_POINT ( 'NONE', #7465 ) ;
#2518 = ORIENTED_EDGE ( 'NONE', *, *, #5910, .F. ) ;
#2519 = CARTESIAN_POINT ( 'NONE',  ( -0.1449999999999983802, -1.707404996040164512E-17, 0.07400000000000001021 ) ) ;
#2520 = ORIENTED_EDGE ( 'NONE', *, *, #1079, .F. ) ;
#2521 = DIRECTION ( 'NONE',  ( -7.134924142987280985E-15, -1.000000000000000000, 0.000000000000000000 ) ) ;
#2522 = ORIENTED_EDGE ( 'NONE', *, *, #883, .F. ) ;
#2523 = FACE_OUTER_BOUND ( 'NONE', #3949, .T. ) ;
#2524 = DIRECTION ( 'NONE',  ( -0.000000000000000000, -0.000000000000000000, -1.000000000000000000 ) ) ;
#2525 = CARTESIAN_POINT ( 'NONE',  ( 0.1550000000000000266, 0.1069094488188977315, 0.3300000000000000155 ) ) ;
#2526 = ADVANCED_FACE ( 'NONE', ( #6997 ), #1020, .F. ) ;
#2527 = ORIENTED_EDGE ( 'NONE', *, *, #6272, .T. ) ;
#2528 = VERTEX_POINT ( 'NONE', #1615 ) ;
#2529 = CARTESIAN_POINT ( 'NONE',  ( 0.1449999999999983802, -1.707404996040164512E-17, 0.02999999999999998848 ) ) ;
#2530 = FACE_OUTER_BOUND ( 'NONE', #4082, .T. ) ;
#2531 = ORIENTED_EDGE ( 'NONE', *, *, #5027, .F. ) ;
#2532 = VECTOR ( 'NONE', #3011, 39.37007874015748143 ) ;
#2533 = ORIENTED_EDGE ( 'NONE', *, *, #1876, .F. ) ;
#2534 = AXIS2_PLACEMENT_3D ( 'NONE', #125, #1289, #7266 ) ;
#2535 = PLANE ( 'NONE',  #1174 ) ;
#2536 = DIRECTION ( 'NONE',  ( -4.994192100871455057E-15, -0.7071067811865444641, 0.7071067811865504593 ) ) ;
#2537 = DIRECTION ( 'NONE',  ( -0.000000000000000000, -0.000000000000000000, -1.000000000000000000 ) ) ;
#2538 = PLANE ( 'NONE',  #732 ) ;
#2539 = LINE ( 'NONE', #745, #2674 ) ;
#2540 = EDGE_LOOP ( 'NONE', ( #2235, #2914, #4987, #1902 ) ) ;
#2541 = VECTOR ( 'NONE', #2873, 39.37007874015748854 ) ;
#2542 = ADVANCED_FACE ( 'NONE', ( #3245 ), #6371, .T. ) ;
#2543 = DIRECTION ( 'NONE',  ( 0.000000000000000000, -0.000000000000000000, -1.000000000000000000 ) ) ;
#2544 = CARTESIAN_POINT ( 'NONE',  ( -0.1450000000000000455, 0.1069094488188977315, -0.1090000000000000135 ) ) ;
#2545 = PLANE ( 'NONE',  #2643 ) ;
#2546 = CIRCLE ( 'NONE', #4946, 0.01059055118110233465 ) ;
#2547 = PLANE ( 'NONE',  #2326 ) ;
#2548 = CARTESIAN_POINT ( 'NONE',  ( 0.1450000000000000455, 0.1069094488188977315, -0.3090000000000000524 ) ) ;
#2549 = EDGE_CURVE ( 'NONE', #1184, #698, #3916, .T. ) ;
#2550 = AXIS2_PLACEMENT_3D ( 'NONE', #5067, #2070, #4472 ) ;
#2551 = LINE ( 'NONE', #4963, #6093 ) ;
#2552 = SURFACE_STYLE_USAGE ( .BOTH. , #1931 ) ;
#2553 = LINE ( 'NONE', #2005, #6101 ) ;
#2554 = VECTOR ( 'NONE', #5369, 39.37007874015748143 ) ;
#2555 = ORIENTED_EDGE ( 'NONE', *, *, #4984, .T. ) ;
#2556 = FACE_OUTER_BOUND ( 'NONE', #2712, .T. ) ;
#2557 = CIRCLE ( 'NONE', #3925, 0.01059055118110233465 ) ;
#2558 = EDGE_LOOP ( 'NONE', ( #312, #3222, #3233, #1350 ) ) ;
#2559 = PLANE ( 'NONE',  #3467 ) ;
#2560 = ORIENTED_EDGE ( 'NONE', *, *, #1340, .F. ) ;
#2561 = CARTESIAN_POINT ( 'NONE',  ( 0.1444094488188976955, -1.707404996040164512E-17, 0.2090000000000000191 ) ) ;
#2562 = VECTOR ( 'NONE', #2623, 39.37007874015748854 ) ;
#2563 = LINE ( 'NONE', #6883, #2400 ) ;
#2564 = CARTESIAN_POINT ( 'NONE',  ( 0.1550000000000000266, 0.1069094488188977315, -0.2300000000000000100 ) ) ;
#2565 = ORIENTED_EDGE ( 'NONE', *, *, #2415, .F. ) ;
#2566 = DIRECTION ( 'NONE',  ( -5.045153244757943312E-15, -0.7071067811865504593, -0.7071067811865444641 ) ) ;
#2567 = EDGE_CURVE ( 'NONE', #6045, #6488, #6257, .T. ) ;
#2568 = CARTESIAN_POINT ( 'NONE',  ( 0.1444094488188976677, 0.1175000000000000488, -0.1700000000000000400 ) ) ;
#2569 = EDGE_LOOP ( 'NONE', ( #3221, #3520, #4085, #629 ) ) ;
#2570 = VECTOR ( 'NONE', #103, 39.37007874015748143 ) ;
#2571 = CARTESIAN_POINT ( 'NONE',  ( -0.1444094488188976955, 0.1069094488188977315, 0.1700000000000000400 ) ) ;
#2572 = CARTESIAN_POINT ( 'NONE',  ( 0.1444094488188976955, 0.1069094488188977315, 0.3089999999999999414 ) ) ;
#2573 = EDGE_CURVE ( 'NONE', #7, #1507, #5744, .T. ) ;
#2574 = DIRECTION ( 'NONE',  ( 1.000000000000000000, 0.000000000000000000, 0.000000000000000000 ) ) ;
#2575 = LINE ( 'NONE', #1335, #3220 ) ;
#2576 = LINE ( 'NONE', #5390, #7315 ) ;
#2577 = ORIENTED_EDGE ( 'NONE', *, *, #1369, .T. ) ;
#2578 = DIRECTION ( 'NONE',  ( -1.000000000000000000, -7.035477150404849144E-15, -1.521184922305145727E-18 ) ) ;
#2579 = AXIS2_PLACEMENT_3D ( 'NONE', #3511, #5929, #2929 ) ;
#2580 = DIRECTION ( 'NONE',  ( 0.000000000000000000, -0.000000000000000000, -1.000000000000000000 ) ) ;
#2581 = DIRECTION ( 'NONE',  ( 0.000000000000000000, 1.000000000000000000, 0.000000000000000000 ) ) ;
#2582 = DIRECTION ( 'NONE',  ( 0.000000000000000000, 0.000000000000000000, 1.000000000000000000 ) ) ;
#2583 = LINE ( 'NONE', #7415, #6630 ) ;
#2584 = VECTOR ( 'NONE', #6977, 39.37007874015748143 ) ;
#2585 = DIRECTION ( 'NONE',  ( -1.000000000000000000, 0.000000000000000000, 0.000000000000000000 ) ) ;
#2586 = PLANE ( 'NONE',  #6727 ) ;
#2587 = CARTESIAN_POINT ( 'NONE',  ( 0.1550000000000000266, 0.1069094488188977315, -0.1090000000000000135 ) ) ;
#2588 = EDGE_LOOP ( 'NONE', ( #5488, #3186, #7678, #4495, #7296, #1845, #1983, #2044, #6885, #6259 ) ) ;
#2589 = DIRECTION ( 'NONE',  ( 0.000000000000000000, 0.000000000000000000, 1.000000000000000000 ) ) ;
#2590 = ORIENTED_EDGE ( 'NONE', *, *, #1308, .T. ) ;
#2591 = LINE ( 'NONE', #2443, #982 ) ;
#2592 = VERTEX_POINT ( 'NONE', #910 ) ;
#2593 = CARTESIAN_POINT ( 'NONE',  ( 0.1444094488188976955, 0.1069094488188977315, -0.3300000000000000155 ) ) ;
#2594 = AXIS2_PLACEMENT_3D ( 'NONE', #4774, #1245, #5834 ) ;
#2595 = DIRECTION ( 'NONE',  ( -0.000000000000000000, -0.000000000000000000, -1.000000000000000000 ) ) ;
#2596 = EDGE_CURVE ( 'NONE', #206, #3608, #2195, .T. ) ;
#2597 = VECTOR ( 'NONE', #4312, 39.37007874015748143 ) ;
#2598 = ORIENTED_EDGE ( 'NONE', *, *, #6927, .T. ) ;
#2599 = ORIENTED_EDGE ( 'NONE', *, *, #3920, .F. ) ;
#2600 = DIRECTION ( 'NONE',  ( 0.000000000000000000, 0.000000000000000000, 1.000000000000000000 ) ) ;
#2601 = DIRECTION ( 'NONE',  ( -0.000000000000000000, -0.000000000000000000, -1.000000000000000000 ) ) ;
#2602 = ORIENTED_EDGE ( 'NONE', *, *, #3864, .F. ) ;
#2603 = EDGE_CURVE ( 'NONE', #5867, #3483, #2699, .T. ) ;
#2604 = AXIS2_PLACEMENT_3D ( 'NONE', #1974, #223, #796 ) ;
#2605 = ORIENTED_EDGE ( 'NONE', *, *, #5028, .F. ) ;
#2606 = PLANE ( 'NONE',  #198 ) ;
#2607 = DIRECTION ( 'NONE',  ( -7.062854202149022777E-15, -1.000000000000000000, 0.000000000000000000 ) ) ;
#2608 = CARTESIAN_POINT ( 'NONE',  ( -0.1549999999999983336, -0.1300000000000000600, 0.2909999999999999809 ) ) ;
#2609 = EDGE_CURVE ( 'NONE', #7038, #4454, #2156, .T. ) ;
#2610 = PLANE ( 'NONE',  #6009 ) ;
#2611 = ADVANCED_FACE ( 'NONE', ( #2736 ), #5149, .F. ) ;
#2612 = LINE ( 'NONE', #5025, #5378 ) ;
#2613 = ORIENTED_EDGE ( 'NONE', *, *, #6282, .F. ) ;
#2614 = DIRECTION ( 'NONE',  ( -1.000000000000000000, 0.000000000000000000, 0.000000000000000000 ) ) ;
#2615 = LINE ( 'NONE', #6983, #1049 ) ;
#2616 = FACE_OUTER_BOUND ( 'NONE', #7560, .T. ) ;
#2617 = LINE ( 'NONE', #4397, #5491 ) ;
#2618 = EDGE_CURVE ( 'NONE', #4527, #4407, #7110, .T. ) ;
#2619 = CARTESIAN_POINT ( 'NONE',  ( -0.1449999999999983524, -0.1299999999999999767, 0.2090000000000000191 ) ) ;
#2620 = DIRECTION ( 'NONE',  ( 0.000000000000000000, -1.000000000000000000, 0.000000000000000000 ) ) ;
#2621 = DIRECTION ( 'NONE',  ( 0.000000000000000000, 1.000000000000000000, 0.000000000000000000 ) ) ;
#2622 = ORIENTED_EDGE ( 'NONE', *, *, #5644, .F. ) ;
#2623 = DIRECTION ( 'NONE',  ( -4.994192100871455057E-15, -0.7071067811865444641, 0.7071067811865504593 ) ) ;
#2624 = EDGE_LOOP ( 'NONE', ( #3646, #1864, #6295, #5778 ) ) ;
#2625 = CARTESIAN_POINT ( 'NONE',  ( -0.1444094488188976955, 0.1069094488188977315, -0.2910000000000000364 ) ) ;
#2626 = ORIENTED_EDGE ( 'NONE', *, *, #4477, .T. ) ;
#2627 = EDGE_LOOP ( 'NONE', ( #6769, #1321, #3970, #2262 ) ) ;
#2628 = EDGE_CURVE ( 'NONE', #4767, #6311, #2932, .T. ) ;
#2629 = CARTESIAN_POINT ( 'NONE',  ( -0.1449999999999983802, -1.707404996040164512E-17, 0.1740000000000000435 ) ) ;
#2630 = LINE ( 'NONE', #2561, #562 ) ;
#2631 = DIRECTION ( 'NONE',  ( 0.000000000000000000, -0.000000000000000000, 1.000000000000000000 ) ) ;
#2632 = ORIENTED_EDGE ( 'NONE', *, *, #3476, .F. ) ;
#2633 = ORIENTED_EDGE ( 'NONE', *, *, #2130, .F. ) ;
#2634 = FACE_OUTER_BOUND ( 'NONE', #1972, .T. ) ;
#2635 = DIRECTION ( 'NONE',  ( -1.000000000000000000, 6.829619984160659821E-15, 0.000000000000000000 ) ) ;
#2636 = ADVANCED_FACE ( 'NONE', ( #1735 ), #1690, .F. ) ;
#2637 = ORIENTED_EDGE ( 'NONE', *, *, #1046, .F. ) ;
#2638 = DIRECTION ( 'NONE',  ( 0.000000000000000000, 1.000000000000000000, 0.000000000000000000 ) ) ;
#2639 = CARTESIAN_POINT ( 'NONE',  ( 0.1550000000000000544, -1.707404996040164512E-17, -0.2700000000000000178 ) ) ;
#2640 = CARTESIAN_POINT ( 'NONE',  ( -0.1249999999999997641, 0.1175000000000000072, 0.3750000000000002220 ) ) ;
#2641 = CARTESIAN_POINT ( 'NONE',  ( -0.1449999999999983524, -0.1299999999999999767, 0.3089999999999999414 ) ) ;
#2642 = EDGE_LOOP ( 'NONE', ( #1368, #4243, #155, #5714, #6923, #5451, #2320, #1074, #2164, #2011 ) ) ;
#2643 = AXIS2_PLACEMENT_3D ( 'NONE', #2466, #249, #5504 ) ;
#2644 = CARTESIAN_POINT ( 'NONE',  ( -0.1444094488188976955, 0.1069094488188977315, -0.2700000000000000178 ) ) ;
#2645 = EDGE_CURVE ( 'NONE', #7395, #1994, #2350, .T. ) ;
#2646 = FACE_OUTER_BOUND ( 'NONE', #6760, .T. ) ;
#2647 = CARTESIAN_POINT ( 'NONE',  ( -0.1550000000000000266, 0.1069094488188977315, 0.2300000000000000377 ) ) ;
#2648 = DIRECTION ( 'NONE',  ( 1.000000000000000000, 0.000000000000000000, 0.000000000000000000 ) ) ;
#2649 = VECTOR ( 'NONE', #2297, 39.37007874015748143 ) ;
#2650 = EDGE_CURVE ( 'NONE', #4454, #7060, #2860, .T. ) ;
#2651 = DIRECTION ( 'NONE',  ( -0.000000000000000000, -0.000000000000000000, -1.000000000000000000 ) ) ;
#2652 = CIRCLE ( 'NONE', #1794, 0.01059055118110233465 ) ;
#2653 = LINE ( 'NONE', #432, #3310 ) ;
#2654 = AXIS2_PLACEMENT_3D ( 'NONE', #1483, #2025, #3638 ) ;
#2655 = PLANE ( 'NONE',  #586 ) ;
#2656 = VERTEX_POINT ( 'NONE', #5811 ) ;
#2657 = ORIENTED_EDGE ( 'NONE', *, *, #4348, .T. ) ;
#2658 = CARTESIAN_POINT ( 'NONE',  ( 0.1449999999999983524, -0.1299999999999999767, 0.3089999999999999414 ) ) ;
#2659 = VERTEX_POINT ( 'NONE', #5391 ) ;
#2660 = ORIENTED_EDGE ( 'NONE', *, *, #5794, .T. ) ;
#2661 = ADVANCED_FACE ( 'NONE', ( #1102 ), #522, .F. ) ;
#2662 = ADVANCED_FACE ( 'NONE', ( #7068 ), #3480, .F. ) ;
#2663 = FACE_OUTER_BOUND ( 'NONE', #5484, .T. ) ;
#2664 = LINE ( 'NONE', #4491, #5100 ) ;
#2665 = AXIS2_PLACEMENT_3D ( 'NONE', #3042, #6750, #7265 ) ;
#2666 = LINE ( 'NONE', #7432, #467 ) ;
#2667 = AXIS2_PLACEMENT_3D ( 'NONE', #4542, #5066, #3198 ) ;
#2668 = VECTOR ( 'NONE', #5870, 39.37007874015748143 ) ;
#2669 = VERTEX_POINT ( 'NONE', #1181 ) ;
#2670 = ORIENTED_EDGE ( 'NONE', *, *, #1550, .T. ) ;
#2671 = LINE ( 'NONE', #7548, #7267 ) ;
#2672 = CARTESIAN_POINT ( 'NONE',  ( -0.1128221439731658948, 0.2099999999999999090, -0.3750000000000001110 ) ) ;
#2673 = ORIENTED_EDGE ( 'NONE', *, *, #1384, .T. ) ;
#2674 = VECTOR ( 'NONE', #5536, 39.37007874015748143 ) ;
#2675 = DIRECTION ( 'NONE',  ( -1.000000000000000000, 0.000000000000000000, 0.000000000000000000 ) ) ;
#2676 =( CONVERSION_BASED_UNIT ( 'INCH', #1003 ) LENGTH_UNIT ( ) NAMED_UNIT ( #343 ) );
#2677 = CARTESIAN_POINT ( 'NONE',  ( -0.1550000000000000266, 0.1069094488188977315, 0.07000000000000000666 ) ) ;
#2678 = VECTOR ( 'NONE', #2227, 39.37007874015748143 ) ;
#2679 = EDGE_CURVE ( 'NONE', #7750, #6346, #5230, .T. ) ;
#2680 = CARTESIAN_POINT ( 'NONE',  ( -0.07500000000000002498, 0.2049999999999999045, -0.3050000000000001044 ) ) ;
#2681 = ORIENTED_EDGE ( 'NONE', *, *, #3559, .F. ) ;
#2682 = DIRECTION ( 'NONE',  ( 0.000000000000000000, -0.000000000000000000, -1.000000000000000000 ) ) ;
#2683 = DIRECTION ( 'NONE',  ( -0.000000000000000000, 0.000000000000000000, -1.000000000000000000 ) ) ;
#2684 = LINE ( 'NONE', #2647, #7178 ) ;
#2685 = VECTOR ( 'NONE', #1971, 39.37007874015748143 ) ;
#2686 = DIRECTION ( 'NONE',  ( 1.000000000000000000, -0.000000000000000000, -2.731847993664263218E-16 ) ) ;
#2687 = EDGE_CURVE ( 'NONE', #1994, #4314, #5308, .T. ) ;
#2688 = ORIENTED_EDGE ( 'NONE', *, *, #3791, .T. ) ;
#2689 = ADVANCED_FACE ( 'NONE', ( #1062 ), #4073, .F. ) ;
#2690 = AXIS2_PLACEMENT_3D ( 'NONE', #1025, #1538, #5194 ) ;
#2691 = FACE_OUTER_BOUND ( 'NONE', #4413, .T. ) ;
#2692 = EDGE_CURVE ( 'NONE', #2824, #4967, #6487, .T. ) ;
#2693 = DIRECTION ( 'NONE',  ( 0.000000000000000000, -0.000000000000000000, -1.000000000000000000 ) ) ;
#2694 = ADVANCED_FACE ( 'NONE', ( #6527 ), #7740, .T. ) ;
#2695 = CARTESIAN_POINT ( 'NONE',  ( 0.1444094488188976955, 0.1069094488188977315, -0.3300000000000000155 ) ) ;
#2696 = DIRECTION ( 'NONE',  ( -0.9914448613738103822, -0.1305261922200518787, 3.611302207163715131E-16 ) ) ;
#2697 = EDGE_CURVE ( 'NONE', #6456, #4343, #2057, .T. ) ;
#2698 = EDGE_LOOP ( 'NONE', ( #3667, #5426, #4227, #1656 ) ) ;
#2699 = LINE ( 'NONE', #5040, #6454 ) ;
#2700 = COLOUR_RGB ( '',0.7921568627450980005, 0.8196078431372548767, 0.9333333333333333481 ) ;
#2701 = ORIENTED_EDGE ( 'NONE', *, *, #6940, .F. ) ;
#2702 = VERTEX_POINT ( 'NONE', #1649 ) ;
#2703 = DIRECTION ( 'NONE',  ( -0.1294283079955640126, -0.9831056027603600755, -0.1294283079955639293 ) ) ;
#2704 = EDGE_CURVE ( 'NONE', #4116, #4805, #4030, .T. ) ;
#2705 = CARTESIAN_POINT ( 'NONE',  ( 0.1444094488188969738, 0.004000000000000131922, 0.1300000000000000044 ) ) ;
#2706 = CARTESIAN_POINT ( 'NONE',  ( -0.1550000000000000266, 0.1069094488188977315, -0.1090000000000000135 ) ) ;
#2707 = VERTEX_POINT ( 'NONE', #559 ) ;
#2708 = EDGE_LOOP ( 'NONE', ( #1899, #1173, #6230, #5150 ) ) ;
#2709 = LINE ( 'NONE', #2129, #4883 ) ;
#2710 = VERTEX_POINT ( 'NONE', #3436 ) ;
#2711 = CARTESIAN_POINT ( 'NONE',  ( -0.1449999999999983802, -1.707404996040164512E-17, -0.2910000000000000364 ) ) ;
#2712 = EDGE_LOOP ( 'NONE', ( #2632, #6544, #526, #5318 ) ) ;
#2713 = AXIS2_PLACEMENT_3D ( 'NONE', #2468, #4836, #1851 ) ;
#2714 = CARTESIAN_POINT ( 'NONE',  ( 0.1444094488188976677, 0.1075000000000000122, -0.07000000000000000666 ) ) ;
#2715 = DIRECTION ( 'NONE',  ( 1.000000000000000000, 0.000000000000000000, -2.731847993664266177E-16 ) ) ;
#2716 = CARTESIAN_POINT ( 'NONE',  ( 0.1250000000000014433, 1.942319323305372256E-15, 0.02599999999999993983 ) ) ;
#2717 = UNCERTAINTY_MEASURE_WITH_UNIT (LENGTH_MEASURE( 1.000000000000000082E-05 ), #2511, 'distance_accuracy_value', 'NONE');
#2718 = FACE_OUTER_BOUND ( 'NONE', #7210, .T. ) ;
#2719 = ORIENTED_EDGE ( 'NONE', *, *, #4057, .T. ) ;
#2720 = VECTOR ( 'NONE', #7437, 39.37007874015748143 ) ;
#2721 = AXIS2_PLACEMENT_3D ( 'NONE', #6109, #108, #3767 ) ;
#2722 = ADVANCED_FACE ( 'NONE', ( #7152 ), #5858, .F. ) ;
#2723 = EDGE_CURVE ( 'NONE', #2824, #6662, #2539, .T. ) ;
#2724 = FACE_OUTER_BOUND ( 'NONE', #1799, .T. ) ;
#2725 = LINE ( 'NONE', #5139, #2915 ) ;
#2726 = LINE ( 'NONE', #7529, #1414 ) ;
#2727 =( NAMED_UNIT ( * ) SI_UNIT ( $, .STERADIAN. ) SOLID_ANGLE_UNIT ( ) );
#2728 = FACE_OUTER_BOUND ( 'NONE', #4600, .T. ) ;
#2729 = EDGE_LOOP ( 'NONE', ( #4714, #7525, #2737, #6704 ) ) ;
#2730 = DIRECTION ( 'NONE',  ( 0.000000000000000000, -0.000000000000000000, -1.000000000000000000 ) ) ;
#2731 = EDGE_CURVE ( 'NONE', #1581, #4767, #4324, .T. ) ;
#2732 = DIRECTION ( 'NONE',  ( 7.062854202149022777E-15, -1.000000000000000000, 0.000000000000000000 ) ) ;
#2733 = DIRECTION ( 'NONE',  ( -1.000000000000000000, 0.000000000000000000, 0.000000000000000000 ) ) ;
#2734 = FACE_OUTER_BOUND ( 'NONE', #6713, .T. ) ;
#2735 = VERTEX_POINT ( 'NONE', #1959 ) ;
#2736 = FACE_OUTER_BOUND ( 'NONE', #2356, .T. ) ;
#2737 = ORIENTED_EDGE ( 'NONE', *, *, #6211, .T. ) ;
#2738 = ORIENTED_EDGE ( 'NONE', *, *, #7203, .F. ) ;
#2739 = LINE ( 'NONE', #4604, #5802 ) ;
#2740 = CARTESIAN_POINT ( 'NONE',  ( 0.1449999999999983524, -0.1299999999999999767, 0.09099999999999999756 ) ) ;
#2741 = EDGE_CURVE ( 'NONE', #7398, #1236, #6754, .T. ) ;
#2742 = CARTESIAN_POINT ( 'NONE',  ( 0.1250000000000013878, 0.004000000000001979403, -0.2300000000000000655 ) ) ;
#2743 = ORIENTED_EDGE ( 'NONE', *, *, #2567, .T. ) ;
#2744 = ORIENTED_EDGE ( 'NONE', *, *, #6283, .T. ) ;
#2745 = DIRECTION ( 'NONE',  ( 1.000000000000000000, 0.000000000000000000, 0.000000000000000000 ) ) ;
#2746 = ORIENTED_EDGE ( 'NONE', *, *, #815, .T. ) ;
#2747 = LINE ( 'NONE', #7478, #924 ) ;
#2748 = EDGE_CURVE ( 'NONE', #4008, #1180, #3713, .T. ) ;
#2749 = CARTESIAN_POINT ( 'NONE',  ( 0.1550000000000000544, -1.707404996040164512E-17, -0.1700000000000000400 ) ) ;
#2750 = DIRECTION ( 'NONE',  ( -0.000000000000000000, -0.000000000000000000, -1.000000000000000000 ) ) ;
#2751 = DIRECTION ( 'NONE',  ( 1.000000000000000000, 0.000000000000000000, -0.000000000000000000 ) ) ;
#2752 = DIRECTION ( 'NONE',  ( 0.000000000000000000, 1.000000000000000000, 0.000000000000000000 ) ) ;
#2753 = CYLINDRICAL_SURFACE ( 'NONE', #4100, 0.03500000000000003803 ) ;
#2754 = ORIENTED_EDGE ( 'NONE', *, *, #6395, .F. ) ;
#2755 = EDGE_CURVE ( 'NONE', #1140, #4454, #4555, .T. ) ;
#2756 = FACE_OUTER_BOUND ( 'NONE', #6658, .T. ) ;
#2757 = DIRECTION ( 'NONE',  ( -1.000000000000000000, 0.000000000000000000, 0.000000000000000000 ) ) ;
#2758 = DIRECTION ( 'NONE',  ( 0.000000000000000000, 1.000000000000000000, 0.000000000000000000 ) ) ;
#2759 = CARTESIAN_POINT ( 'NONE',  ( 0.000000000000000000, 0.000000000000000000, 0.000000000000000000 ) ) ;
#2760 = DIRECTION ( 'NONE',  ( -1.533174863687841128E-14, 1.000000000000000000, 0.000000000000000000 ) ) ;
#2761 = EDGE_CURVE ( 'NONE', #4979, #5255, #2309, .T. ) ;
#2762 = EDGE_LOOP ( 'NONE', ( #7198, #2818 ) ) ;
#2763 = VECTOR ( 'NONE', #2524, 39.37007874015748143 ) ;
#2764 = LINE ( 'NONE', #3840, #1326 ) ;
#2765 =( NAMED_UNIT ( * ) SI_UNIT ( $, .STERADIAN. ) SOLID_ANGLE_UNIT ( ) );
#2766 = CARTESIAN_POINT ( 'NONE',  ( -0.1444094488188976677, 0.1075000000000000122, 0.3300000000000000155 ) ) ;
#2767 = CARTESIAN_POINT ( 'NONE',  ( -0.1249999999999997641, 0.1175000000000000072, -0.1700000000000000400 ) ) ;
#2768 = DIMENSIONAL_EXPONENTS ( 1.000000000000000000, 0.000000000000000000, 0.000000000000000000, 0.000000000000000000, 0.000000000000000000, 0.000000000000000000, 0.000000000000000000 ) ;
#2769 = VECTOR ( 'NONE', #1640, 39.37007874015748143 ) ;
#2770 = CARTESIAN_POINT ( 'NONE',  ( 0.1444094488188976677, 0.1175000000000000488, 0.008999999999999959421 ) ) ;
#2771 = CARTESIAN_POINT ( 'NONE',  ( -0.1449999999999984357, 0.004000000000000162280, 0.02999999999999998848 ) ) ;
#2772 = EDGE_LOOP ( 'NONE', ( #5128, #5363, #2838, #3441, #4815, #7225, #3022, #6873 ) ) ;
#2773 = DIRECTION ( 'NONE',  ( -5.045153244757900714E-15, 0.7071067811865444641, -0.7071067811865504593 ) ) ;
#2774 = ADVANCED_FACE ( 'NONE', ( #7433 ), #7692, .T. ) ;
#2775 = ORIENTED_EDGE ( 'NONE', *, *, #850, .T. ) ;
#2776 = VECTOR ( 'NONE', #1644, 39.37007874015748143 ) ;
#2777 = LINE ( 'NONE', #1503, #3665 ) ;
#2778 = EDGE_LOOP ( 'NONE', ( #4683, #7217, #3332, #6567, #5310, #2006, #2861, #1351 ) ) ;
#2779 = PLANE ( 'NONE',  #1580 ) ;
#2780 = ORIENTED_EDGE ( 'NONE', *, *, #1562, .T. ) ;
#2781 = ORIENTED_EDGE ( 'NONE', *, *, #6822, .T. ) ;
#2782 = FACE_OUTER_BOUND ( 'NONE', #1267, .T. ) ;
#2783 = VERTEX_POINT ( 'NONE', #2153 ) ;
#2784 = CARTESIAN_POINT ( 'NONE',  ( 0.1449999999999983524, -0.1299999999999999767, 0.2090000000000000191 ) ) ;
#2785 = AXIS2_PLACEMENT_3D ( 'NONE', #772, #2493, #3147 ) ;
#2786 = AXIS2_PLACEMENT_3D ( 'NONE', #123, #2414, #3668 ) ;
#2787 = AXIS2_PLACEMENT_3D ( 'NONE', #5538, #3345, #3268 ) ;
#2788 = EDGE_CURVE ( 'NONE', #1439, #7123, #986, .T. ) ;
#2789 = CYLINDRICAL_SURFACE ( 'NONE', #5196, 0.01059055118110229995 ) ;
#2790 = SURFACE_SIDE_STYLE ('',( #1512 ) ) ;
#2791 = EDGE_CURVE ( 'NONE', #1621, #372, #5897, .T. ) ;
#2792 = LINE ( 'NONE', #4619, #5439 ) ;
#2793 = CARTESIAN_POINT ( 'NONE',  ( -0.1449999999999983524, 4.274049269606410852E-17, -0.1740000000000000435 ) ) ;
#2794 = DIRECTION ( 'NONE',  ( 0.000000000000000000, 0.000000000000000000, 1.000000000000000000 ) ) ;
#2795 = EDGE_CURVE ( 'NONE', #7109, #997, #4071, .T. ) ;
#2796 = AXIS2_PLACEMENT_3D ( 'NONE', #1830, #3698, #2366 ) ;
#2797 = AXIS2_PLACEMENT_3D ( 'NONE', #6994, #2267, #2631 ) ;
#2798 = EDGE_LOOP ( 'NONE', ( #6145, #4561, #4044, #5373 ) ) ;
#2799 = DIRECTION ( 'NONE',  ( 0.000000000000000000, 0.000000000000000000, 1.000000000000000000 ) ) ;
#2800 = ORIENTED_EDGE ( 'NONE', *, *, #4872, .T. ) ;
#2801 = EDGE_CURVE ( 'NONE', #7754, #5786, #5771, .T. ) ;
#2802 = CARTESIAN_POINT ( 'NONE',  ( 0.1449999999999996014, 0.04495472440944935089, 0.1709547244094488938 ) ) ;
#2803 = AXIS2_PLACEMENT_3D ( 'NONE', #487, #4154, #6568 ) ;
#2804 = CARTESIAN_POINT ( 'NONE',  ( -0.1449999999999983802, -1.707404996040164512E-17, 0.2699999999999999623 ) ) ;
#2805 = FILL_AREA_STYLE ('',( #4593 ) ) ;
#2806 = VECTOR ( 'NONE', #4282, 39.37007874015748143 ) ;
#2807 = LINE ( 'NONE', #2923, #1691 ) ;
#2808 = VECTOR ( 'NONE', #4231, 39.37007874015748143 ) ;
#2809 = CIRCLE ( 'NONE', #6471, 0.0005905511811023039749 ) ;
#2810 = CARTESIAN_POINT ( 'NONE',  ( 0.1449999999999983524, 4.274049269606410852E-17, -0.1740000000000000435 ) ) ;
#2811 = CARTESIAN_POINT ( 'NONE',  ( 0.1449999999999983802, -1.707404996040164512E-17, -0.3260000000000000120 ) ) ;
#2812 = FACE_BOUND ( 'NONE', #2085, .T. ) ;
#2813 = DIRECTION ( 'NONE',  ( -0.9914448613738103822, 0.1305261922200518787, 3.611302207163715131E-16 ) ) ;
#2814 = ORIENTED_EDGE ( 'NONE', *, *, #5013, .F. ) ;
#2815 = CARTESIAN_POINT ( 'NONE',  ( -0.1444094488188976955, 0.1069094488188977315, 0.1910000000000000309 ) ) ;
#2816 = ORIENTED_EDGE ( 'NONE', *, *, #1627, .F. ) ;
#2817 = AXIS2_PLACEMENT_3D ( 'NONE', #2308, #5388, #7065 ) ;
#2818 = ORIENTED_EDGE ( 'NONE', *, *, #6973, .F. ) ;
#2819 = CARTESIAN_POINT ( 'NONE',  ( -0.1249999999999997641, 0.1075000000000000122, -0.2910000000000000364 ) ) ;
#2820 = ADVANCED_FACE ( 'NONE', ( #3955 ), #7108, .F. ) ;
#2821 =( CONVERSION_BASED_UNIT ( 'INCH', #335 ) LENGTH_UNIT ( ) NAMED_UNIT ( #2829 ) );
#2822 = ORIENTED_EDGE ( 'NONE', *, *, #2082, .F. ) ;
#2823 = DIRECTION ( 'NONE',  ( -0.000000000000000000, 0.000000000000000000, -1.000000000000000000 ) ) ;
#2824 = VERTEX_POINT ( 'NONE', #2771 ) ;
#2825 = ORIENTED_EDGE ( 'NONE', *, *, #7355, .T. ) ;
#2826 = DIRECTION ( 'NONE',  ( 0.000000000000000000, 0.7071067811865504593, 0.7071067811865444641 ) ) ;
#2827 = VERTEX_POINT ( 'NONE', #4667 ) ;
#2828 = DIRECTION ( 'NONE',  ( 1.000000000000000000, 0.000000000000000000, 0.000000000000000000 ) ) ;
#2829 = DIMENSIONAL_EXPONENTS ( 1.000000000000000000, 0.000000000000000000, 0.000000000000000000, 0.000000000000000000, 0.000000000000000000, 0.000000000000000000, 0.000000000000000000 ) ;
#2830 = EDGE_CURVE ( 'NONE', #6528, #6311, #935, .T. ) ;
#2831 = DIRECTION ( 'NONE',  ( -4.994192100871455057E-15, -0.7071067811865444641, 0.7071067811865504593 ) ) ;
#2832 = DIRECTION ( 'NONE',  ( -1.000000000000000000, 0.000000000000000000, 0.000000000000000000 ) ) ;
#2833 = CARTESIAN_POINT ( 'NONE',  ( -0.1449999999999983524, -0.1299999999999999767, 0.1089999999999999858 ) ) ;
#2834 = VECTOR ( 'NONE', #1462, 39.37007874015748143 ) ;
#2835 = LINE ( 'NONE', #5251, #5872 ) ;
#2836 = DIRECTION ( 'NONE',  ( 1.000000000000000000, 0.000000000000000000, 0.000000000000000000 ) ) ;
#2837 = DIRECTION ( 'NONE',  ( -1.000000000000000000, 0.000000000000000000, -1.402057137379402762E-15 ) ) ;
#2838 = ORIENTED_EDGE ( 'NONE', *, *, #5509, .F. ) ;
#2839 = VECTOR ( 'NONE', #7212, 39.37007874015748143 ) ;
#2840 = ORIENTED_EDGE ( 'NONE', *, *, #1008, .T. ) ;
#2841 = AXIS2_PLACEMENT_3D ( 'NONE', #7185, #6650, #3053 ) ;
#2842 = ORIENTED_EDGE ( 'NONE', *, *, #1384, .F. ) ;
#2843 = ADVANCED_FACE ( 'NONE', ( #2888 ), #7576, .T. ) ;
#2844 = LINE ( 'NONE', #5961, #6200 ) ;
#2845 = VECTOR ( 'NONE', #3493, 39.37007874015748143 ) ;
#2846 = EDGE_CURVE ( 'NONE', #3556, #4271, #6834, .T. ) ;
#2847 = PLANE ( 'NONE',  #787 ) ;
#2848 = LINE ( 'NONE', #1843, #6992 ) ;
#2849 = VECTOR ( 'NONE', #4173, 39.37007874015748143 ) ;
#2850 = ORIENTED_EDGE ( 'NONE', *, *, #5885, .F. ) ;
#2851 = CARTESIAN_POINT ( 'NONE',  ( -0.1249999999999997641, 0.1175000000000000072, 0.3750000000000002220 ) ) ;
#2852 = DIRECTION ( 'NONE',  ( 4.973757961760255702E-15, 0.7071067811865445751, -0.7071067811865505703 ) ) ;
#2853 = VECTOR ( 'NONE', #3136, 39.37007874015748143 ) ;
#2854 = CARTESIAN_POINT ( 'NONE',  ( 0.1550000000000000266, 0.1069094488188977315, 0.008999999999999959421 ) ) ;
#2855 = EDGE_CURVE ( 'NONE', #628, #3448, #5305, .T. ) ;
#2856 = DIRECTION ( 'NONE',  ( 0.000000000000000000, 0.000000000000000000, 1.000000000000000000 ) ) ;
#2857 = CARTESIAN_POINT ( 'NONE',  ( 0.1249999999999997641, 0.1175000000000000072, 0.02999999999999998848 ) ) ;
#2858 = CARTESIAN_POINT ( 'NONE',  ( -0.07500000000000002498, 0.2099999999999999090, -0.3250000000000000666 ) ) ;
#2859 = ORIENTED_EDGE ( 'NONE', *, *, #284, .T. ) ;
#2860 = LINE ( 'NONE', #1337, #7076 ) ;
#2861 = ORIENTED_EDGE ( 'NONE', *, *, #91, .F. ) ;
#2862 = CARTESIAN_POINT ( 'NONE',  ( -7.791098234355730168E-21, 0.2099999999999999090, -0.3278221439731659470 ) ) ;
#2863 = SURFACE_STYLE_FILL_AREA ( #1774 ) ;
#2864 = ORIENTED_EDGE ( 'NONE', *, *, #3143, .F. ) ;
#2865 = FACE_OUTER_BOUND ( 'NONE', #1307, .T. ) ;
#2866 = ORIENTED_EDGE ( 'NONE', *, *, #3857, .T. ) ;
#2867 = ORIENTED_EDGE ( 'NONE', *, *, #2479, .T. ) ;
#2868 = PLANE ( 'NONE',  #6381 ) ;
#2869 = ORIENTED_EDGE ( 'NONE', *, *, #1705, .T. ) ;
#2870 = LINE ( 'NONE', #7711, #311 ) ;
#2871 = ADVANCED_FACE ( 'NONE', ( #1732 ), #4599, .F. ) ;
#2872 = LINE ( 'NONE', #4689, #2429 ) ;
#2873 = DIRECTION ( 'NONE',  ( -5.045153244757943312E-15, -0.7071067811865504593, -0.7071067811865444641 ) ) ;
#2874 = LINE ( 'NONE', #28, #6626 ) ;
#2875 = DIRECTION ( 'NONE',  ( 1.000000000000000000, 0.000000000000000000, -0.000000000000000000 ) ) ;
#2876 = CARTESIAN_POINT ( 'NONE',  ( -0.1249999999999997641, 0.1075000000000000122, -0.1700000000000000400 ) ) ;
#2877 = ORIENTED_EDGE ( 'NONE', *, *, #3504, .F. ) ;
#2878 = EDGE_CURVE ( 'NONE', #7, #3650, #4115, .T. ) ;
#2879 = DIRECTION ( 'NONE',  ( 2.708476655372790909E-16, 0.1305261922200518787, 0.9914448613738103822 ) ) ;
#2880 = DIRECTION ( 'NONE',  ( -1.000000000000000000, 0.000000000000000000, 0.000000000000000000 ) ) ;
#2881 = LENGTH_MEASURE_WITH_UNIT ( LENGTH_MEASURE( 0.02539999999999999897 ), #4513 );
#2882 = LINE ( 'NONE', #431, #3938 ) ;
#2883 = ORIENTED_EDGE ( 'NONE', *, *, #7378, .T. ) ;
#2884 = LENGTH_MEASURE_WITH_UNIT ( LENGTH_MEASURE( 0.02539999999999999897 ), #1765 );
#2885 = LINE ( 'NONE', #2188, #5311 ) ;
#2886 = CARTESIAN_POINT ( 'NONE',  ( 0.1550000000000000544, -1.707404996040164512E-17, 0.1910000000000000309 ) ) ;
#2887 = CARTESIAN_POINT ( 'NONE',  ( -0.1549999999999994993, 0.03595472440944842002, -0.2619547244094487248 ) ) ;
#2888 = FACE_OUTER_BOUND ( 'NONE', #7629, .T. ) ;
#2889 = EDGE_CURVE ( 'NONE', #6708, #6659, #7027, .T. ) ;
#2890 = AXIS2_PLACEMENT_3D ( 'NONE', #636, #4233, #6482 ) ;
#2891 = ORIENTED_EDGE ( 'NONE', *, *, #3988, .F. ) ;
#2892 = CARTESIAN_POINT ( 'NONE',  ( 0.1444094488188976677, 0.1075000000000000122, -0.1910000000000000309 ) ) ;
#2893 = ORIENTED_EDGE ( 'NONE', *, *, #4204, .T. ) ;
#2894 = CYLINDRICAL_SURFACE ( 'NONE', #1944, 0.0005905511811023211053 ) ;
#2895 = VECTOR ( 'NONE', #3629, 39.37007874015748143 ) ;
#2896 = DIRECTION ( 'NONE',  ( -1.000000000000000000, 0.000000000000000000, 0.000000000000000000 ) ) ;
#2897 = ORIENTED_EDGE ( 'NONE', *, *, #5514, .T. ) ;
#2898 = DIRECTION ( 'NONE',  ( 7.134924142987280985E-15, -1.000000000000000000, 0.000000000000000000 ) ) ;
#2899 = EDGE_LOOP ( 'NONE', ( #4247, #4640, #875, #3486 ) ) ;
#2900 = ORIENTED_EDGE ( 'NONE', *, *, #3359, .T. ) ;
#2901 = DIRECTION ( 'NONE',  ( -1.533174863687841128E-14, 1.000000000000000000, 0.000000000000000000 ) ) ;
#2902 = EDGE_CURVE ( 'NONE', #4032, #5291, #6405, .T. ) ;
#2903 = ORIENTED_EDGE ( 'NONE', *, *, #7216, .F. ) ;
#2904 = DIRECTION ( 'NONE',  ( 1.000000000000000000, 0.000000000000000000, -0.000000000000000000 ) ) ;
#2905 = VECTOR ( 'NONE', #3248, 39.37007874015748143 ) ;
#2906 = EDGE_CURVE ( 'NONE', #6588, #4646, #4634, .T. ) ;
#2907 = VECTOR ( 'NONE', #2213, 39.37007874015748143 ) ;
#2908 = DIRECTION ( 'NONE',  ( 1.000000000000000000, 6.829619984160659821E-15, -0.000000000000000000 ) ) ;
#2909 = DIRECTION ( 'NONE',  ( -1.000000000000000000, -7.035477150404849144E-15, -1.521184922305145727E-18 ) ) ;
#2910 = CARTESIAN_POINT ( 'NONE',  ( -0.03500000000000000333, 0.1981889763779526581, -0.3628221439731659781 ) ) ;
#2911 = ORIENTED_EDGE ( 'NONE', *, *, #1665, .F. ) ;
#2912 = DIRECTION ( 'NONE',  ( -7.134924142987280985E-15, -1.000000000000000000, 0.000000000000000000 ) ) ;
#2913 = DIRECTION ( 'NONE',  ( -7.062854202149022777E-15, -1.000000000000000000, 0.000000000000000000 ) ) ;
#2914 = ORIENTED_EDGE ( 'NONE', *, *, #5605, .T. ) ;
#2915 = VECTOR ( 'NONE', #5175, 39.37007874015748143 ) ;
#2916 = AXIS2_PLACEMENT_3D ( 'NONE', #7124, #7202, #7665 ) ;
#2917 = LINE ( 'NONE', #4783, #5450 ) ;
#2918 = ADVANCED_FACE ( 'NONE', ( #3433 ), #2894, .F. ) ;
#2919 = DIRECTION ( 'NONE',  ( -0.000000000000000000, -0.000000000000000000, -1.000000000000000000 ) ) ;
#2920 = AXIS2_PLACEMENT_3D ( 'NONE', #6236, #3191, #304 ) ;
#2921 = VERTEX_POINT ( 'NONE', #6451 ) ;
#2922 = VECTOR ( 'NONE', #1653, 39.37007874015748143 ) ;
#2923 = CARTESIAN_POINT ( 'NONE',  ( -0.1449999999999979639, -1.707404996040164512E-17, 0.1740000000000000990 ) ) ;
#2924 = ORIENTED_EDGE ( 'NONE', *, *, #4588, .T. ) ;
#2925 = CARTESIAN_POINT ( 'NONE',  ( -0.1449999999999992684, -1.707404996040164512E-17, -0.3090000000000000524 ) ) ;
#2926 = LINE ( 'NONE', #6439, #6304 ) ;
#2927 = EDGE_CURVE ( 'NONE', #6870, #7109, #3518, .T. ) ;
#2928 = PLANE ( 'NONE',  #5054 ) ;
#2929 = DIRECTION ( 'NONE',  ( -1.000000000000000000, -6.829619984160659821E-15, 0.000000000000000000 ) ) ;
#2930 = DIRECTION ( 'NONE',  ( 4.994192100871497655E-15, 0.7071067811865504593, 0.7071067811865444641 ) ) ;
#2931 = ORIENTED_EDGE ( 'NONE', *, *, #1064, .T. ) ;
#2932 = LINE ( 'NONE', #2892, #5455 ) ;
#2933 = AXIS2_PLACEMENT_3D ( 'NONE', #6880, #904, #4516 ) ;
#2934 = EDGE_CURVE ( 'NONE', #6698, #3448, #604, .T. ) ;
#2935 = ORIENTED_EDGE ( 'NONE', *, *, #6225, .T. ) ;
#2936 = EDGE_CURVE ( 'NONE', #128, #7410, #6335, .T. ) ;
#2937 = LINE ( 'NONE', #7744, #941 ) ;
#2938 = ORIENTED_EDGE ( 'NONE', *, *, #6892, .T. ) ;
#2939 = ORIENTED_EDGE ( 'NONE', *, *, #3132, .T. ) ;
#2940 = ADVANCED_FACE ( 'NONE', ( #5274 ), #5984, .F. ) ;
#2941 = DIRECTION ( 'NONE',  ( -1.000000000000000000, 6.829619984160659821E-15, 0.000000000000000000 ) ) ;
#2942 = EDGE_CURVE ( 'NONE', #689, #5550, #3482, .T. ) ;
#2943 =( GEOMETRIC_REPRESENTATION_CONTEXT ( 3 ) GLOBAL_UNCERTAINTY_ASSIGNED_CONTEXT ( ( #2717 ) ) GLOBAL_UNIT_ASSIGNED_CONTEXT ( ( #2511, #759, #7312 ) ) REPRESENTATION_CONTEXT ( 'NONE', 'WORKASPACE' ) );
#2944 = ORIENTED_EDGE ( 'NONE', *, *, #7403, .T. ) ;
#2945 = VERTEX_POINT ( 'NONE', #7190 ) ;
#2946 = CARTESIAN_POINT ( 'NONE',  ( 0.1249999999999997641, 0.1075000000000000122, 0.1300000000000000044 ) ) ;
#2947 = VERTEX_POINT ( 'NONE', #2862 ) ;
#2948 = CARTESIAN_POINT ( 'NONE',  ( 0.1550000000000000266, 0.1069094488188977315, -0.2090000000000000191 ) ) ;
#2949 = ADVANCED_FACE ( 'NONE', ( #1816 ), #1141, .F. ) ;
#2950 = PRESENTATION_LAYER_ASSIGNMENT (  '', '', ( #7595 ) ) ;
#2951 = CARTESIAN_POINT ( 'NONE',  ( 0.1550000000000000544, -1.707404996040164512E-17, -0.1700000000000000400 ) ) ;
#2952 = CARTESIAN_POINT ( 'NONE',  ( 0.1444094488188976677, 0.1075000000000000122, -0.3300000000000000155 ) ) ;
#2953 = PRESENTATION_STYLE_ASSIGNMENT (( #2449 ) ) ;
#2954 = LINE ( 'NONE', #7762, #6625 ) ;
#2955 = ORIENTED_EDGE ( 'NONE', *, *, #7061, .T. ) ;
#2956 = CARTESIAN_POINT ( 'NONE',  ( 0.1449999999999983802, -1.707404996040164512E-17, -0.3300000000000000155 ) ) ;
#2957 = CARTESIAN_POINT ( 'NONE',  ( 0.1550000000000000266, 0.1069094488188977315, 0.1910000000000000309 ) ) ;
#2958 = VERTEX_POINT ( 'NONE', #7073 ) ;
#2959 = EDGE_LOOP ( 'NONE', ( #4628, #3264, #7057, #2410 ) ) ;
#2960 = LINE ( 'NONE', #7679, #3166 ) ;
#2961 = DIRECTION ( 'NONE',  ( 0.000000000000000000, 0.000000000000000000, 1.000000000000000000 ) ) ;
#2962 =( NAMED_UNIT ( * ) SI_UNIT ( $, .STERADIAN. ) SOLID_ANGLE_UNIT ( ) );
#2963 = ORIENTED_EDGE ( 'NONE', *, *, #6395, .T. ) ;
#2964 = VECTOR ( 'NONE', #1051, 39.37007874015748143 ) ;
#2965 = ADVANCED_FACE ( 'NONE', ( #2980 ), #5393, .F. ) ;
#2966 = VECTOR ( 'NONE', #2999, 39.37007874015748854 ) ;
#2967 = PLANE ( 'NONE',  #4829 ) ;
#2968 = ORIENTED_EDGE ( 'NONE', *, *, #3839, .F. ) ;
#2969 = CARTESIAN_POINT ( 'NONE',  ( -0.1250000000000014433, 1.942319323305372256E-15, 0.1259999999999999731 ) ) ;
#2970 = CARTESIAN_POINT ( 'NONE',  ( -0.1449999999999983802, -1.707404996040164512E-17, 0.2090000000000000191 ) ) ;
#2971 = AXIS2_PLACEMENT_3D ( 'NONE', #4270, #548, #1168 ) ;
#2972 = DIRECTION ( 'NONE',  ( -1.000000000000000000, 6.829619984160659821E-15, 0.000000000000000000 ) ) ;
#2973 = CARTESIAN_POINT ( 'NONE',  ( -0.1444094488188976677, 0.1075000000000000122, 0.008999999999999959421 ) ) ;
#2974 = VECTOR ( 'NONE', #1355, 39.37007874015748143 ) ;
#2975 = CARTESIAN_POINT ( 'NONE',  ( 0.1550000000000000544, -2.761427880799627746E-17, -0.1740000000000000435 ) ) ;
#2976 = DIRECTION ( 'NONE',  ( -1.000000000000000000, -7.035477150404849144E-15, -1.521184922305145727E-18 ) ) ;
#2977 = ORIENTED_EDGE ( 'NONE', *, *, #1292, .F. ) ;
#2978 = ADVANCED_FACE ( 'NONE', ( #1738 ), #5313, .F. ) ;
#2979 = AXIS2_PLACEMENT_3D ( 'NONE', #3367, #1473, #299 ) ;
#2980 = FACE_OUTER_BOUND ( 'NONE', #1138, .T. ) ;
#2981 =( LENGTH_UNIT ( ) NAMED_UNIT ( * ) SI_UNIT ( $, .METRE. ) );
#2982 = ORIENTED_EDGE ( 'NONE', *, *, #3348, .F. ) ;
#2983 = ORIENTED_EDGE ( 'NONE', *, *, #5803, .T. ) ;
#2984 = DIRECTION ( 'NONE',  ( 0.000000000000000000, -0.7071067811865444641, 0.7071067811865504593 ) ) ;
#2985 = ORIENTED_EDGE ( 'NONE', *, *, #6554, .T. ) ;
#2986 = ORIENTED_EDGE ( 'NONE', *, *, #20, .T. ) ;
#2987 = ORIENTED_EDGE ( 'NONE', *, *, #2801, .T. ) ;
#2988 = CARTESIAN_POINT ( 'NONE',  ( -0.1249999999999997641, 0.1175000000000000072, -0.07000000000000000666 ) ) ;
#2989 = VERTEX_POINT ( 'NONE', #1225 ) ;
#2990 = CARTESIAN_POINT ( 'NONE',  ( -0.1449999999999983802, -1.707404996040164512E-17, -0.1300000000000000044 ) ) ;
#2991 = EDGE_CURVE ( 'NONE', #6224, #5772, #3603, .T. ) ;
#2992 = CYLINDRICAL_SURFACE ( 'NONE', #5815, 0.01999999999999999001 ) ;
#2993 = PLANE ( 'NONE',  #3026 ) ;
#2994 = DIRECTION ( 'NONE',  ( -0.000000000000000000, 0.000000000000000000, 1.000000000000000000 ) ) ;
#2995 = ADVANCED_FACE ( 'NONE', ( #4638 ), #5355, .T. ) ;
#2996 = DIRECTION ( 'NONE',  ( 0.000000000000000000, 0.000000000000000000, 1.000000000000000000 ) ) ;
#2997 = VERTEX_POINT ( 'NONE', #6530 ) ;
#2998 = CARTESIAN_POINT ( 'NONE',  ( -0.1444094488188976955, 0.1069094488188977315, 0.3300000000000000155 ) ) ;
#2999 = DIRECTION ( 'NONE',  ( -5.045153244757900714E-15, 0.7071067811865444641, -0.7071067811865504593 ) ) ;
#3000 = VERTEX_POINT ( 'NONE', #4036 ) ;
#3001 = ORIENTED_EDGE ( 'NONE', *, *, #5052, .F. ) ;
#3002 = ORIENTED_EDGE ( 'NONE', *, *, #4046, .F. ) ;
#3003 = CYLINDRICAL_SURFACE ( 'NONE', #1549, 0.03500000000000003803 ) ;
#3004 = CARTESIAN_POINT ( 'NONE',  ( -0.1449999999999996014, 0.04495472440944935089, -0.2290452755905511562 ) ) ;
#3005 = PRESENTATION_STYLE_ASSIGNMENT (( #1760 ) ) ;
#3006 = VERTEX_POINT ( 'NONE', #1066 ) ;
#3007 = EDGE_CURVE ( 'NONE', #6181, #709, #5901, .T. ) ;
#3008 = EDGE_CURVE ( 'NONE', #3652, #3365, #5860, .T. ) ;
#3009 = CARTESIAN_POINT ( 'NONE',  ( 0.1550000000000000266, 0.1069094488188977315, -0.3300000000000000155 ) ) ;
#3010 = CARTESIAN_POINT ( 'NONE',  ( 0.1444094488188976955, 0.1069094488188977315, -0.2910000000000000364 ) ) ;
#3011 = DIRECTION ( 'NONE',  ( -0.000000000000000000, -0.000000000000000000, -1.000000000000000000 ) ) ;
#3012 =( CONVERSION_BASED_UNIT ( 'INCH', #7385 ) LENGTH_UNIT ( ) NAMED_UNIT ( #7503 ) );
#3013 = CARTESIAN_POINT ( 'NONE',  ( -0.1549999999999983336, -0.1300000000000000600, -0.09100000000000003919 ) ) ;
#3014 = EDGE_CURVE ( 'NONE', #7123, #5278, #7113, .T. ) ;
#3015 = DIRECTION ( 'NONE',  ( 0.000000000000000000, 0.000000000000000000, 1.000000000000000000 ) ) ;
#3016 = EDGE_LOOP ( 'NONE', ( #769, #1030, #4906, #197 ) ) ;
#3017 = CARTESIAN_POINT ( 'NONE',  ( 0.1449999999999991573, 0.004000000000000079881, -0.1300000000000000877 ) ) ;
#3018 = ORIENTED_EDGE ( 'NONE', *, *, #89, .T. ) ;
#3019 = CARTESIAN_POINT ( 'NONE',  ( -0.1550000000000000544, -2.761427880799627746E-17, -0.07400000000000005185 ) ) ;
#3020 = EDGE_CURVE ( 'NONE', #6025, #5010, #2937, .T. ) ;
#3021 = ORIENTED_EDGE ( 'NONE', *, *, #2191, .F. ) ;
#3022 = ORIENTED_EDGE ( 'NONE', *, *, #4674, .F. ) ;
#3023 = CARTESIAN_POINT ( 'NONE',  ( -0.1449999999999983802, -1.707404996040164512E-17, 0.2300000000000000377 ) ) ;
#3024 = ORIENTED_EDGE ( 'NONE', *, *, #4123, .F. ) ;
#3025 = DIRECTION ( 'NONE',  ( 1.000000000000000000, 0.000000000000000000, 0.000000000000000000 ) ) ;
#3026 = AXIS2_PLACEMENT_3D ( 'NONE', #5405, #27, #6667 ) ;
#3027 = CARTESIAN_POINT ( 'NONE',  ( -0.1249999999999997641, 0.1075000000000000122, -0.03000000000000002318 ) ) ;
#3028 = DIRECTION ( 'NONE',  ( 0.000000000000000000, 0.000000000000000000, 1.000000000000000000 ) ) ;
#3029 = DIRECTION ( 'NONE',  ( 4.994192100871497655E-15, 0.7071067811865504593, 0.7071067811865444641 ) ) ;
#3030 = VECTOR ( 'NONE', #4018, 39.37007874015748143 ) ;
#3031 = ORIENTED_EDGE ( 'NONE', *, *, #3490, .F. ) ;
#3032 = EDGE_LOOP ( 'NONE', ( #563, #365, #1271, #7767 ) ) ;
#3033 = CARTESIAN_POINT ( 'NONE',  ( -0.1444094488188976955, 0.1069094488188977315, 0.2699999999999999623 ) ) ;
#3034 = CARTESIAN_POINT ( 'NONE',  ( -0.1444094488188976955, 0.1069094488188977315, 0.3300000000000000155 ) ) ;
#3035 = ORIENTED_EDGE ( 'NONE', *, *, #4316, .T. ) ;
#3036 = VERTEX_POINT ( 'NONE', #1266 ) ;
#3037 = EDGE_CURVE ( 'NONE', #5784, #3365, #3724, .T. ) ;
#3038 = VECTOR ( 'NONE', #537, 39.37007874015748143 ) ;
#3039 = EDGE_CURVE ( 'NONE', #644, #4860, #5590, .T. ) ;
#3040 = CLOSED_SHELL ( 'NONE', ( #3781, #4729, #7607, #4887, #3406, #3250, #4670, #4522, #2843, #4623, #7563, #7471, #5979, #2374, #4704, #549, #172, #4999, #950, #187, #536, #4986 ) ) ;
#3041 = ORIENTED_EDGE ( 'NONE', *, *, #6089, .T. ) ;
#3042 = CARTESIAN_POINT ( 'NONE',  ( 0.1444094488188976955, 0.1069094488188977315, 0.008999999999999959421 ) ) ;
#3043 = DIRECTION ( 'NONE',  ( 0.000000000000000000, -0.000000000000000000, -1.000000000000000000 ) ) ;
#3044 = EDGE_CURVE ( 'NONE', #6933, #2010, #7310, .T. ) ;
#3045 = EDGE_CURVE ( 'NONE', #6224, #7402, #4325, .T. ) ;
#3046 = CARTESIAN_POINT ( 'NONE',  ( 0.1449999999999991573, 0.004000000000000079881, 0.06999999999999993727 ) ) ;
#3047 = ORIENTED_EDGE ( 'NONE', *, *, #4657, .F. ) ;
#3048 = VECTOR ( 'NONE', #1918, 39.37007874015748143 ) ;
#3049 = CARTESIAN_POINT ( 'NONE',  ( 0.1249999999999997641, 0.1075000000000000122, -0.1700000000000000400 ) ) ;
#3050 = VECTOR ( 'NONE', #7252, 39.37007874015748143 ) ;
#3051 = PLANE ( 'NONE',  #4794 ) ;
#3052 =( NAMED_UNIT ( * ) PLANE_ANGLE_UNIT ( ) SI_UNIT ( $, .RADIAN. ) );
#3053 = DIRECTION ( 'NONE',  ( 0.000000000000000000, -0.7071067811865444641, 0.7071067811865504593 ) ) ;
#3054 = PLANE ( 'NONE',  #4226 ) ;
#3055 = AXIS2_PLACEMENT_3D ( 'NONE', #2815, #6444, #13 ) ;
#3056 = ORIENTED_EDGE ( 'NONE', *, *, #7616, .F. ) ;
#3057 = VECTOR ( 'NONE', #4879, 39.37007874015748143 ) ;
#3058 = DIRECTION ( 'NONE',  ( 0.000000000000000000, 0.000000000000000000, 1.000000000000000000 ) ) ;
#3059 = LINE ( 'NONE', #7389, #4198 ) ;
#3060 = VERTEX_POINT ( 'NONE', #3098 ) ;
#3061 = ORIENTED_EDGE ( 'NONE', *, *, #520, .F. ) ;
#3062 = CARTESIAN_POINT ( 'NONE',  ( 0.1444094488188976955, 0.1069094488188977315, 0.1700000000000000400 ) ) ;
#3063 = AXIS2_PLACEMENT_3D ( 'NONE', #1763, #4145, #7145 ) ;
#3064 = VERTEX_POINT ( 'NONE', #3017 ) ;
#3065 = EDGE_LOOP ( 'NONE', ( #4851, #1753, #3927, #2081 ) ) ;
#3066 = EDGE_LOOP ( 'NONE', ( #1257, #5258, #1778, #1547 ) ) ;
#3067 = CARTESIAN_POINT ( 'NONE',  ( -0.1249999999999997641, 0.1175000000000000072, 0.07000000000000000666 ) ) ;
#3068 = ORIENTED_EDGE ( 'NONE', *, *, #6917, .T. ) ;
#3069 = DIRECTION ( 'NONE',  ( 0.000000000000000000, 0.000000000000000000, 1.000000000000000000 ) ) ;
#3070 = ORIENTED_EDGE ( 'NONE', *, *, #6050, .F. ) ;
#3071 = EDGE_CURVE ( 'NONE', #1284, #3702, #6729, .T. ) ;
#3072 = DIRECTION ( 'NONE',  ( -7.062854202149022777E-15, -1.000000000000000000, 0.000000000000000000 ) ) ;
#3073 = DIRECTION ( 'NONE',  ( 0.000000000000000000, 0.7071067811865504593, 0.7071067811865444641 ) ) ;
#3074 = VECTOR ( 'NONE', #7749, 39.37007874015748143 ) ;
#3075 = DIRECTION ( 'NONE',  ( 0.000000000000000000, 0.000000000000000000, 1.000000000000000000 ) ) ;
#3076 = ORIENTED_EDGE ( 'NONE', *, *, #6523, .T. ) ;
#3077 = EDGE_LOOP ( 'NONE', ( #367, #7514, #4412, #2086 ) ) ;
#3078 = DIRECTION ( 'NONE',  ( -1.000000000000000000, 0.000000000000000000, 0.000000000000000000 ) ) ;
#3079 = DIRECTION ( 'NONE',  ( 0.000000000000000000, 0.000000000000000000, 1.000000000000000000 ) ) ;
#3080 = VERTEX_POINT ( 'NONE', #6142 ) ;
#3081 = COLOUR_RGB ( '',0.7921568627450980005, 0.8196078431372548767, 0.9333333333333333481 ) ;
#3082 = ADVANCED_FACE ( 'NONE', ( #3759 ), #5544, .F. ) ;
#3083 = ORIENTED_EDGE ( 'NONE', *, *, #7343, .T. ) ;
#3084 = CARTESIAN_POINT ( 'NONE',  ( 0.1444094488188976677, 0.1075000000000000122, -0.03000000000000002318 ) ) ;
#3085 = CARTESIAN_POINT ( 'NONE',  ( -0.1449999999999999900, 0.1069094488188977315, 0.02999999999999998848 ) ) ;
#3086 = CARTESIAN_POINT ( 'NONE',  ( 0.1549999999999992772, -1.707404996040164512E-17, 0.2090000000000000191 ) ) ;
#3087 = VECTOR ( 'NONE', #7716, 39.37007874015748143 ) ;
#3088 = ORIENTED_EDGE ( 'NONE', *, *, #1762, .F. ) ;
#3089 = ADVANCED_FACE ( 'NONE', ( #6023 ), #54, .F. ) ;
#3090 = DIRECTION ( 'NONE',  ( 1.000000000000000000, -7.035477150404849144E-15, -1.521184922305145727E-18 ) ) ;
#3091 = ADVANCED_FACE ( 'NONE', ( #641 ), #171, .F. ) ;
#3092 = CARTESIAN_POINT ( 'NONE',  ( 0.1444094488188976677, 0.1075000000000000122, -0.07000000000000000666 ) ) ;
#3093 = LINE ( 'NONE', #1344, #1409 ) ;
#3094 = CARTESIAN_POINT ( 'NONE',  ( -0.1249999999999997641, 0.1075000000000000122, 0.2090000000000000191 ) ) ;
#3095 = VECTOR ( 'NONE', #320, 39.37007874015748143 ) ;
#3096 = AXIS2_PLACEMENT_3D ( 'NONE', #7048, #4581, #1006 ) ;
#3097 = ORIENTED_EDGE ( 'NONE', *, *, #4782, .T. ) ;
#3098 = CARTESIAN_POINT ( 'NONE',  ( 0.1444094488188976677, 0.1175000000000000488, 0.3300000000000000155 ) ) ;
#3099 = EDGE_CURVE ( 'NONE', #640, #6053, #134, .T. ) ;
#3100 = ORIENTED_EDGE ( 'NONE', *, *, #6740, .F. ) ;
#3101 = LINE ( 'NONE', #6213, #213 ) ;
#3102 = ORIENTED_EDGE ( 'NONE', *, *, #1327, .F. ) ;
#3103 = EDGE_LOOP ( 'NONE', ( #137, #6417, #5519, #4261 ) ) ;
#3104 = DIRECTION ( 'NONE',  ( 0.000000000000000000, -0.7071067811865444641, 0.7071067811865504593 ) ) ;
#3105 = ORIENTED_EDGE ( 'NONE', *, *, #7555, .T. ) ;
#3106 = LINE ( 'NONE', #1274, #6882 ) ;
#3107 = VECTOR ( 'NONE', #2566, 39.37007874015748854 ) ;
#3108 = DIRECTION ( 'NONE',  ( -1.000000000000000000, 0.000000000000000000, 0.000000000000000000 ) ) ;
#3109 = CARTESIAN_POINT ( 'NONE',  ( 0.1444094488188976955, -1.707404996040164512E-17, -0.009000000000000027076 ) ) ;
#3110 = CARTESIAN_POINT ( 'NONE',  ( 0.1444094488188976677, 0.1075000000000000122, -0.2700000000000000178 ) ) ;
#3111 = EDGE_LOOP ( 'NONE', ( #3855, #465, #3691, #2407, #2924, #6106, #7160, #6682, #954, #3571 ) ) ;
#3112 = ORIENTED_EDGE ( 'NONE', *, *, #3462, .T. ) ;
#3113 = CARTESIAN_POINT ( 'NONE',  ( 0.1550000000000000544, -2.761427880799627746E-17, 0.02599999999999993983 ) ) ;
#3114 = EDGE_CURVE ( 'NONE', #6612, #4, #2551, .T. ) ;
#3115 = DIRECTION ( 'NONE',  ( 0.000000000000000000, 0.000000000000000000, 1.000000000000000000 ) ) ;
#3116 = ORIENTED_EDGE ( 'NONE', *, *, #4424, .F. ) ;
#3117 = LINE ( 'NONE', #5531, #4177 ) ;
#3118 = DIRECTION ( 'NONE',  ( 0.000000000000000000, 0.000000000000000000, 1.000000000000000000 ) ) ;
#3119 = DIRECTION ( 'NONE',  ( 0.000000000000000000, 1.000000000000000000, -0.000000000000000000 ) ) ;
#3120 = LINE ( 'NONE', #3155, #7624 ) ;
#3121 = ADVANCED_FACE ( 'NONE', ( #5468 ), #7353, .F. ) ;
#3122 = CARTESIAN_POINT ( 'NONE',  ( -0.1549999999999995826, 0.04495472440944931619, -0.02904527559055109995 ) ) ;
#3123 = ORIENTED_EDGE ( 'NONE', *, *, #2305, .T. ) ;
#3124 = PLANE ( 'NONE',  #2787 ) ;
#3125 = ORIENTED_EDGE ( 'NONE', *, *, #270, .T. ) ;
#3126 = LINE ( 'NONE', #166, #4686 ) ;
#3127 = CARTESIAN_POINT ( 'NONE',  ( -0.1249999999999997641, 0.1175000000000000072, -0.1910000000000000309 ) ) ;
#3128 = FACE_OUTER_BOUND ( 'NONE', #4668, .T. ) ;
#3129 = CARTESIAN_POINT ( 'NONE',  ( 0.1249999999999997641, 0.1175000000000000072, 0.3089999999999999414 ) ) ;
#3130 = DIRECTION ( 'NONE',  ( -1.000000000000000000, -6.829619984160659821E-15, 0.000000000000000000 ) ) ;
#3131 = DIRECTION ( 'NONE',  ( -0.000000000000000000, -0.000000000000000000, 1.000000000000000000 ) ) ;
#3132 = EDGE_CURVE ( 'NONE', #6007, #5857, #99, .T. ) ;
#3133 = CARTESIAN_POINT ( 'NONE',  ( -0.1444094488188976955, 0.1069094488188977315, 0.1300000000000000044 ) ) ;
#3134 = ORIENTED_EDGE ( 'NONE', *, *, #3987, .F. ) ;
#3135 = VERTEX_POINT ( 'NONE', #2474 ) ;
#3136 = DIRECTION ( 'NONE',  ( 1.000000000000000000, 0.000000000000000000, 0.000000000000000000 ) ) ;
#3137 = ORIENTED_EDGE ( 'NONE', *, *, #1189, .F. ) ;
#3138 = CARTESIAN_POINT ( 'NONE',  ( 0.1249999999999997641, 0.1075000000000000122, -0.1910000000000000309 ) ) ;
#3139 = EDGE_CURVE ( 'NONE', #4110, #4122, #4884, .T. ) ;
#3140 = DIRECTION ( 'NONE',  ( -0.000000000000000000, -0.000000000000000000, -1.000000000000000000 ) ) ;
#3141 = CARTESIAN_POINT ( 'NONE',  ( 0.1449999999999995182, 0.03595472440944844084, 0.03804527559055129876 ) ) ;
#3142 = DIRECTION ( 'NONE',  ( 0.000000000000000000, -0.000000000000000000, -1.000000000000000000 ) ) ;
#3143 = EDGE_CURVE ( 'NONE', #5395, #4291, #7276, .T. ) ;
#3144 = ORIENTED_EDGE ( 'NONE', *, *, #5160, .T. ) ;
#3145 = ORIENTED_EDGE ( 'NONE', *, *, #5457, .T. ) ;
#3146 = LINE ( 'NONE', #5642, #2720 ) ;
#3147 = DIRECTION ( 'NONE',  ( 0.000000000000000000, 0.000000000000000000, 1.000000000000000000 ) ) ;
#3148 = ORIENTED_EDGE ( 'NONE', *, *, #3007, .T. ) ;
#3149 = VECTOR ( 'NONE', #619, 39.37007874015748143 ) ;
#3150 = ORIENTED_EDGE ( 'NONE', *, *, #4272, .F. ) ;
#3151 = AXIS2_PLACEMENT_3D ( 'NONE', #6351, #381, #2751 ) ;
#3152 = FACE_OUTER_BOUND ( 'NONE', #1205, .T. ) ;
#3153 = CARTESIAN_POINT ( 'NONE',  ( -0.1449999999999999900, 0.1069094488188977315, 0.1300000000000000044 ) ) ;
#3154 = DIRECTION ( 'NONE',  ( 0.000000000000000000, 0.9914448613738103822, -0.1305261922200518787 ) ) ;
#3155 = CARTESIAN_POINT ( 'NONE',  ( 0.1444094488188976677, 0.1075000000000000122, 0.008999999999999959421 ) ) ;
#3156 = EDGE_LOOP ( 'NONE', ( #3941, #5981, #5392, #5700 ) ) ;
#3157 = VECTOR ( 'NONE', #7024, 39.37007874015748143 ) ;
#3158 = LINE ( 'NONE', #3750, #4458 ) ;
#3159 = ORIENTED_EDGE ( 'NONE', *, *, #5245, .T. ) ;
#3160 = ADVANCED_FACE ( 'NONE', ( #5001 ), #2003, .F. ) ;
#3161 = CARTESIAN_POINT ( 'NONE',  ( -0.1449999999999983802, -1.707404996040164512E-17, 0.1300000000000000044 ) ) ;
#3162 = CARTESIAN_POINT ( 'NONE',  ( 0.1444094488188976677, 0.1075000000000000122, 0.3300000000000000155 ) ) ;
#3163 = LINE ( 'NONE', #3754, #2458 ) ;
#3164 = DIRECTION ( 'NONE',  ( 7.134924142987280985E-15, -1.000000000000000000, 0.000000000000000000 ) ) ;
#3165 = AXIS2_PLACEMENT_3D ( 'NONE', #2208, #887, #4572 ) ;
#3166 = VECTOR ( 'NONE', #1795, 39.37007874015748143 ) ;
#3167 = DIRECTION ( 'NONE',  ( 1.533174863687841128E-14, 1.000000000000000000, 0.000000000000000000 ) ) ;
#3168 = EDGE_CURVE ( 'NONE', #1701, #7590, #6799, .T. ) ;
#3169 = SURFACE_STYLE_FILL_AREA ( #6767 ) ;
#3170 = LINE ( 'NONE', #6177, #5094 ) ;
#3171 = ADVANCED_FACE ( 'NONE', ( #6102 ), #2115, .F. ) ;
#3172 = VECTOR ( 'NONE', #7553, 39.37007874015748143 ) ;
#3173 = EDGE_LOOP ( 'NONE', ( #7476, #1834, #7602, #4332 ) ) ;
#3174 = DIRECTION ( 'NONE',  ( -0.000000000000000000, -0.000000000000000000, -1.000000000000000000 ) ) ;
#3175 = AXIS2_PLACEMENT_3D ( 'NONE', #7303, #1887, #6681 ) ;
#3176 = VECTOR ( 'NONE', #4771, 39.37007874015748143 ) ;
#3177 = VERTEX_POINT ( 'NONE', #5109 ) ;
#3178 = CARTESIAN_POINT ( 'NONE',  ( 0.1444094488188976677, 0.1075000000000000122, -0.1700000000000000400 ) ) ;
#3179 = EDGE_CURVE ( 'NONE', #6933, #3498, #6915, .T. ) ;
#3180 = ORIENTED_EDGE ( 'NONE', *, *, #5028, .T. ) ;
#3181 = ADVANCED_FACE ( 'NONE', ( #2691 ), #3278, .F. ) ;
#3182 = CARTESIAN_POINT ( 'NONE',  ( -0.1249999999999997641, 0.1075000000000000122, 0.2300000000000000377 ) ) ;
#3183 = AXIS2_PLACEMENT_3D ( 'NONE', #484, #3391, #7651 ) ;
#3184 = EDGE_CURVE ( 'NONE', #2997, #1236, #5696, .T. ) ;
#3185 = DIRECTION ( 'NONE',  ( 0.000000000000000000, -0.000000000000000000, -1.000000000000000000 ) ) ;
#3186 = ORIENTED_EDGE ( 'NONE', *, *, #783, .T. ) ;
#3187 = DIRECTION ( 'NONE',  ( -1.000000000000000000, 0.000000000000000000, 0.000000000000000000 ) ) ;
#3188 = CYLINDRICAL_SURFACE ( 'NONE', #5068, 0.01999999999999999001 ) ;
#3189 = AXIS2_PLACEMENT_3D ( 'NONE', #6061, #6173, #758 ) ;
#3190 = AXIS2_PLACEMENT_3D ( 'NONE', #6255, #5629, #255 ) ;
#3191 = DIRECTION ( 'NONE',  ( -1.000000000000000000, -7.134924142987280985E-15, 0.000000000000000000 ) ) ;
#3192 = CARTESIAN_POINT ( 'NONE',  ( 0.1550000000000000544, 0.004000000000000009624, 0.06999999999999993727 ) ) ;
#3193 = DIRECTION ( 'NONE',  ( 0.000000000000000000, -0.000000000000000000, -1.000000000000000000 ) ) ;
#3194 = MECHANICAL_DESIGN_GEOMETRIC_PRESENTATION_REPRESENTATION (  '', ( #6601 ), #7226 ) ;
#3195 = DIRECTION ( 'NONE',  ( -3.194114299349669345E-16, -1.000000000000000000, 0.000000000000000000 ) ) ;
#3196 = VECTOR ( 'NONE', #7419, 39.37007874015748143 ) ;
#3197 = EDGE_LOOP ( 'NONE', ( #2056, #5358, #6899, #7632 ) ) ;
#3198 = DIRECTION ( 'NONE',  ( 1.000000000000000000, 0.000000000000000000, 0.000000000000000000 ) ) ;
#3199 = DIRECTION ( 'NONE',  ( 0.000000000000000000, 0.000000000000000000, 1.000000000000000000 ) ) ;
#3200 = CARTESIAN_POINT ( 'NONE',  ( -0.1449999999999983524, -0.1299999999999999767, -0.2910000000000000364 ) ) ;
#3201 = LINE ( 'NONE', #786, #5000 ) ;
#3202 = EDGE_CURVE ( 'NONE', #4271, #3556, #7344, .T. ) ;
#3203 = VECTOR ( 'NONE', #1629, 39.37007874015748143 ) ;
#3204 = ORIENTED_EDGE ( 'NONE', *, *, #5413, .F. ) ;
#3205 = PLANE ( 'NONE',  #6838 ) ;
#3206 = FACE_OUTER_BOUND ( 'NONE', #5607, .T. ) ;
#3207 = AXIS2_PLACEMENT_3D ( 'NONE', #2360, #4769, #7161 ) ;
#3208 = CARTESIAN_POINT ( 'NONE',  ( 0.1549999999999983336, -0.1300000000000000600, -0.1090000000000000135 ) ) ;
#3209 = ORIENTED_EDGE ( 'NONE', *, *, #7461, .F. ) ;
#3210 = EDGE_LOOP ( 'NONE', ( #4033, #6526, #6115, #4569, #3785, #3297, #3031, #5672, #794, #5816 ) ) ;
#3211 = CIRCLE ( 'NONE', #6126, 0.01059055118110233465 ) ;
#3212 = CARTESIAN_POINT ( 'NONE',  ( -7.791098234355730168E-21, 0.1981889763779526581, -0.3278221439731659470 ) ) ;
#3213 = ADVANCED_FACE ( 'NONE', ( #7571 ), #7416, .F. ) ;
#3214 = ORIENTED_EDGE ( 'NONE', *, *, #2549, .F. ) ;
#3215 = DIRECTION ( 'NONE',  ( -0.000000000000000000, 0.000000000000000000, -1.000000000000000000 ) ) ;
#3216 = VERTEX_POINT ( 'NONE', #2148 ) ;
#3217 = ORIENTED_EDGE ( 'NONE', *, *, #1420, .F. ) ;
#3218 = CARTESIAN_POINT ( 'NONE',  ( 0.1449999999999983524, -0.1299999999999999767, -0.2090000000000000191 ) ) ;
#3219 = CARTESIAN_POINT ( 'NONE',  ( 0.1444094488188976955, 0.1069094488188977315, -0.2300000000000000100 ) ) ;
#3220 = VECTOR ( 'NONE', #893, 39.37007874015748143 ) ;
#3221 = ORIENTED_EDGE ( 'NONE', *, *, #5052, .T. ) ;
#3222 = ORIENTED_EDGE ( 'NONE', *, *, #91, .T. ) ;
#3223 = CARTESIAN_POINT ( 'NONE',  ( 0.1250000000000014433, 1.942319323305372256E-15, 0.2260000000000000064 ) ) ;
#3224 = LINE ( 'NONE', #5606, #7058 ) ;
#3225 = ORIENTED_EDGE ( 'NONE', *, *, #5829, .T. ) ;
#3226 = EDGE_CURVE ( 'NONE', #3808, #4800, #6364, .T. ) ;
#3227 = VECTOR ( 'NONE', #3174, 39.37007874015748143 ) ;
#3228 = ORIENTED_EDGE ( 'NONE', *, *, #2723, .T. ) ;
#3229 = DIRECTION ( 'NONE',  ( 0.000000000000000000, 0.000000000000000000, 1.000000000000000000 ) ) ;
#3230 = DIRECTION ( 'NONE',  ( -7.134924142987280985E-15, 1.000000000000000000, -0.000000000000000000 ) ) ;
#3231 = DIRECTION ( 'NONE',  ( 5.045153244757943312E-15, -0.7071067811865504593, -0.7071067811865444641 ) ) ;
#3232 = DIRECTION ( 'NONE',  ( -1.000000000000000000, -7.035477150404849144E-15, -1.521184922305145727E-18 ) ) ;
#3233 = ORIENTED_EDGE ( 'NONE', *, *, #5261, .F. ) ;
#3234 = EDGE_LOOP ( 'NONE', ( #7626, #505, #5903, #4549 ) ) ;
#3235 = DIRECTION ( 'NONE',  ( 0.000000000000000000, 0.000000000000000000, 1.000000000000000000 ) ) ;
#3236 = PLANE ( 'NONE',  #2550 ) ;
#3237 = CYLINDRICAL_SURFACE ( 'NONE', #1035, 0.01059055118110229995 ) ;
#3238 = CARTESIAN_POINT ( 'NONE',  ( -0.1444094488188976955, 0.1069094488188977315, -0.1300000000000000044 ) ) ;
#3239 = ADVANCED_FACE ( 'NONE', ( #6328 ), #6210, .F. ) ;
#3240 = EDGE_CURVE ( 'NONE', #5161, #4752, #942, .T. ) ;
#3241 = DIRECTION ( 'NONE',  ( 0.000000000000000000, 1.000000000000000000, 0.000000000000000000 ) ) ;
#3242 = DIRECTION ( 'NONE',  ( -1.000000000000000000, 0.000000000000000000, 0.000000000000000000 ) ) ;
#3243 = CARTESIAN_POINT ( 'NONE',  ( 0.1449999999999992684, -1.707404996040164512E-17, -0.2090000000000000191 ) ) ;
#3244 = ORIENTED_EDGE ( 'NONE', *, *, #6949, .F. ) ;
#3245 = FACE_OUTER_BOUND ( 'NONE', #2899, .T. ) ;
#3246 = ORIENTED_EDGE ( 'NONE', *, *, #437, .F. ) ;
#3247 = VERTEX_POINT ( 'NONE', #5076 ) ;
#3248 = DIRECTION ( 'NONE',  ( 0.000000000000000000, 1.000000000000000000, 0.000000000000000000 ) ) ;
#3249 = CARTESIAN_POINT ( 'NONE',  ( -0.1249999999999997641, 0.1075000000000000122, 0.02999999999999998848 ) ) ;
#3250 = ADVANCED_FACE ( 'NONE', ( #3316 ), #6953, .F. ) ;
#3251 = CARTESIAN_POINT ( 'NONE',  ( -0.1550000000000000544, -1.707404996040164512E-17, -0.2700000000000000178 ) ) ;
#3252 = EDGE_LOOP ( 'NONE', ( #7497, #1262, #222, #3002 ) ) ;
#3253 = VERTEX_POINT ( 'NONE', #3874 ) ;
#3254 = CARTESIAN_POINT ( 'NONE',  ( -0.1249999999999997641, 0.1075000000000000122, 0.2699999999999999623 ) ) ;
#3255 = PLANE ( 'NONE',  #1052 ) ;
#3256 = VERTEX_POINT ( 'NONE', #6284 ) ;
#3257 = DIRECTION ( 'NONE',  ( 0.000000000000000000, -0.000000000000000000, -1.000000000000000000 ) ) ;
#3258 = CARTESIAN_POINT ( 'NONE',  ( -0.1549999999999983336, -0.1300000000000000600, 0.2090000000000000191 ) ) ;
#3259 = DIRECTION ( 'NONE',  ( -0.000000000000000000, 0.000000000000000000, 1.000000000000000000 ) ) ;
#3260 = DIRECTION ( 'NONE',  ( -4.973757961760255702E-15, 0.7071067811865445751, -0.7071067811865505703 ) ) ;
#3261 = EDGE_CURVE ( 'NONE', #5240, #3365, #1571, .T. ) ;
#3262 = UNCERTAINTY_MEASURE_WITH_UNIT (LENGTH_MEASURE( 1.000000000000000082E-05 ), #731, 'distance_accuracy_value', 'NONE');
#3263 = DIRECTION ( 'NONE',  ( 0.000000000000000000, 1.000000000000000000, 0.000000000000000000 ) ) ;
#3264 = ORIENTED_EDGE ( 'NONE', *, *, #7730, .F. ) ;
#3265 = EDGE_CURVE ( 'NONE', #1400, #2323, #1456, .T. ) ;
#3266 = EDGE_CURVE ( 'NONE', #5291, #1234, #5035, .T. ) ;
#3267 = CIRCLE ( 'NONE', #4294, 0.0005905511811023039749 ) ;
#3268 = DIRECTION ( 'NONE',  ( -7.134924142987280985E-15, -1.000000000000000000, 0.000000000000000000 ) ) ;
#3269 = EDGE_CURVE ( 'NONE', #3006, #6160, #7532, .T. ) ;
#3270 = CARTESIAN_POINT ( 'NONE',  ( 0.1249999999999997641, 0.1175000000000000072, -0.07000000000000000666 ) ) ;
#3271 = CARTESIAN_POINT ( 'NONE',  ( 0.1249999999999997641, 0.1075000000000000122, 0.2300000000000000377 ) ) ;
#3272 = SURFACE_STYLE_FILL_AREA ( #6248 ) ;
#3273 = DIRECTION ( 'NONE',  ( 1.000000000000000000, 0.000000000000000000, -0.000000000000000000 ) ) ;
#3274 = AXIS2_PLACEMENT_3D ( 'NONE', #2, #2880, #1167 ) ;
#3275 = CLOSED_SHELL ( 'NONE', ( #2694, #7699, #2871, #2774 ) ) ;
#3276 = EDGE_CURVE ( 'NONE', #7333, #1234, #2764, .T. ) ;
#3277 = VERTEX_POINT ( 'NONE', #2186 ) ;
#3278 = PLANE ( 'NONE',  #1827 ) ;
#3279 = VECTOR ( 'NONE', #6677, 39.37007874015748143 ) ;
#3280 = CARTESIAN_POINT ( 'NONE',  ( 0.1550000000000000266, 0.1069094488188977315, 0.02999999999999998848 ) ) ;
#3281 = DIRECTION ( 'NONE',  ( -1.000000000000000000, 0.000000000000000000, 0.000000000000000000 ) ) ;
#3282 = FACE_OUTER_BOUND ( 'NONE', #6693, .T. ) ;
#3283 = ORIENTED_EDGE ( 'NONE', *, *, #752, .T. ) ;
#3284 = LINE ( 'NONE', #6922, #870 ) ;
#3285 = EDGE_LOOP ( 'NONE', ( #5616, #4453, #2840, #1935 ) ) ;
#3286 = CARTESIAN_POINT ( 'NONE',  ( -0.1250000000000000278, 0.1175000000000000072, -0.3750000000000001110 ) ) ;
#3287 =( NAMED_UNIT ( * ) PLANE_ANGLE_UNIT ( ) SI_UNIT ( $, .RADIAN. ) );
#3288 = AXIS2_PLACEMENT_3D ( 'NONE', #6305, #5756, #3893 ) ;
#3289 = FACE_OUTER_BOUND ( 'NONE', #4163, .T. ) ;
#3290 = VECTOR ( 'NONE', #6539, 39.37007874015748143 ) ;
#3291 = ORIENTED_EDGE ( 'NONE', *, *, #542, .F. ) ;
#3292 = ORIENTED_EDGE ( 'NONE', *, *, #4408, .F. ) ;
#3293 = DIRECTION ( 'NONE',  ( -0.000000000000000000, -0.000000000000000000, -1.000000000000000000 ) ) ;
#3294 = ADVANCED_FACE ( 'NONE', ( #6988 ), #3205, .F. ) ;
#3295 = ORIENTED_EDGE ( 'NONE', *, *, #4377, .T. ) ;
#3296 = LINE ( 'NONE', #2672, #6448 ) ;
#3297 = ORIENTED_EDGE ( 'NONE', *, *, #6566, .F. ) ;
#3298 = ADVANCED_FACE ( 'NONE', ( #1172 ), #2967, .F. ) ;
#3299 = VECTOR ( 'NONE', #7066, 39.37007874015748143 ) ;
#3300 = FACE_OUTER_BOUND ( 'NONE', #6620, .T. ) ;
#3301 = DIRECTION ( 'NONE',  ( 1.000000000000000000, 0.000000000000000000, 0.000000000000000000 ) ) ;
#3302 = AXIS2_PLACEMENT_3D ( 'NONE', #4273, #3591, #3631 ) ;
#3303 = FACE_OUTER_BOUND ( 'NONE', #235, .T. ) ;
#3304 = FACE_OUTER_BOUND ( 'NONE', #4852, .T. ) ;
#3305 = VERTEX_POINT ( 'NONE', #3427 ) ;
#3306 = EDGE_CURVE ( 'NONE', #6311, #4447, #6479, .T. ) ;
#3307 = CARTESIAN_POINT ( 'NONE',  ( 0.1550000000000000544, -2.761427880799627746E-17, 0.3259999999999999565 ) ) ;
#3308 = DIRECTION ( 'NONE',  ( -3.194114299349669345E-16, -1.000000000000000000, 0.000000000000000000 ) ) ;
#3309 = DIRECTION ( 'NONE',  ( -1.000000000000000000, 7.062854202149022777E-15, 0.000000000000000000 ) ) ;
#3310 = VECTOR ( 'NONE', #4595, 39.37007874015748143 ) ;
#3311 = VECTOR ( 'NONE', #4722, 39.37007874015748854 ) ;
#3312 = DIRECTION ( 'NONE',  ( 1.000000000000000000, 0.000000000000000000, 0.000000000000000000 ) ) ;
#3313 = EDGE_CURVE ( 'NONE', #2010, #5550, #7732, .T. ) ;
#3314 = EDGE_CURVE ( 'NONE', #1506, #1660, #6, .T. ) ;
#3315 = VECTOR ( 'NONE', #2266, 39.37007874015748143 ) ;
#3316 = FACE_OUTER_BOUND ( 'NONE', #2069, .T. ) ;
#3317 = LINE ( 'NONE', #905, #7670 ) ;
#3318 = EDGE_CURVE ( 'NONE', #5824, #261, #2380, .T. ) ;
#3319 = DIMENSIONAL_EXPONENTS ( 1.000000000000000000, 0.000000000000000000, 0.000000000000000000, 0.000000000000000000, 0.000000000000000000, 0.000000000000000000, 0.000000000000000000 ) ;
#3320 = FACE_OUTER_BOUND ( 'NONE', #5745, .T. ) ;
#3321 = ORIENTED_EDGE ( 'NONE', *, *, #752, .F. ) ;
#3322 = CARTESIAN_POINT ( 'NONE',  ( -0.1450000000000000455, 0.1069094488188977315, 0.2090000000000000191 ) ) ;
#3323 = EDGE_LOOP ( 'NONE', ( #6637, #6116, #390, #5882 ) ) ;
#3324 = EDGE_CURVE ( 'NONE', #2254, #261, #2882, .T. ) ;
#3325 = DIRECTION ( 'NONE',  ( 1.000000000000000000, 0.000000000000000000, 0.000000000000000000 ) ) ;
#3326 = CARTESIAN_POINT ( 'NONE',  ( -0.1444094488188976677, 0.1175000000000000488, -0.2300000000000000100 ) ) ;
#3327 = EDGE_LOOP ( 'NONE', ( #4460, #7742, #3047, #4468 ) ) ;
#3328 = EDGE_LOOP ( 'NONE', ( #5548, #5617, #584, #5900, #1433, #7153, #7358, #6354, #5038, #773 ) ) ;
#3329 = PLANE ( 'NONE',  #5861 ) ;
#3330 = EDGE_LOOP ( 'NONE', ( #2204, #976, #1711, #2178 ) ) ;
#3331 = DIRECTION ( 'NONE',  ( 4.994192100871455057E-15, -0.7071067811865444641, 0.7071067811865504593 ) ) ;
#3332 = ORIENTED_EDGE ( 'NONE', *, *, #5132, .F. ) ;
#3333 = VECTOR ( 'NONE', #10, 39.37007874015748143 ) ;
#3334 = VECTOR ( 'NONE', #1634, 39.37007874015748143 ) ;
#3335 = AXIS2_PLACEMENT_3D ( 'NONE', #3579, #4139, #1158 ) ;
#3336 = PLANE ( 'NONE',  #6582 ) ;
#3337 = DIRECTION ( 'NONE',  ( -1.000000000000000000, -7.033955965482544985E-15, 0.000000000000000000 ) ) ;
#3338 = EDGE_CURVE ( 'NONE', #770, #5665, #1095, .T. ) ;
#3339 = DIRECTION ( 'NONE',  ( 0.000000000000000000, 0.000000000000000000, 1.000000000000000000 ) ) ;
#3340 = DIRECTION ( 'NONE',  ( 0.000000000000000000, -0.000000000000000000, -1.000000000000000000 ) ) ;
#3341 = PLANE ( 'NONE',  #6624 ) ;
#3342 = VERTEX_POINT ( 'NONE', #4063 ) ;
#3343 = VECTOR ( 'NONE', #268, 39.37007874015748143 ) ;
#3344 = AXIS2_PLACEMENT_3D ( 'NONE', #3731, #6149, #765 ) ;
#3345 = DIRECTION ( 'NONE',  ( 1.000000000000000000, -7.134924142987280985E-15, 0.000000000000000000 ) ) ;
#3346 = VERTEX_POINT ( 'NONE', #2341 ) ;
#3347 = DIRECTION ( 'NONE',  ( 1.000000000000000000, 1.759354438110327554E-15, 0.000000000000000000 ) ) ;
#3348 = EDGE_CURVE ( 'NONE', #6406, #443, #1055, .T. ) ;
#3349 = FACE_OUTER_BOUND ( 'NONE', #1193, .T. ) ;
#3350 = LENGTH_MEASURE_WITH_UNIT ( LENGTH_MEASURE( 0.02539999999999999897 ), #5691 );
#3351 = DIRECTION ( 'NONE',  ( -0.000000000000000000, -0.000000000000000000, -1.000000000000000000 ) ) ;
#3352 = CARTESIAN_POINT ( 'NONE',  ( 0.1449999999999984357, 0.004000000000000162280, 0.1300000000000000044 ) ) ;
#3353 = CARTESIAN_POINT ( 'NONE',  ( 0.1449999999999992684, -1.707404996040164512E-17, 0.09099999999999999756 ) ) ;
#3354 = DIRECTION ( 'NONE',  ( 0.000000000000000000, -0.7071067811865444641, 0.7071067811865504593 ) ) ;
#3355 = DIRECTION ( 'NONE',  ( 1.000000000000000000, -7.035477150404849144E-15, -1.521184922305145727E-18 ) ) ;
#3356 = ORIENTED_EDGE ( 'NONE', *, *, #1953, .F. ) ;
#3357 = FACE_OUTER_BOUND ( 'NONE', #7661, .T. ) ;
#3358 = ORIENTED_EDGE ( 'NONE', *, *, #3920, .T. ) ;
#3359 = EDGE_CURVE ( 'NONE', #7029, #3305, #6461, .T. ) ;
#3360 = EDGE_CURVE ( 'NONE', #3368, #4846, #3469, .T. ) ;
#3361 = CARTESIAN_POINT ( 'NONE',  ( 0.1250000000000014433, 1.933782298325171402E-15, 0.1740000000000000435 ) ) ;
#3362 = CARTESIAN_POINT ( 'NONE',  ( -0.1444094488188976955, 0.1069094488188977315, -0.3090000000000000524 ) ) ;
#3363 = ORIENTED_EDGE ( 'NONE', *, *, #400, .F. ) ;
#3364 = DIRECTION ( 'NONE',  ( 4.994192100871497655E-15, 0.7071067811865504593, 0.7071067811865444641 ) ) ;
#3365 = VERTEX_POINT ( 'NONE', #594 ) ;
#3366 = ORIENTED_EDGE ( 'NONE', *, *, #5509, .T. ) ;
#3367 = CARTESIAN_POINT ( 'NONE',  ( 0.1449999999999983802, -1.707404996040164512E-17, -0.1700000000000000400 ) ) ;
#3368 = VERTEX_POINT ( 'NONE', #1642 ) ;
#3369 = DIRECTION ( 'NONE',  ( 1.000000000000000000, 0.000000000000000000, 0.000000000000000000 ) ) ;
#3370 = DIMENSIONAL_EXPONENTS ( 1.000000000000000000, 0.000000000000000000, 0.000000000000000000, 0.000000000000000000, 0.000000000000000000, 0.000000000000000000, 0.000000000000000000 ) ;
#3371 = ORIENTED_EDGE ( 'NONE', *, *, #5991, .T. ) ;
#3372 = EDGE_CURVE ( 'NONE', #191, #7754, #4021, .T. ) ;
#3373 = DIRECTION ( 'NONE',  ( 0.000000000000000000, 1.000000000000000000, 0.000000000000000000 ) ) ;
#3374 = DIRECTION ( 'NONE',  ( 0.000000000000000000, -0.000000000000000000, -1.000000000000000000 ) ) ;
#3375 = CARTESIAN_POINT ( 'NONE',  ( -0.1249999999999997641, 0.1175000000000000072, -0.03000000000000002318 ) ) ;
#3376 = LINE ( 'NONE', #5791, #5874 ) ;
#3377 = DIRECTION ( 'NONE',  ( 7.134924142987280985E-15, 1.000000000000000000, 0.000000000000000000 ) ) ;
#3378 = ORIENTED_EDGE ( 'NONE', *, *, #4176, .T. ) ;
#3379 = CARTESIAN_POINT ( 'NONE',  ( -0.1444094488188976955, 0.1069094488188977315, 0.02999999999999998848 ) ) ;
#3380 = ORIENTED_EDGE ( 'NONE', *, *, #5309, .F. ) ;
#3381 = PLANE ( 'NONE',  #7325 ) ;
#3382 = FACE_OUTER_BOUND ( 'NONE', #1692, .T. ) ;
#3383 = ADVANCED_FACE ( 'NONE', ( #7023 ), #1607, .F. ) ;
#3384 = VECTOR ( 'NONE', #2581, 39.37007874015748143 ) ;
#3385 = CARTESIAN_POINT ( 'NONE',  ( -0.1449999999999983524, 4.274049269606410852E-17, -0.07400000000000005185 ) ) ;
#3386 = SURFACE_STYLE_FILL_AREA ( #5145 ) ;
#3387 = DIRECTION ( 'NONE',  ( 0.000000000000000000, 0.000000000000000000, 1.000000000000000000 ) ) ;
#3388 = CARTESIAN_POINT ( 'NONE',  ( 0.1449999999999991573, 0.004000000000000079881, -0.3300000000000001266 ) ) ;
#3389 = AXIS2_PLACEMENT_3D ( 'NONE', #1011, #1451, #6836 ) ;
#3390 = LINE ( 'NONE', #7691, #1076 ) ;
#3391 = DIRECTION ( 'NONE',  ( 0.000000000000000000, 1.000000000000000000, 0.000000000000000000 ) ) ;
#3392 = ORIENTED_EDGE ( 'NONE', *, *, #3324, .F. ) ;
#3393 = DIRECTION ( 'NONE',  ( -0.000000000000000000, -0.000000000000000000, -1.000000000000000000 ) ) ;
#3394 = VERTEX_POINT ( 'NONE', #3385 ) ;
#3395 = EDGE_CURVE ( 'NONE', #4122, #6265, #2807, .T. ) ;
#3396 = VECTOR ( 'NONE', #3710, 39.37007874015748143 ) ;
#3397 = DIRECTION ( 'NONE',  ( -1.000000000000000000, 1.759354438110327554E-15, 0.000000000000000000 ) ) ;
#3398 = CARTESIAN_POINT ( 'NONE',  ( -0.1550000000000000266, 0.1069094488188977315, 0.2090000000000000191 ) ) ;
#3399 = EDGE_CURVE ( 'NONE', #7263, #3256, #4706, .T. ) ;
#3400 = CARTESIAN_POINT ( 'NONE',  ( 0.1549999999999995826, 0.04495472440944931619, 0.3709547244094488772 ) ) ;
#3401 = VERTEX_POINT ( 'NONE', #551 ) ;
#3402 = ORIENTED_EDGE ( 'NONE', *, *, #2645, .F. ) ;
#3403 = DIRECTION ( 'NONE',  ( -4.973757961760255702E-15, 0.7071067811865445751, -0.7071067811865505703 ) ) ;
#3404 = ORIENTED_EDGE ( 'NONE', *, *, #1970, .T. ) ;
#3405 = DIRECTION ( 'NONE',  ( 0.000000000000000000, 0.000000000000000000, 1.000000000000000000 ) ) ;
#3406 = ADVANCED_FACE ( 'NONE', ( #7102 ), #477, .F. ) ;
#3407 = EDGE_CURVE ( 'NONE', #3177, #800, #6518, .T. ) ;
#3408 = VECTOR ( 'NONE', #3347, 39.37007874015748143 ) ;
#3409 = CIRCLE ( 'NONE', #63, 0.0005905511811023039749 ) ;
#3410 = CARTESIAN_POINT ( 'NONE',  ( -0.1249999999999997641, 0.1075000000000000122, 0.3089999999999999414 ) ) ;
#3411 = DIRECTION ( 'NONE',  ( 1.000000000000000000, 0.000000000000000000, 0.000000000000000000 ) ) ;
#3412 = LINE ( 'NONE', #417, #673 ) ;
#3413 = CARTESIAN_POINT ( 'NONE',  ( -0.1444094488188976677, 0.1175000000000000488, -0.2700000000000000178 ) ) ;
#3414 = UNCERTAINTY_MEASURE_WITH_UNIT (LENGTH_MEASURE( 1.000000000000000082E-05 ), #3012, 'distance_accuracy_value', 'NONE');
#3415 = FACE_OUTER_BOUND ( 'NONE', #2708, .T. ) ;
#3416 = ORIENTED_EDGE ( 'NONE', *, *, #2723, .F. ) ;
#3417 = VECTOR ( 'NONE', #7597, 39.37007874015748143 ) ;
#3418 = AXIS2_PLACEMENT_3D ( 'NONE', #4120, #4719, #4798 ) ;
#3419 = VECTOR ( 'NONE', #1867, 39.37007874015748143 ) ;
#3420 = ORIENTED_EDGE ( 'NONE', *, *, #6312, .F. ) ;
#3421 = EDGE_CURVE ( 'NONE', #5278, #339, #513, .T. ) ;
#3422 = CARTESIAN_POINT ( 'NONE',  ( 0.1444094488188969738, 0.004000000000000131922, -0.2700000000000000178 ) ) ;
#3423 = AXIS2_PLACEMENT_3D ( 'NONE', #1930, #2510, #2585 ) ;
#3424 = DIRECTION ( 'NONE',  ( 0.000000000000000000, -0.000000000000000000, -1.000000000000000000 ) ) ;
#3425 = CARTESIAN_POINT ( 'NONE',  ( -0.1550000000000000266, 0.1069094488188977315, -0.3300000000000000155 ) ) ;
#3426 = AXIS2_PLACEMENT_3D ( 'NONE', #1376, #6722, #4361 ) ;
#3427 = CARTESIAN_POINT ( 'NONE',  ( -0.1550000000000000266, 0.1069094488188977315, -0.2300000000000000100 ) ) ;
#3428 = VECTOR ( 'NONE', #1608, 39.37007874015748143 ) ;
#3429 = VECTOR ( 'NONE', #5197, 39.37007874015748143 ) ;
#3430 = DIRECTION ( 'NONE',  ( 0.000000000000000000, 1.000000000000000000, 0.000000000000000000 ) ) ;
#3431 = CARTESIAN_POINT ( 'NONE',  ( 0.1249999999999999584, 0.1075000000000000122, 0.3750000000000001665 ) ) ;
#3432 = DIRECTION ( 'NONE',  ( 0.000000000000000000, -0.000000000000000000, 1.000000000000000000 ) ) ;
#3433 = FACE_OUTER_BOUND ( 'NONE', #1460, .T. ) ;
#3434 = EDGE_CURVE ( 'NONE', #800, #4288, #6052, .T. ) ;
#3435 = ORIENTED_EDGE ( 'NONE', *, *, #1560, .F. ) ;
#3436 = CARTESIAN_POINT ( 'NONE',  ( 0.1249999999999997641, 0.1175000000000000072, 0.2300000000000000377 ) ) ;
#3437 = MECHANICAL_DESIGN_GEOMETRIC_PRESENTATION_REPRESENTATION (  '', ( #7594 ), #6475 ) ;
#3438 = ORIENTED_EDGE ( 'NONE', *, *, #3474, .F. ) ;
#3439 = DIRECTION ( 'NONE',  ( -0.000000000000000000, -0.000000000000000000, -1.000000000000000000 ) ) ;
#3440 = CARTESIAN_POINT ( 'NONE',  ( -0.1550000000000000544, 0.004000000000000009624, 0.1699999999999999567 ) ) ;
#3441 = ORIENTED_EDGE ( 'NONE', *, *, #3359, .F. ) ;
#3442 = CARTESIAN_POINT ( 'NONE',  ( -0.1450000000000000455, 0.1069094488188977315, 0.1089999999999999858 ) ) ;
#3443 = VECTOR ( 'NONE', #6966, 39.37007874015748143 ) ;
#3444 = ADVANCED_FACE ( 'NONE', ( #1256 ), #669, .T. ) ;
#3445 = VERTEX_POINT ( 'NONE', #3046 ) ;
#3446 = VERTEX_POINT ( 'NONE', #45 ) ;
#3447 = LINE ( 'NONE', #6579, #109 ) ;
#3448 = VERTEX_POINT ( 'NONE', #6644 ) ;
#3449 = PLANE ( 'NONE',  #1175 ) ;
#3450 = CARTESIAN_POINT ( 'NONE',  ( -0.07500000000000002498, 0.2049999999999999045, -0.3250000000000000666 ) ) ;
#3451 = LINE ( 'NONE', #7254, #3087 ) ;
#3452 = DIRECTION ( 'NONE',  ( 0.000000000000000000, 0.000000000000000000, 1.000000000000000000 ) ) ;
#3453 = AXIS2_PLACEMENT_3D ( 'NONE', #7357, #6805, #6147 ) ;
#3454 = DIRECTION ( 'NONE',  ( 1.000000000000000000, 0.000000000000000000, 0.000000000000000000 ) ) ;
#3455 = DIRECTION ( 'NONE',  ( 0.000000000000000000, -1.000000000000000000, 0.000000000000000000 ) ) ;
#3456 = EDGE_CURVE ( 'NONE', #7580, #7763, #7179, .T. ) ;
#3457 = LINE ( 'NONE', #2876, #355 ) ;
#3458 = ORIENTED_EDGE ( 'NONE', *, *, #6898, .F. ) ;
#3459 = VECTOR ( 'NONE', #419, 39.37007874015748143 ) ;
#3460 = VECTOR ( 'NONE', #600, 39.37007874015748143 ) ;
#3461 = PRESENTATION_LAYER_ASSIGNMENT (  '', '', ( #5244 ) ) ;
#3462 = EDGE_CURVE ( 'NONE', #1352, #7590, #1801, .T. ) ;
#3463 = LINE ( 'NONE', #2802, #5189 ) ;
#3464 = LINE ( 'NONE', #2461, #912 ) ;
#3465 = SURFACE_STYLE_USAGE ( .BOTH. , #4627 ) ;
#3466 = AXIS2_PLACEMENT_3D ( 'NONE', #7089, #2875, #4776 ) ;
#3467 = AXIS2_PLACEMENT_3D ( 'NONE', #1424, #3651, #2521 ) ;
#3468 = VERTEX_POINT ( 'NONE', #6132 ) ;
#3469 = LINE ( 'NONE', #3550, #7083 ) ;
#3470 = ORIENTED_EDGE ( 'NONE', *, *, #5453, .F. ) ;
#3471 = CARTESIAN_POINT ( 'NONE',  ( -0.1249999999999997641, 0.1175000000000000072, -0.2300000000000000100 ) ) ;
#3472 = VECTOR ( 'NONE', #6535, 39.37007874015748854 ) ;
#3473 = LINE ( 'NONE', #1015, #917 ) ;
#3474 = EDGE_CURVE ( 'NONE', #5987, #2947, #4329, .T. ) ;
#3475 = CARTESIAN_POINT ( 'NONE',  ( 0.1449999999999979639, -1.707404996040164512E-17, -0.2259999999999999232 ) ) ;
#3476 = EDGE_CURVE ( 'NONE', #2269, #4426, #2419, .T. ) ;
#3477 = DIRECTION ( 'NONE',  ( 1.000000000000000000, -6.829619984160659821E-15, 0.000000000000000000 ) ) ;
#3478 = DIRECTION ( 'NONE',  ( 0.000000000000000000, 1.000000000000000000, 0.000000000000000000 ) ) ;
#3479 = ORIENTED_EDGE ( 'NONE', *, *, #7229, .T. ) ;
#3480 = PLANE ( 'NONE',  #3055 ) ;
#3481 = ORIENTED_EDGE ( 'NONE', *, *, #5489, .F. ) ;
#3482 = LINE ( 'NONE', #4156, #2922 ) ;
#3483 = VERTEX_POINT ( 'NONE', #1341 ) ;
#3484 = FACE_OUTER_BOUND ( 'NONE', #1781, .T. ) ;
#3485 = ORIENTED_EDGE ( 'NONE', *, *, #815, .F. ) ;
#3486 = ORIENTED_EDGE ( 'NONE', *, *, #854, .F. ) ;
#3487 = CARTESIAN_POINT ( 'NONE',  ( -0.1250000000000014433, 1.942319323305372256E-15, -0.2740000000000000768 ) ) ;
#3488 = ORIENTED_EDGE ( 'NONE', *, *, #1979, .F. ) ;
#3489 = FACE_OUTER_BOUND ( 'NONE', #6921, .T. ) ;
#3490 = EDGE_CURVE ( 'NONE', #5203, #1921, #6759, .T. ) ;
#3491 = FACE_OUTER_BOUND ( 'NONE', #3234, .T. ) ;
#3492 = CARTESIAN_POINT ( 'NONE',  ( -0.1449999999999995182, 0.03595472440944844084, -0.06195472440944872761 ) ) ;
#3493 = DIRECTION ( 'NONE',  ( -0.000000000000000000, 1.000000000000000000, -0.000000000000000000 ) ) ;
#3494 = ORIENTED_EDGE ( 'NONE', *, *, #659, .T. ) ;
#3495 = CARTESIAN_POINT ( 'NONE',  ( -0.1444094488188976677, 0.1075000000000000122, -0.07000000000000000666 ) ) ;
#3496 = CARTESIAN_POINT ( 'NONE',  ( -0.1550000000000000544, -1.707404996040164512E-17, 0.2300000000000000377 ) ) ;
#3497 = ORIENTED_EDGE ( 'NONE', *, *, #4347, .F. ) ;
#3498 = VERTEX_POINT ( 'NONE', #634 ) ;
#3499 = EDGE_CURVE ( 'NONE', #1896, #2436, #711, .T. ) ;
#3500 = LINE ( 'NONE', #7142, #4559 ) ;
#3501 = EDGE_CURVE ( 'NONE', #7372, #6268, #3158, .T. ) ;
#3502 = FACE_OUTER_BOUND ( 'NONE', #3705, .T. ) ;
#3503 = CARTESIAN_POINT ( 'NONE',  ( -0.1444094488188976955, 0.1069094488188977315, 0.2699999999999999623 ) ) ;
#3504 = EDGE_CURVE ( 'NONE', #7640, #2921, #6094, .T. ) ;
#3505 = EDGE_CURVE ( 'NONE', #3919, #606, #446, .T. ) ;
#3506 = EDGE_CURVE ( 'NONE', #3556, #128, #4187, .T. ) ;
#3507 = DIRECTION ( 'NONE',  ( 1.000000000000000000, -7.035477150404849144E-15, -1.521184922305145727E-18 ) ) ;
#3508 = ORIENTED_EDGE ( 'NONE', *, *, #1420, .T. ) ;
#3509 = CARTESIAN_POINT ( 'NONE',  ( -0.1444094488188976955, 0.1069094488188977315, 0.3089999999999999414 ) ) ;
#3510 = LINE ( 'NONE', #3475, #3776 ) ;
#3511 = CARTESIAN_POINT ( 'NONE',  ( -0.1449999999999983524, -0.1299999999999999767, -0.1910000000000000309 ) ) ;
#3512 = PLANE ( 'NONE',  #2340 ) ;
#3513 = EDGE_CURVE ( 'NONE', #2113, #698, #4874, .T. ) ;
#3514 = VECTOR ( 'NONE', #1135, 39.37007874015748143 ) ;
#3515 = EDGE_LOOP ( 'NONE', ( #6598, #2660, #2459, #5883, #2944, #7729, #1421, #7092, #1396, #6155 ) ) ;
#3516 = DIRECTION ( 'NONE',  ( -0.000000000000000000, 0.000000000000000000, 1.000000000000000000 ) ) ;
#3517 = ORIENTED_EDGE ( 'NONE', *, *, #2791, .F. ) ;
#3518 = LINE ( 'NONE', #489, #430 ) ;
#3519 =( NAMED_UNIT ( * ) SI_UNIT ( $, .STERADIAN. ) SOLID_ANGLE_UNIT ( ) );
#3520 = ORIENTED_EDGE ( 'NONE', *, *, #6865, .T. ) ;
#3521 = DIRECTION ( 'NONE',  ( -0.000000000000000000, -0.000000000000000000, -1.000000000000000000 ) ) ;
#3522 = EDGE_LOOP ( 'NONE', ( #6229, #3904, #5055, #540, #1432, #1147, #7581, #3292 ) ) ;
#3523 = ORIENTED_EDGE ( 'NONE', *, *, #542, .T. ) ;
#3524 = CARTESIAN_POINT ( 'NONE',  ( 0.1249999999999999584, 0.1075000000000000122, -0.3750000000000001665 ) ) ;
#3525 = ORIENTED_EDGE ( 'NONE', *, *, #479, .F. ) ;
#3526 = DIRECTION ( 'NONE',  ( -1.000000000000000000, 0.000000000000000000, 0.000000000000000000 ) ) ;
#3527 = VECTOR ( 'NONE', #5926, 39.37007874015748143 ) ;
#3528 = CLOSED_SHELL ( 'NONE', ( #5628, #7122, #5767, #1045, #4961, #195, #3616, #7264, #11, #5501, #5163, #5400, #4354, #720, #3761, #3298 ) ) ;
#3529 = CARTESIAN_POINT ( 'NONE',  ( 0.1249999999999997641, 0.1175000000000000072, 0.2699999999999999623 ) ) ;
#3530 = VECTOR ( 'NONE', #1479, 39.37007874015748143 ) ;
#3531 = FACE_OUTER_BOUND ( 'NONE', #781, .T. ) ;
#3532 = CARTESIAN_POINT ( 'NONE',  ( 0.1450000000000000178, 0.1069094488188977315, -0.2910000000000000364 ) ) ;
#3533 = CARTESIAN_POINT ( 'NONE',  ( 0.1449999999999992684, -1.707404996040164512E-17, -0.3090000000000000524 ) ) ;
#3534 = CARTESIAN_POINT ( 'NONE',  ( -0.1549999999999983336, -0.1300000000000000600, 0.1089999999999999858 ) ) ;
#3535 = ORIENTED_EDGE ( 'NONE', *, *, #4872, .F. ) ;
#3536 = CARTESIAN_POINT ( 'NONE',  ( -0.1249999999999997641, 0.1075000000000000122, 0.07000000000000000666 ) ) ;
#3537 = EDGE_CURVE ( 'NONE', #6333, #3581, #1923, .T. ) ;
#3538 = DIRECTION ( 'NONE',  ( 0.000000000000000000, -0.000000000000000000, -1.000000000000000000 ) ) ;
#3539 = ORIENTED_EDGE ( 'NONE', *, *, #510, .F. ) ;
#3540 = VECTOR ( 'NONE', #7332, 39.37007874015748854 ) ;
#3541 = ORIENTED_EDGE ( 'NONE', *, *, #6445, .T. ) ;
#3542 = ORIENTED_EDGE ( 'NONE', *, *, #3998, .F. ) ;
#3543 = DIRECTION ( 'NONE',  ( 0.9914448613738103822, 0.1305261922200518787, 0.000000000000000000 ) ) ;
#3544 = CARTESIAN_POINT ( 'NONE',  ( -0.1250000000000014433, 1.942319323305372256E-15, -0.07400000000000005185 ) ) ;
#3545 = VECTOR ( 'NONE', #4089, 39.37007874015748854 ) ;
#3546 = AXIS2_PLACEMENT_3D ( 'NONE', #6244, #2682, #3869 ) ;
#3547 = EDGE_CURVE ( 'NONE', #7423, #6528, #4912, .T. ) ;
#3548 = ORIENTED_EDGE ( 'NONE', *, *, #684, .T. ) ;
#3549 = ORIENTED_EDGE ( 'NONE', *, *, #710, .T. ) ;
#3550 = CARTESIAN_POINT ( 'NONE',  ( -0.1250000000000014433, 1.942319323305372256E-15, 0.1259999999999999731 ) ) ;
#3551 = ORIENTED_EDGE ( 'NONE', *, *, #5077, .T. ) ;
#3552 =( CONVERSION_BASED_UNIT ( 'INCH', #4147 ) LENGTH_UNIT ( ) NAMED_UNIT ( #1636 ) );
#3553 = PLANE ( 'NONE',  #1915 ) ;
#3554 = PLANE ( 'NONE',  #712 ) ;
#3555 = DIRECTION ( 'NONE',  ( -0.000000000000000000, -0.000000000000000000, -1.000000000000000000 ) ) ;
#3556 = VERTEX_POINT ( 'NONE', #7269 ) ;
#3557 = DIRECTION ( 'NONE',  ( 0.000000000000000000, 1.000000000000000000, 0.000000000000000000 ) ) ;
#3558 = VECTOR ( 'NONE', #1962, 39.37007874015748854 ) ;
#3559 = EDGE_CURVE ( 'NONE', #2473, #2659, #811, .T. ) ;
#3560 = VERTEX_POINT ( 'NONE', #4317 ) ;
#3561 = VECTOR ( 'NONE', #6144, 39.37007874015748854 ) ;
#3562 = CARTESIAN_POINT ( 'NONE',  ( -0.07500000000000002498, 0.2099999999999999090, -0.3250000000000000666 ) ) ;
#3563 = ORIENTED_EDGE ( 'NONE', *, *, #1125, .F. ) ;
#3564 = VERTEX_POINT ( 'NONE', #3716 ) ;
#3565 = DIRECTION ( 'NONE',  ( -1.000000000000000000, 0.000000000000000000, 0.000000000000000000 ) ) ;
#3566 = ORIENTED_EDGE ( 'NONE', *, *, #5983, .T. ) ;
#3567 = PRESENTATION_LAYER_ASSIGNMENT (  '', '', ( #86 ) ) ;
#3568 = VERTEX_POINT ( 'NONE', #1214 ) ;
#3569 = ORIENTED_EDGE ( 'NONE', *, *, #2878, .F. ) ;
#3570 = LINE ( 'NONE', #6457, #7007 ) ;
#3571 = ORIENTED_EDGE ( 'NONE', *, *, #6963, .F. ) ;
#3572 = DIRECTION ( 'NONE',  ( 0.000000000000000000, 0.000000000000000000, 1.000000000000000000 ) ) ;
#3573 = CARTESIAN_POINT ( 'NONE',  ( 0.1450000000000000455, 0.1069094488188977315, 0.2090000000000000191 ) ) ;
#3574 = FACE_OUTER_BOUND ( 'NONE', #351, .T. ) ;
#3575 = CARTESIAN_POINT ( 'NONE',  ( -0.07500000000000002498, 0.2099999999999999090, -0.3250000000000000666 ) ) ;
#3576 = ADVANCED_FACE ( 'NONE', ( #748 ), #3124, .F. ) ;
#3577 = CARTESIAN_POINT ( 'NONE',  ( 0.1444094488188976955, 0.1069094488188977315, 0.008999999999999959421 ) ) ;
#3578 = ORIENTED_EDGE ( 'NONE', *, *, #183, .T. ) ;
#3579 = CARTESIAN_POINT ( 'NONE',  ( 0.1444094488188976955, 0.1069094488188977315, 0.1700000000000000400 ) ) ;
#3580 = LINE ( 'NONE', #4140, #1978 ) ;
#3581 = VERTEX_POINT ( 'NONE', #279 ) ;
#3582 = VECTOR ( 'NONE', #7760, 39.37007874015748854 ) ;
#3583 = EDGE_LOOP ( 'NONE', ( #5334, #6297, #1866, #1648 ) ) ;
#3584 = ORIENTED_EDGE ( 'NONE', *, *, #1108, .T. ) ;
#3585 = EDGE_CURVE ( 'NONE', #3060, #6497, #6278, .T. ) ;
#3586 = DIRECTION ( 'NONE',  ( -1.000000000000000000, 0.000000000000000000, 0.000000000000000000 ) ) ;
#3587 = DIRECTION ( 'NONE',  ( -1.000000000000000000, 0.000000000000000000, 0.000000000000000000 ) ) ;
#3588 = DIRECTION ( 'NONE',  ( 1.000000000000000000, 0.000000000000000000, 0.000000000000000000 ) ) ;
#3589 = ORIENTED_EDGE ( 'NONE', *, *, #6131, .T. ) ;
#3590 = COLOUR_RGB ( '',0.7921568627450980005, 0.8196078431372548767, 0.9333333333333333481 ) ;
#3591 = DIRECTION ( 'NONE',  ( 0.000000000000000000, -0.000000000000000000, -1.000000000000000000 ) ) ;
#3592 = ORIENTED_EDGE ( 'NONE', *, *, #3265, .T. ) ;
#3593 = ADVANCED_FACE ( 'NONE', ( #1997 ), #353, .F. ) ;
#3594 = DIRECTION ( 'NONE',  ( 0.000000000000000000, 0.7071067811865504593, 0.7071067811865444641 ) ) ;
#3595 = DIRECTION ( 'NONE',  ( 0.000000000000000000, 1.000000000000000000, 0.000000000000000000 ) ) ;
#3596 = AXIS2_PLACEMENT_3D ( 'NONE', #3939, #6308, #2836 ) ;
#3597 = FACE_OUTER_BOUND ( 'NONE', #1909, .T. ) ;
#3598 = CARTESIAN_POINT ( 'NONE',  ( -0.1249999999999997641, 0.1175000000000000072, 0.2699999999999999623 ) ) ;
#3599 = CIRCLE ( 'NONE', #1874, 0.0005905511811023039749 ) ;
#3600 = PLANE ( 'NONE',  #6493 ) ;
#3601 = EDGE_LOOP ( 'NONE', ( #1863, #3380, #1637, #6778 ) ) ;
#3602 = VECTOR ( 'NONE', #839, 39.37007874015748143 ) ;
#3603 = LINE ( 'NONE', #2273, #4962 ) ;
#3604 = SURFACE_STYLE_USAGE ( .BOTH. , #5275 ) ;
#3605 = ORIENTED_EDGE ( 'NONE', *, *, #5412, .T. ) ;
#3606 = LINE ( 'NONE', #1190, #6728 ) ;
#3607 = ORIENTED_EDGE ( 'NONE', *, *, #2650, .T. ) ;
#3608 = VERTEX_POINT ( 'NONE', #3788 ) ;
#3609 = EDGE_LOOP ( 'NONE', ( #5982, #4780, #6571, #3887 ) ) ;
#3610 = DIRECTION ( 'NONE',  ( -4.975909242108299568E-15, 0.7071067811865505703, 0.7071067811865445751 ) ) ;
#3611 = EDGE_CURVE ( 'NONE', #2707, #5126, #1449, .T. ) ;
#3612 = ORIENTED_EDGE ( 'NONE', *, *, #3537, .F. ) ;
#3613 = DIRECTION ( 'NONE',  ( -1.533174863687841128E-14, 1.000000000000000000, 0.000000000000000000 ) ) ;
#3614 = ADVANCED_FACE ( 'NONE', ( #968 ), #4393, .F. ) ;
#3615 = ORIENTED_EDGE ( 'NONE', *, *, #1179, .T. ) ;
#3616 = ADVANCED_FACE ( 'NONE', ( #2724 ), #5761, .F. ) ;
#3617 = DIRECTION ( 'NONE',  ( -0.000000000000000000, -0.000000000000000000, -1.000000000000000000 ) ) ;
#3618 = PLANE ( 'NONE',  #7334 ) ;
#3619 = FILL_AREA_STYLE ('',( #1241 ) ) ;
#3620 = ORIENTED_EDGE ( 'NONE', *, *, #5693, .F. ) ;
#3621 = ORIENTED_EDGE ( 'NONE', *, *, #4196, .F. ) ;
#3622 = CARTESIAN_POINT ( 'NONE',  ( -0.1449999999999983802, -1.707404996040164512E-17, 0.3300000000000000155 ) ) ;
#3623 = ADVANCED_FACE ( 'NONE', ( #3833 ), #314, .F. ) ;
#3624 = LINE ( 'NONE', #626, #2966 ) ;
#3625 = VERTEX_POINT ( 'NONE', #4509 ) ;
#3626 = ORIENTED_EDGE ( 'NONE', *, *, #6986, .T. ) ;
#3627 = ORIENTED_EDGE ( 'NONE', *, *, #6462, .T. ) ;
#3628 = DIRECTION ( 'NONE',  ( 0.000000000000000000, -0.7071067811865444641, 0.7071067811865504593 ) ) ;
#3629 = DIRECTION ( 'NONE',  ( 0.000000000000000000, 1.000000000000000000, 0.000000000000000000 ) ) ;
#3630 = ORIENTED_EDGE ( 'NONE', *, *, #560, .T. ) ;
#3631 = DIRECTION ( 'NONE',  ( 1.000000000000000000, 0.000000000000000000, 0.000000000000000000 ) ) ;
#3632 = VERTEX_POINT ( 'NONE', #385 ) ;
#3633 = DIRECTION ( 'NONE',  ( 0.000000000000000000, 1.000000000000000000, -0.000000000000000000 ) ) ;
#3634 = CYLINDRICAL_SURFACE ( 'NONE', #287, 0.0005905511811023211053 ) ;
#3635 = DIRECTION ( 'NONE',  ( 0.000000000000000000, 0.000000000000000000, 1.000000000000000000 ) ) ;
#3636 = EDGE_CURVE ( 'NONE', #1789, #5863, #6792, .T. ) ;
#3637 = EDGE_LOOP ( 'NONE', ( #3621, #7300, #1029, #2520 ) ) ;
#3638 = DIRECTION ( 'NONE',  ( -1.000000000000000000, 0.000000000000000000, 0.000000000000000000 ) ) ;
#3639 = EDGE_LOOP ( 'NONE', ( #6670, #2869, #5752, #1756 ) ) ;
#3640 = CARTESIAN_POINT ( 'NONE',  ( 0.1449999999999983802, -1.707404996040164512E-17, 0.3300000000000000155 ) ) ;
#3641 = LINE ( 'NONE', #5768, #1829 ) ;
#3642 = ORIENTED_EDGE ( 'NONE', *, *, #6165, .F. ) ;
#3643 = LINE ( 'NONE', #792, #3821 ) ;
#3644 = VERTEX_POINT ( 'NONE', #4470 ) ;
#3645 = ADVANCED_FACE ( 'NONE', ( #5029 ), #4995, .T. ) ;
#3646 = ORIENTED_EDGE ( 'NONE', *, *, #2336, .F. ) ;
#3647 = ORIENTED_EDGE ( 'NONE', *, *, #4477, .F. ) ;
#3648 = CARTESIAN_POINT ( 'NONE',  ( -0.1550000000000000544, -3.615130378819710002E-17, -0.1260000000000000009 ) ) ;
#3649 = EDGE_CURVE ( 'NONE', #4717, #2451, #1050, .T. ) ;
#3650 = VERTEX_POINT ( 'NONE', #7382 ) ;
#3651 = DIRECTION ( 'NONE',  ( 1.000000000000000000, -7.134924142987280985E-15, 0.000000000000000000 ) ) ;
#3652 = VERTEX_POINT ( 'NONE', #1410 ) ;
#3653 = AXIS2_PLACEMENT_3D ( 'NONE', #5895, #5302, #6017 ) ;
#3654 = CARTESIAN_POINT ( 'NONE',  ( -0.07500000000000002498, 0.2049999999999999045, -0.3250000000000000666 ) ) ;
#3655 = LINE ( 'NONE', #695, #810 ) ;
#3656 = CARTESIAN_POINT ( 'NONE',  ( 0.1449999999999999900, 0.1069094488188977315, -0.03000000000000002318 ) ) ;
#3657 = AXIS2_PLACEMENT_3D ( 'NONE', #2379, #4784, #5845 ) ;
#3658 = VERTEX_POINT ( 'NONE', #2143 ) ;
#3659 = ORIENTED_EDGE ( 'NONE', *, *, #6538, .F. ) ;
#3660 = FACE_OUTER_BOUND ( 'NONE', #1524, .T. ) ;
#3661 = PLANE ( 'NONE',  #7684 ) ;
#3662 = VERTEX_POINT ( 'NONE', #7489 ) ;
#3663 = ADVANCED_FACE ( 'NONE', ( #824 ), #2108, .T. ) ;
#3664 = ADVANCED_FACE ( 'NONE', ( #1518 ), #2068, .F. ) ;
#3665 = VECTOR ( 'NONE', #7582, 39.37007874015748143 ) ;
#3666 = PRODUCT_RELATED_PRODUCT_CATEGORY ( 'part', '', ( #4779 ) ) ;
#3667 = ORIENTED_EDGE ( 'NONE', *, *, #783, .F. ) ;
#3668 = DIRECTION ( 'NONE',  ( 0.000000000000000000, -0.9914448613738103822, -0.1305261922200518787 ) ) ;
#3669 = LINE ( 'NONE', #6990, #3909 ) ;
#3670 = PLANE ( 'NONE',  #4541 ) ;
#3671 = AXIS2_PLACEMENT_3D ( 'NONE', #1324, #3704, #6233 ) ;
#3672 = FILL_AREA_STYLE ('',( #632 ) ) ;
#3673 = EDGE_LOOP ( 'NONE', ( #104, #5384, #5279, #396 ) ) ;
#3674 = DIRECTION ( 'NONE',  ( 3.194114299349669345E-16, -1.000000000000000000, 0.000000000000000000 ) ) ;
#3675 = VECTOR ( 'NONE', #6864, 39.37007874015748143 ) ;
#3676 = CARTESIAN_POINT ( 'NONE',  ( -0.1444094488188976677, 0.1075000000000000122, 0.1300000000000000044 ) ) ;
#3677 = AXIS2_PLACEMENT_3D ( 'NONE', #3573, #5326, #2445 ) ;
#3678 = DIRECTION ( 'NONE',  ( 0.000000000000000000, -0.000000000000000000, -1.000000000000000000 ) ) ;
#3679 = CARTESIAN_POINT ( 'NONE',  ( 0.1444094488188976955, 0.1069094488188977315, 0.1300000000000000044 ) ) ;
#3680 = LINE ( 'NONE', #4278, #6339 ) ;
#3681 = VECTOR ( 'NONE', #5856, 39.37007874015748143 ) ;
#3682 = VERTEX_POINT ( 'NONE', #6315 ) ;
#3683 = DIRECTION ( 'NONE',  ( -4.994192100871497655E-15, 0.7071067811865504593, 0.7071067811865444641 ) ) ;
#3684 = CARTESIAN_POINT ( 'NONE',  ( -0.1444094488188976677, 0.1075000000000000122, 0.02999999999999998848 ) ) ;
#3685 = VERTEX_POINT ( 'NONE', #933 ) ;
#3686 = VERTEX_POINT ( 'NONE', #3307 ) ;
#3687 = EDGE_CURVE ( 'NONE', #420, #7580, #2423, .T. ) ;
#3688 = DIRECTION ( 'NONE',  ( 1.000000000000000000, 0.000000000000000000, 0.000000000000000000 ) ) ;
#3689 = VECTOR ( 'NONE', #4478, 39.37007874015748143 ) ;
#3690 = ORIENTED_EDGE ( 'NONE', *, *, #4168, .T. ) ;
#3691 = ORIENTED_EDGE ( 'NONE', *, *, #348, .T. ) ;
#3692 = LINE ( 'NONE', #4251, #3602 ) ;
#3693 = ORIENTED_EDGE ( 'NONE', *, *, #5262, .F. ) ;
#3694 = CARTESIAN_POINT ( 'NONE',  ( 0.1449999999999984357, 0.004000000000000162280, 0.02999999999999998848 ) ) ;
#3695 = LINE ( 'NONE', #5012, #2051 ) ;
#3696 = EDGE_CURVE ( 'NONE', #3686, #1882, #4256, .T. ) ;
#3697 = PRESENTATION_LAYER_ASSIGNMENT (  '', '', ( #7724 ) ) ;
#3698 = DIRECTION ( 'NONE',  ( -0.000000000000000000, -0.000000000000000000, -1.000000000000000000 ) ) ;
#3699 = VECTOR ( 'NONE', #2050, 39.37007874015748143 ) ;
#3700 =( NAMED_UNIT ( * ) SI_UNIT ( $, .STERADIAN. ) SOLID_ANGLE_UNIT ( ) );
#3701 = ORIENTED_EDGE ( 'NONE', *, *, #3726, .F. ) ;
#3702 = VERTEX_POINT ( 'NONE', #7714 ) ;
#3703 = CARTESIAN_POINT ( 'NONE',  ( 0.1449999999999996014, 0.04495472440944935089, -0.1290452755905511506 ) ) ;
#3704 = DIRECTION ( 'NONE',  ( -0.000000000000000000, 0.000000000000000000, 1.000000000000000000 ) ) ;
#3705 = EDGE_LOOP ( 'NONE', ( #2163, #3068, #5517, #3569, #4265, #3626, #7285, #33, #6636, #297 ) ) ;
#3706 = VECTOR ( 'NONE', #2201, 39.37007874015748143 ) ;
#3707 = AXIS2_PLACEMENT_3D ( 'NONE', #4150, #4666, #6404 ) ;
#3708 = VERTEX_POINT ( 'NONE', #6982 ) ;
#3709 = CARTESIAN_POINT ( 'NONE',  ( 0.1249999999999999584, 0.2099999999999999090, -0.3628221439731660336 ) ) ;
#3710 = DIRECTION ( 'NONE',  ( 1.533174863687841128E-14, 1.000000000000000000, 0.000000000000000000 ) ) ;
#3711 = DIRECTION ( 'NONE',  ( 0.000000000000000000, 0.000000000000000000, 1.000000000000000000 ) ) ;
#3712 =( GEOMETRIC_REPRESENTATION_CONTEXT ( 3 ) GLOBAL_UNCERTAINTY_ASSIGNED_CONTEXT ( ( #863 ) ) GLOBAL_UNIT_ASSIGNED_CONTEXT ( ( #2676, #380, #3894 ) ) REPRESENTATION_CONTEXT ( 'NONE', 'WORKASPACE' ) );
#3713 = LINE ( 'NONE', #6128, #6090 ) ;
#3714 = ORIENTED_EDGE ( 'NONE', *, *, #4192, .F. ) ;
#3715 = ADVANCED_FACE ( 'NONE', ( #652 ), #5949, .F. ) ;
#3716 = CARTESIAN_POINT ( 'NONE',  ( 0.1444094488188976677, 0.1175000000000000488, -0.3300000000000000155 ) ) ;
#3717 = DIRECTION ( 'NONE',  ( -1.000000000000000000, -7.035477150404849144E-15, -1.521184922305145727E-18 ) ) ;
#3718 = DIRECTION ( 'NONE',  ( 0.000000000000000000, 0.000000000000000000, 1.000000000000000000 ) ) ;
#3719 = DIRECTION ( 'NONE',  ( -7.062854202149022777E-15, 1.000000000000000000, 0.000000000000000000 ) ) ;
#3720 = LINE ( 'NONE', #2001, #1093 ) ;
#3721 = VECTOR ( 'NONE', #283, 39.37007874015748143 ) ;
#3722 = VECTOR ( 'NONE', #2293, 39.37007874015748143 ) ;
#3723 = VECTOR ( 'NONE', #4216, 39.37007874015748143 ) ;
#3724 = LINE ( 'NONE', #680, #5458 ) ;
#3725 = AXIS2_PLACEMENT_3D ( 'NONE', #2998, #4861, #6509 ) ;
#3726 = EDGE_CURVE ( 'NONE', #17, #6160, #2365, .T. ) ;
#3727 = DIRECTION ( 'NONE',  ( -1.000000000000000000, 6.829619984160659821E-15, 0.000000000000000000 ) ) ;
#3728 = EDGE_LOOP ( 'NONE', ( #2986, #6166, #5281, #302 ) ) ;
#3729 = LINE ( 'NONE', #1272, #7611 ) ;
#3730 = VERTEX_POINT ( 'NONE', #5368 ) ;
#3731 = CARTESIAN_POINT ( 'NONE',  ( -7.791098234355730168E-21, 0.1981889763779526581, -0.3628221439731659781 ) ) ;
#3732 = VECTOR ( 'NONE', #1366, 39.37007874015748143 ) ;
#3733 = EDGE_LOOP ( 'NONE', ( #7017, #4266, #6242, #2531 ) ) ;
#3734 = CARTESIAN_POINT ( 'NONE',  ( 0.1550000000000000544, -1.707404996040164512E-17, 0.3300000000000000155 ) ) ;
#3735 = CARTESIAN_POINT ( 'NONE',  ( -0.1449999999999983802, -1.707404996040164512E-17, 0.2740000000000000213 ) ) ;
#3736 = CARTESIAN_POINT ( 'NONE',  ( -0.1449999999999996014, 0.04495472440944935089, 0.3709547244094488216 ) ) ;
#3737 = ORIENTED_EDGE ( 'NONE', *, *, #80, .F. ) ;
#3738 = ORIENTED_EDGE ( 'NONE', *, *, #482, .T. ) ;
#3739 = CARTESIAN_POINT ( 'NONE',  ( -0.1249999999999997641, 0.1175000000000000072, 0.3750000000000002220 ) ) ;
#3740 = CARTESIAN_POINT ( 'NONE',  ( -0.1249999999999997641, 0.1075000000000000122, -0.1300000000000000044 ) ) ;
#3741 = VERTEX_POINT ( 'NONE', #576 ) ;
#3742 = EDGE_CURVE ( 'NONE', #1072, #6179, #6035, .T. ) ;
#3743 = ORIENTED_EDGE ( 'NONE', *, *, #6022, .T. ) ;
#3744 = CARTESIAN_POINT ( 'NONE',  ( -0.1444094488188976955, 0.1069094488188977315, 0.07000000000000000666 ) ) ;
#3745 = DIRECTION ( 'NONE',  ( 1.000000000000000000, 6.829619984160659821E-15, -0.000000000000000000 ) ) ;
#3746 = DIRECTION ( 'NONE',  ( -2.708476655372787950E-16, -0.1305261922200518787, -0.9914448613738103822 ) ) ;
#3747 = CARTESIAN_POINT ( 'NONE',  ( 0.1449999999999999900, 0.1069094488188977315, -0.1700000000000000400 ) ) ;
#3748 = ORIENTED_EDGE ( 'NONE', *, *, #4718, .F. ) ;
#3749 = ADVANCED_FACE ( 'NONE', ( #5404 ), #69, .F. ) ;
#3750 = CARTESIAN_POINT ( 'NONE',  ( -0.1550000000000000266, 0.1069094488188977315, -0.1910000000000000309 ) ) ;
#3751 = EDGE_CURVE ( 'NONE', #3080, #6038, #4812, .T. ) ;
#3752 = DIRECTION ( 'NONE',  ( 1.000000000000000000, 0.000000000000000000, 0.000000000000000000 ) ) ;
#3753 = CARTESIAN_POINT ( 'NONE',  ( 0.1249999999999997641, 0.1075000000000000122, -0.3300000000000000155 ) ) ;
#3754 = CARTESIAN_POINT ( 'NONE',  ( -0.1449999999999996014, 0.04495472440944935089, 0.2709547244094488994 ) ) ;
#3755 = DIRECTION ( 'NONE',  ( 0.000000000000000000, 0.000000000000000000, 1.000000000000000000 ) ) ;
#3756 = EDGE_CURVE ( 'NONE', #61, #7177, #4132, .T. ) ;
#3757 = EDGE_CURVE ( 'NONE', #4970, #6497, #4856, .T. ) ;
#3758 = EDGE_CURVE ( 'NONE', #4805, #4568, #5797, .T. ) ;
#3759 = FACE_OUTER_BOUND ( 'NONE', #4932, .T. ) ;
#3760 = CARTESIAN_POINT ( 'NONE',  ( 0.1444094488188976955, 0.1069094488188977315, -0.1910000000000000309 ) ) ;
#3761 = ADVANCED_FACE ( 'NONE', ( #1748 ), #6583, .F. ) ;
#3762 = DIRECTION ( 'NONE',  ( -0.000000000000000000, 0.000000000000000000, 1.000000000000000000 ) ) ;
#3763 = VERTEX_POINT ( 'NONE', #1828 ) ;
#3764 = ORIENTED_EDGE ( 'NONE', *, *, #5658, .T. ) ;
#3765 = FACE_OUTER_BOUND ( 'NONE', #3639, .T. ) ;
#3766 = ORIENTED_EDGE ( 'NONE', *, *, #3823, .T. ) ;
#3767 = DIRECTION ( 'NONE',  ( -7.134924142987280985E-15, -1.000000000000000000, 0.000000000000000000 ) ) ;
#3768 = ORIENTED_EDGE ( 'NONE', *, *, #4580, .F. ) ;
#3769 = LINE ( 'NONE', #1907, #4320 ) ;
#3770 = PLANE ( 'NONE',  #7243 ) ;
#3771 = ORIENTED_EDGE ( 'NONE', *, *, #6235, .T. ) ;
#3772 = VERTEX_POINT ( 'NONE', #5997 ) ;
#3773 = CARTESIAN_POINT ( 'NONE',  ( 0.1444094488188976955, 0.1069094488188977315, -0.1300000000000000044 ) ) ;
#3774 = CARTESIAN_POINT ( 'NONE',  ( -0.07500000000000002498, 0.2049999999999999045, -0.3250000000000000666 ) ) ;
#3775 = ORIENTED_EDGE ( 'NONE', *, *, #1565, .F. ) ;
#3776 = VECTOR ( 'NONE', #1766, 39.37007874015748143 ) ;
#3777 = ORIENTED_EDGE ( 'NONE', *, *, #5561, .T. ) ;
#3778 = VECTOR ( 'NONE', #3424, 39.37007874015748143 ) ;
#3779 = LINE ( 'NONE', #379, #1813 ) ;
#3780 = CARTESIAN_POINT ( 'NONE',  ( -0.1450000000000000455, 0.1069094488188977315, -0.09100000000000003919 ) ) ;
#3781 = ADVANCED_FACE ( 'NONE', ( #2756 ), #2992, .F. ) ;
#3782 = CARTESIAN_POINT ( 'NONE',  ( 0.1249999999999997641, 0.1075000000000000122, -0.1300000000000000044 ) ) ;
#3783 = LINE ( 'NONE', #6164, #6130 ) ;
#3784 = CARTESIAN_POINT ( 'NONE',  ( -0.1249999999999997641, 0.1075000000000000122, -0.07000000000000000666 ) ) ;
#3785 = ORIENTED_EDGE ( 'NONE', *, *, #2189, .T. ) ;
#3786 = VECTOR ( 'NONE', #2703, 39.37007874015748143 ) ;
#3787 = CLOSED_SHELL ( 'NONE', ( #7157, #4248, #4548, #1501, #224, #2978, #5367, #860, #5587, #216, #1912, #3160, #7510, #368, #1555, #7271 ) ) ;
#3788 = CARTESIAN_POINT ( 'NONE',  ( 0.1550000000000000544, -3.615130378819710002E-17, -0.2260000000000000064 ) ) ;
#3789 = VERTEX_POINT ( 'NONE', #5174 ) ;
#3790 = CARTESIAN_POINT ( 'NONE',  ( 0.1250000000000013878, 0.004000000000001979403, -0.1300000000000000877 ) ) ;
#3791 = EDGE_CURVE ( 'NONE', #4130, #4994, #421, .T. ) ;
#3792 = CARTESIAN_POINT ( 'NONE',  ( 0.1444094488188976955, -1.707404996040164512E-17, -0.3090000000000000524 ) ) ;
#3793 = SURFACE_STYLE_USAGE ( .BOTH. , #830 ) ;
#3794 = DIRECTION ( 'NONE',  ( -0.000000000000000000, -0.000000000000000000, -1.000000000000000000 ) ) ;
#3795 = VECTOR ( 'NONE', #4944, 39.37007874015748143 ) ;
#3796 = AXIS2_PLACEMENT_3D ( 'NONE', #3744, #6161, #5570 ) ;
#3797 = ORIENTED_EDGE ( 'NONE', *, *, #793, .T. ) ;
#3798 = VECTOR ( 'NONE', #5440, 39.37007874015748143 ) ;
#3799 = DIRECTION ( 'NONE',  ( 0.000000000000000000, -0.000000000000000000, -1.000000000000000000 ) ) ;
#3800 = CARTESIAN_POINT ( 'NONE',  ( -0.1449999999999983524, -0.1299999999999999767, -0.2910000000000000364 ) ) ;
#3801 = EDGE_CURVE ( 'NONE', #6045, #5020, #4213, .T. ) ;
#3802 = VECTOR ( 'NONE', #926, 39.37007874015748143 ) ;
#3803 = VERTEX_POINT ( 'NONE', #2180 ) ;
#3804 = FACE_OUTER_BOUND ( 'NONE', #1587, .T. ) ;
#3805 = VECTOR ( 'NONE', #1613, 39.37007874015748143 ) ;
#3806 = ORIENTED_EDGE ( 'NONE', *, *, #5143, .F. ) ;
#3807 = CARTESIAN_POINT ( 'NONE',  ( 0.1444094488188976677, 0.1075000000000000122, 0.1300000000000000044 ) ) ;
#3808 = VERTEX_POINT ( 'NONE', #4586 ) ;
#3809 = ORIENTED_EDGE ( 'NONE', *, *, #2030, .F. ) ;
#3810 = CARTESIAN_POINT ( 'NONE',  ( 0.1449999999999983802, -1.707404996040164512E-17, 0.02999999999999998848 ) ) ;
#3811 = AXIS2_PLACEMENT_3D ( 'NONE', #2619, #5659, #833 ) ;
#3812 = LINE ( 'NONE', #3251, #4972 ) ;
#3813 = EDGE_LOOP ( 'NONE', ( #5510, #5019, #291, #4301 ) ) ;
#3814 = ORIENTED_EDGE ( 'NONE', *, *, #2256, .T. ) ;
#3815 = ORIENTED_EDGE ( 'NONE', *, *, #5167, .F. ) ;
#3816 = DIRECTION ( 'NONE',  ( 0.000000000000000000, 1.000000000000000000, -0.000000000000000000 ) ) ;
#3817 = DIRECTION ( 'NONE',  ( 1.000000000000000000, -6.829619984160659821E-15, 0.000000000000000000 ) ) ;
#3818 = ORIENTED_EDGE ( 'NONE', *, *, #138, .F. ) ;
#3819 = VECTOR ( 'NONE', #2730, 39.37007874015748143 ) ;
#3820 = AXIS2_PLACEMENT_3D ( 'NONE', #2464, #3633, #5421 ) ;
#3821 = VECTOR ( 'NONE', #2514, 39.37007874015748143 ) ;
#3822 = ORIENTED_EDGE ( 'NONE', *, *, #6415, .F. ) ;
#3823 = EDGE_CURVE ( 'NONE', #4401, #6020, #4731, .T. ) ;
#3824 = CARTESIAN_POINT ( 'NONE',  ( 0.1249999999999997641, 0.1175000000000000072, 0.2300000000000000377 ) ) ;
#3825 = EDGE_CURVE ( 'NONE', #6862, #4520, #6393, .T. ) ;
#3826 = DIRECTION ( 'NONE',  ( 0.000000000000000000, 1.000000000000000000, 0.000000000000000000 ) ) ;
#3827 = PLANE ( 'NONE',  #3151 ) ;
#3828 = FACE_OUTER_BOUND ( 'NONE', #2381, .T. ) ;
#3829 = STYLED_ITEM ( 'NONE', ( #915 ), #4031 ) ;
#3830 = ORIENTED_EDGE ( 'NONE', *, *, #1876, .T. ) ;
#3831 = AXIS2_PLACEMENT_3D ( 'NONE', #2759, #3836, #5730 ) ;
#3832 = ORIENTED_EDGE ( 'NONE', *, *, #4091, .F. ) ;
#3833 = FACE_OUTER_BOUND ( 'NONE', #2540, .T. ) ;
#3834 = CARTESIAN_POINT ( 'NONE',  ( -0.1444094488188976955, 0.1069094488188977315, -0.2300000000000000100 ) ) ;
#3835 = FACE_OUTER_BOUND ( 'NONE', #7346, .T. ) ;
#3836 = DIRECTION ( 'NONE',  ( 0.000000000000000000, 0.000000000000000000, 1.000000000000000000 ) ) ;
#3837 = CARTESIAN_POINT ( 'NONE',  ( -0.1444094488188976677, 0.1075000000000000122, -0.2700000000000000178 ) ) ;
#3838 = AXIS2_PLACEMENT_3D ( 'NONE', #4978, #4898, #6703 ) ;
#3839 = EDGE_CURVE ( 'NONE', #6662, #6044, #6712, .T. ) ;
#3840 = CARTESIAN_POINT ( 'NONE',  ( 0.1449999999999979639, -1.707404996040164512E-17, 0.07400000000000007960 ) ) ;
#3841 = LINE ( 'NONE', #6253, #5466 ) ;
#3842 = VECTOR ( 'NONE', #2773, 39.37007874015748854 ) ;
#3843 = DIRECTION ( 'NONE',  ( -0.000000000000000000, -0.000000000000000000, -1.000000000000000000 ) ) ;
#3844 = ORIENTED_EDGE ( 'NONE', *, *, #270, .F. ) ;
#3845 = DIRECTION ( 'NONE',  ( -1.000000000000000000, 0.000000000000000000, 0.000000000000000000 ) ) ;
#3846 = ORIENTED_EDGE ( 'NONE', *, *, #2679, .T. ) ;
#3847 = VERTEX_POINT ( 'NONE', #7431 ) ;
#3848 = AXIS2_PLACEMENT_3D ( 'NONE', #5731, #7682, #4546 ) ;
#3849 = DIRECTION ( 'NONE',  ( 0.000000000000000000, -0.000000000000000000, -1.000000000000000000 ) ) ;
#3850 = DIRECTION ( 'NONE',  ( -1.000000000000000000, 0.000000000000000000, 0.000000000000000000 ) ) ;
#3851 = DIRECTION ( 'NONE',  ( 1.000000000000000000, 1.759354438110327554E-15, 0.000000000000000000 ) ) ;
#3852 = EDGE_CURVE ( 'NONE', #1426, #4527, #1359, .T. ) ;
#3853 = VECTOR ( 'NONE', #3232, 39.37007874015748143 ) ;
#3854 = EDGE_LOOP ( 'NONE', ( #1096, #6547, #4635 ) ) ;
#3855 = ORIENTED_EDGE ( 'NONE', *, *, #7165, .T. ) ;
#3856 = LINE ( 'NONE', #886, #6622 ) ;
#3857 = EDGE_CURVE ( 'NONE', #3564, #5203, #2557, .T. ) ;
#3858 = DIRECTION ( 'NONE',  ( 1.000000000000000000, 0.000000000000000000, 7.036998335327214835E-15 ) ) ;
#3859 = ORIENTED_EDGE ( 'NONE', *, *, #2801, .F. ) ;
#3860 = EDGE_CURVE ( 'NONE', #1599, #2515, #3695, .T. ) ;
#3861 = VECTOR ( 'NONE', #956, 39.37007874015748143 ) ;
#3862 = CARTESIAN_POINT ( 'NONE',  ( 0.1550000000000000266, 0.1069094488188977315, 0.1300000000000000044 ) ) ;
#3863 = CARTESIAN_POINT ( 'NONE',  ( -0.1444094488188976677, 0.1075000000000000122, 0.2300000000000000377 ) ) ;
#3864 = EDGE_CURVE ( 'NONE', #5331, #6950, #7323, .T. ) ;
#3865 = CARTESIAN_POINT ( 'NONE',  ( 0.1550000000000000266, 0.1069094488188977315, 0.1089999999999999858 ) ) ;
#3866 = CARTESIAN_POINT ( 'NONE',  ( 0.1249999999999997641, 0.1175000000000000072, -0.1300000000000000044 ) ) ;
#3867 = CYLINDRICAL_SURFACE ( 'NONE', #2217, 0.01059055118110229995 ) ;
#3868 = ORIENTED_EDGE ( 'NONE', *, *, #2889, .F. ) ;
#3869 = DIRECTION ( 'NONE',  ( 1.000000000000000000, 0.000000000000000000, 0.000000000000000000 ) ) ;
#3870 = PLANE ( 'NONE',  #7448 ) ;
#3871 = DIRECTION ( 'NONE',  ( 0.000000000000000000, 0.000000000000000000, 1.000000000000000000 ) ) ;
#3872 = PRODUCT_CONTEXT ( 'NONE', #466, 'mechanical' ) ;
#3873 = LINE ( 'NONE', #2548, #7745 ) ;
#3874 = CARTESIAN_POINT ( 'NONE',  ( -0.1550000000000000544, 0.004000000000000009624, -0.1300000000000000877 ) ) ;
#3875 = SURFACE_STYLE_USAGE ( .BOTH. , #6330 ) ;
#3876 = ADVANCED_FACE ( 'NONE', ( #6776 ), #4896, .F. ) ;
#3877 = LINE ( 'NONE', #6402, #6549 ) ;
#3878 = LINE ( 'NONE', #6483, #3315 ) ;
#3879 = EDGE_CURVE ( 'NONE', #3256, #4130, #3409, .T. ) ;
#3880 = ORIENTED_EDGE ( 'NONE', *, *, #6293, .T. ) ;
#3881 = DIRECTION ( 'NONE',  ( 7.134924142987280985E-15, -1.000000000000000000, 0.000000000000000000 ) ) ;
#3882 = VERTEX_POINT ( 'NONE', #145 ) ;
#3883 = LINE ( 'NONE', #6290, #6187 ) ;
#3884 = PLANE ( 'NONE',  #7099 ) ;
#3885 = FACE_OUTER_BOUND ( 'NONE', #2491, .T. ) ;
#3886 = EDGE_CURVE ( 'NONE', #5857, #995, #5558, .T. ) ;
#3887 = ORIENTED_EDGE ( 'NONE', *, *, #3168, .F. ) ;
#3888 = ORIENTED_EDGE ( 'NONE', *, *, #7301, .T. ) ;
#3889 = DIRECTION ( 'NONE',  ( -1.000000000000000000, 0.000000000000000000, 0.000000000000000000 ) ) ;
#3890 = EDGE_LOOP ( 'NONE', ( #3659, #3809, #6692, #6996 ) ) ;
#3891 = CYLINDRICAL_SURFACE ( 'NONE', #5316, 0.01059055118110229995 ) ;
#3892 = VERTEX_POINT ( 'NONE', #1943 ) ;
#3893 = DIRECTION ( 'NONE',  ( -0.000000000000000000, 0.000000000000000000, -1.000000000000000000 ) ) ;
#3894 =( NAMED_UNIT ( * ) SI_UNIT ( $, .STERADIAN. ) SOLID_ANGLE_UNIT ( ) );
#3895 = CARTESIAN_POINT ( 'NONE',  ( 0.1249999999999997641, 0.1075000000000000122, 0.1700000000000000400 ) ) ;
#3896 = EDGE_CURVE ( 'NONE', #6968, #228, #1468, .T. ) ;
#3897 = VECTOR ( 'NONE', #94, 39.37007874015748143 ) ;
#3898 = DIRECTION ( 'NONE',  ( 0.000000000000000000, 1.000000000000000000, 0.000000000000000000 ) ) ;
#3899 = EDGE_CURVE ( 'NONE', #4330, #5867, #2048, .T. ) ;
#3900 = PLANE ( 'NONE',  #3096 ) ;
#3901 = ORIENTED_EDGE ( 'NONE', *, *, #4007, .T. ) ;
#3902 = CIRCLE ( 'NONE', #1530, 0.0005905511811023039749 ) ;
#3903 = DIRECTION ( 'NONE',  ( 0.000000000000000000, 0.000000000000000000, 1.000000000000000000 ) ) ;
#3904 = ORIENTED_EDGE ( 'NONE', *, *, #3456, .F. ) ;
#3905 = CARTESIAN_POINT ( 'NONE',  ( -0.1550000000000000266, 0.1069094488188977315, -0.09100000000000003919 ) ) ;
#3906 = DIRECTION ( 'NONE',  ( 1.000000000000000000, 0.000000000000000000, 0.000000000000000000 ) ) ;
#3907 = CARTESIAN_POINT ( 'NONE',  ( -0.1249999999999997641, 0.1175000000000000072, -0.2700000000000000178 ) ) ;
#3908 = ADVANCED_FACE ( 'NONE', ( #2523 ), #262, .F. ) ;
#3909 = VECTOR ( 'NONE', #6087, 39.37007874015748143 ) ;
#3910 = DIRECTION ( 'NONE',  ( 0.000000000000000000, 0.000000000000000000, 1.000000000000000000 ) ) ;
#3911 = VECTOR ( 'NONE', #5680, 39.37007874015748143 ) ;
#3912 =( NAMED_UNIT ( * ) SI_UNIT ( $, .STERADIAN. ) SOLID_ANGLE_UNIT ( ) );
#3913 = CARTESIAN_POINT ( 'NONE',  ( 0.1549999999999992772, -1.707404996040164512E-17, -0.2910000000000000364 ) ) ;
#3914 = CARTESIAN_POINT ( 'NONE',  ( 0.1249999999999997641, 0.1175000000000000072, -0.2300000000000000100 ) ) ;
#3915 = ORIENTED_EDGE ( 'NONE', *, *, #403, .T. ) ;
#3916 = LINE ( 'NONE', #6407, #4186 ) ;
#3917 = ORIENTED_EDGE ( 'NONE', *, *, #4245, .F. ) ;
#3918 = AXIS2_PLACEMENT_3D ( 'NONE', #5218, #2879, #1758 ) ;
#3919 = VERTEX_POINT ( 'NONE', #4410 ) ;
#3920 = EDGE_CURVE ( 'NONE', #7402, #5943, #2630, .T. ) ;
#3921 = FACE_OUTER_BOUND ( 'NONE', #2291, .T. ) ;
#3922 = LINE ( 'NONE', #2705, #3706 ) ;
#3923 = VECTOR ( 'NONE', #346, 39.37007874015748143 ) ;
#3924 = DIRECTION ( 'NONE',  ( -0.000000000000000000, -0.000000000000000000, -1.000000000000000000 ) ) ;
#3925 = AXIS2_PLACEMENT_3D ( 'NONE', #2593, #3140, #3108 ) ;
#3926 = VECTOR ( 'NONE', #5595, 39.37007874015748143 ) ;
#3927 = ORIENTED_EDGE ( 'NONE', *, *, #4347, .T. ) ;
#3928 = EDGE_LOOP ( 'NONE', ( #4786, #470, #3180, #6616 ) ) ;
#3929 = CARTESIAN_POINT ( 'NONE',  ( -0.1550000000000000544, -1.707404996040164512E-17, -0.2090000000000000191 ) ) ;
#3930 = ORIENTED_EDGE ( 'NONE', *, *, #4357, .F. ) ;
#3931 = CARTESIAN_POINT ( 'NONE',  ( -0.1550000000000000266, 0.1069094488188977315, 0.2300000000000000377 ) ) ;
#3932 = ORIENTED_EDGE ( 'NONE', *, *, #7499, .F. ) ;
#3933 = AXIS2_PLACEMENT_3D ( 'NONE', #1185, #4200, #6609 ) ;
#3934 = EDGE_CURVE ( 'NONE', #5221, #1026, #688, .T. ) ;
#3935 = PLANE ( 'NONE',  #4440 ) ;
#3936 = DIRECTION ( 'NONE',  ( 0.000000000000000000, 1.000000000000000000, -0.000000000000000000 ) ) ;
#3937 = CYLINDRICAL_SURFACE ( 'NONE', #7551, 0.01059055118110229995 ) ;
#3938 = VECTOR ( 'NONE', #7613, 39.37007874015748143 ) ;
#3939 = CARTESIAN_POINT ( 'NONE',  ( -0.1444094488188976955, 0.1069094488188977315, -0.03000000000000002318 ) ) ;
#3940 = FACE_OUTER_BOUND ( 'NONE', #2624, .T. ) ;
#3941 = ORIENTED_EDGE ( 'NONE', *, *, #4360, .F. ) ;
#3942 = DIRECTION ( 'NONE',  ( -1.000000000000000000, 0.000000000000000000, 0.000000000000000000 ) ) ;
#3943 = LINE ( 'NONE', #6911, #426 ) ;
#3944 = LINE ( 'NONE', #2804, #5795 ) ;
#3945 = STYLED_ITEM ( 'NONE', ( #4517 ), #4237 ) ;
#3946 = VECTOR ( 'NONE', #6367, 39.37007874015748143 ) ;
#3947 = CARTESIAN_POINT ( 'NONE',  ( 0.1444094488188976955, 0.1069094488188977315, -0.03000000000000002318 ) ) ;
#3948 = EDGE_CURVE ( 'NONE', #4260, #6133, #7360, .T. ) ;
#3949 = EDGE_LOOP ( 'NONE', ( #22, #1392, #7485, #1722 ) ) ;
#3950 = AXIS2_PLACEMENT_3D ( 'NONE', #483, #1059, #4792 ) ;
#3951 = DIRECTION ( 'NONE',  ( 0.000000000000000000, 0.000000000000000000, 1.000000000000000000 ) ) ;
#3952 =( CONVERSION_BASED_UNIT ( 'INCH', #4370 ) LENGTH_UNIT ( ) NAMED_UNIT ( #2768 ) );
#3953 = DIRECTION ( 'NONE',  ( -0.000000000000000000, -0.000000000000000000, -1.000000000000000000 ) ) ;
#3954 = CARTESIAN_POINT ( 'NONE',  ( 0.1250000000000014433, 1.933782298325171402E-15, -0.3260000000000000120 ) ) ;
#3955 = FACE_OUTER_BOUND ( 'NONE', #642, .T. ) ;
#3956 = EDGE_CURVE ( 'NONE', #5331, #7314, #3769, .T. ) ;
#3957 = ORIENTED_EDGE ( 'NONE', *, *, #5167, .T. ) ;
#3958 = CARTESIAN_POINT ( 'NONE',  ( 0.1449999999999983802, -1.707404996040164512E-17, -0.02600000000000000921 ) ) ;
#3959 = STYLED_ITEM ( 'NONE', ( #2953 ), #6842 ) ;
#3960 = ORIENTED_EDGE ( 'NONE', *, *, #3037, .T. ) ;
#3961 = EDGE_LOOP ( 'NONE', ( #6085, #2395, #5319, #1228, #2701, #1591, #5497, #7527, #1775, #4759 ) ) ;
#3962 = CARTESIAN_POINT ( 'NONE',  ( -0.1449999999999991573, 0.004000000000000079881, 0.2699999999999999067 ) ) ;
#3963 = FACE_OUTER_BOUND ( 'NONE', #2495, .T. ) ;
#3964 = ORIENTED_EDGE ( 'NONE', *, *, #710, .F. ) ;
#3965 = CARTESIAN_POINT ( 'NONE',  ( 0.1249999999999997641, 0.1175000000000000072, 0.1300000000000000044 ) ) ;
#3966 = VECTOR ( 'NONE', #5407, 39.37007874015748143 ) ;
#3967 = ORIENTED_EDGE ( 'NONE', *, *, #4585, .F. ) ;
#3968 = ORIENTED_EDGE ( 'NONE', *, *, #1630, .T. ) ;
#3969 = LINE ( 'NONE', #407, #3861 ) ;
#3970 = ORIENTED_EDGE ( 'NONE', *, *, #2855, .T. ) ;
#3971 = CARTESIAN_POINT ( 'NONE',  ( -0.1449999999999983802, -1.707404996040164512E-17, 0.1089999999999999858 ) ) ;
#3972 = VECTOR ( 'NONE', #7307, 39.37007874015748143 ) ;
#3973 = AXIS2_PLACEMENT_3D ( 'NONE', #4217, #7720, #6545 ) ;
#3974 = CARTESIAN_POINT ( 'NONE',  ( 0.1444094488188976677, 0.1075000000000000122, 0.2699999999999999623 ) ) ;
#3975 = CARTESIAN_POINT ( 'NONE',  ( -0.1444094488188976955, 0.1069094488188977315, 0.3089999999999999414 ) ) ;
#3976 = CARTESIAN_POINT ( 'NONE',  ( -0.1449999999999991573, 0.004000000000000079881, 0.06999999999999993727 ) ) ;
#3977 = DIRECTION ( 'NONE',  ( -4.973757961760255702E-15, 0.7071067811865445751, -0.7071067811865505703 ) ) ;
#3978 = UNCERTAINTY_MEASURE_WITH_UNIT (LENGTH_MEASURE( 1.000000000000000082E-05 ), #7085, 'distance_accuracy_value', 'NONE');
#3979 = CARTESIAN_POINT ( 'NONE',  ( -0.1444094488188976677, 0.1075000000000000122, -0.3300000000000000155 ) ) ;
#3980 = ORIENTED_EDGE ( 'NONE', *, *, #5072, .T. ) ;
#3981 = VECTOR ( 'NONE', #6180, 39.37007874015748143 ) ;
#3982 = DIMENSIONAL_EXPONENTS ( 1.000000000000000000, 0.000000000000000000, 0.000000000000000000, 0.000000000000000000, 0.000000000000000000, 0.000000000000000000, 0.000000000000000000 ) ;
#3983 = DIRECTION ( 'NONE',  ( -1.000000000000000000, 0.000000000000000000, 0.000000000000000000 ) ) ;
#3984 = FACE_OUTER_BOUND ( 'NONE', #2772, .T. ) ;
#3985 = DIRECTION ( 'NONE',  ( 1.000000000000000000, 0.000000000000000000, -0.000000000000000000 ) ) ;
#3986 =( NAMED_UNIT ( * ) SI_UNIT ( $, .STERADIAN. ) SOLID_ANGLE_UNIT ( ) );
#3987 = EDGE_CURVE ( 'NONE', #4441, #4426, #729, .T. ) ;
#3988 = EDGE_CURVE ( 'NONE', #5041, #4845, #6185, .T. ) ;
#3989 = DIRECTION ( 'NONE',  ( 0.000000000000000000, -0.7071067811865444641, 0.7071067811865504593 ) ) ;
#3990 = LINE ( 'NONE', #1573, #1200 ) ;
#3991 = LINE ( 'NONE', #1057, #5178 ) ;
#3992 = PLANE ( 'NONE',  #903 ) ;
#3993 = CARTESIAN_POINT ( 'NONE',  ( -0.1549999999999983336, -0.1300000000000000600, -0.1090000000000000135 ) ) ;
#3994 = DIRECTION ( 'NONE',  ( 1.000000000000000000, -6.829619984160659821E-15, 0.000000000000000000 ) ) ;
#3995 = EDGE_CURVE ( 'NONE', #991, #3658, #6852, .T. ) ;
#3996 = ORIENTED_EDGE ( 'NONE', *, *, #7028, .T. ) ;
#3997 = DIRECTION ( 'NONE',  ( 0.000000000000000000, -0.000000000000000000, -1.000000000000000000 ) ) ;
#3998 = EDGE_CURVE ( 'NONE', #3000, #7060, #4296, .T. ) ;
#3999 = VERTEX_POINT ( 'NONE', #3182 ) ;
#4000 = DIRECTION ( 'NONE',  ( 0.000000000000000000, 0.000000000000000000, 1.000000000000000000 ) ) ;
#4001 = DIRECTION ( 'NONE',  ( -0.000000000000000000, -0.000000000000000000, -1.000000000000000000 ) ) ;
#4002 = EDGE_LOOP ( 'NONE', ( #6146, #4911, #1145, #107 ) ) ;
#4003 = CARTESIAN_POINT ( 'NONE',  ( 0.1550000000000000266, 0.1069094488188977315, -0.03000000000000002318 ) ) ;
#4004 = ORIENTED_EDGE ( 'NONE', *, *, #4914, .T. ) ;
#4005 = ORIENTED_EDGE ( 'NONE', *, *, #1189, .T. ) ;
#4006 = CARTESIAN_POINT ( 'NONE',  ( -0.1550000000000000544, 0.004000000000000009624, -0.2300000000000000655 ) ) ;
#4007 = EDGE_CURVE ( 'NONE', #1400, #5161, #4957, .T. ) ;
#4008 = VERTEX_POINT ( 'NONE', #6413 ) ;
#4009 = DIRECTION ( 'NONE',  ( 1.000000000000000000, -7.033955965482544985E-15, 0.000000000000000000 ) ) ;
#4010 = DIRECTION ( 'NONE',  ( 0.000000000000000000, 0.000000000000000000, 1.000000000000000000 ) ) ;
#4011 = FACE_OUTER_BOUND ( 'NONE', #4404, .T. ) ;
#4012 = LINE ( 'NONE', #501, #2541 ) ;
#4013 = DIRECTION ( 'NONE',  ( 1.000000000000000000, 0.000000000000000000, 0.000000000000000000 ) ) ;
#4014 = CARTESIAN_POINT ( 'NONE',  ( 0.1444094488188976955, 0.1069094488188977315, 0.2300000000000000377 ) ) ;
#4015 = ORIENTED_EDGE ( 'NONE', *, *, #4629, .T. ) ;
#4016 = EDGE_CURVE ( 'NONE', #3346, #648, #2123, .T. ) ;
#4017 = FACE_OUTER_BOUND ( 'NONE', #3583, .T. ) ;
#4018 = DIRECTION ( 'NONE',  ( 1.000000000000000000, 6.829619984160659821E-15, -0.000000000000000000 ) ) ;
#4019 = CARTESIAN_POINT ( 'NONE',  ( 0.1444094488188969738, 0.004000000000000131922, -0.07000000000000000666 ) ) ;
#4020 = AXIS2_PLACEMENT_3D ( 'NONE', #3127, #4396, #3678 ) ;
#4021 = LINE ( 'NONE', #6437, #702 ) ;
#4022 = ADVANCED_FACE ( 'NONE', ( #370 ), #7001, .F. ) ;
#4023 = CARTESIAN_POINT ( 'NONE',  ( -0.1250000000000000278, 0.1075000000000000122, -0.3750000000000001110 ) ) ;
#4024 = DIRECTION ( 'NONE',  ( 0.000000000000000000, -0.000000000000000000, -1.000000000000000000 ) ) ;
#4025 = CARTESIAN_POINT ( 'NONE',  ( -0.1449999999999983802, -1.707404996040164512E-17, 0.02999999999999998848 ) ) ;
#4026 = VECTOR ( 'NONE', #1886, 39.37007874015748143 ) ;
#4027 = CARTESIAN_POINT ( 'NONE',  ( 0.1550000000000000266, 0.1069094488188977315, -0.07000000000000000666 ) ) ;
#4028 = DIRECTION ( 'NONE',  ( -0.000000000000000000, -0.000000000000000000, -1.000000000000000000 ) ) ;
#4029 = ORIENTED_EDGE ( 'NONE', *, *, #67, .T. ) ;
#4030 = LINE ( 'NONE', #1771, #2302 ) ;
#4031 = MANIFOLD_SOLID_BREP ( 'LPattern1[11]', #5566 ) ;
#4032 = VERTEX_POINT ( 'NONE', #2740 ) ;
#4033 = ORIENTED_EDGE ( 'NONE', *, *, #6646, .T. ) ;
#4034 = VECTOR ( 'NONE', #6506, 39.37007874015748143 ) ;
#4035 = CLOSED_SHELL ( 'NONE', ( #6904, #1276, #4492, #981, #3663, #6835, #2820, #3576, #4349, #747, #3082, #1657, #7488, #5097, #5735, #5554 ) ) ;
#4036 = CARTESIAN_POINT ( 'NONE',  ( 0.1550000000000000544, -1.707404996040164512E-17, -0.009000000000000027076 ) ) ;
#4037 =( NAMED_UNIT ( * ) SI_UNIT ( $, .STERADIAN. ) SOLID_ANGLE_UNIT ( ) );
#4038 = VERTEX_POINT ( 'NONE', #4639 ) ;
#4039 = EDGE_CURVE ( 'NONE', #4250, #7038, #5777, .T. ) ;
#4040 = CARTESIAN_POINT ( 'NONE',  ( -0.1444094488188976955, 0.1069094488188977315, 0.1300000000000000044 ) ) ;
#4041 = EDGE_LOOP ( 'NONE', ( #7002, #6178, #4530, #1878 ) ) ;
#4042 = ORIENTED_EDGE ( 'NONE', *, *, #6963, .T. ) ;
#4043 = DIRECTION ( 'NONE',  ( 1.000000000000000000, 0.000000000000000000, 0.000000000000000000 ) ) ;
#4044 = ORIENTED_EDGE ( 'NONE', *, *, #4204, .F. ) ;
#4045 = CARTESIAN_POINT ( 'NONE',  ( 0.1449999999999983802, -1.707404996040164512E-17, -0.1700000000000000400 ) ) ;
#4046 = EDGE_CURVE ( 'NONE', #691, #3568, #6891, .T. ) ;
#4047 = AXIS2_PLACEMENT_3D ( 'NONE', #3010, #6683, #3752 ) ;
#4048 = AXIS2_PLACEMENT_3D ( 'NONE', #5637, #6112, #5599 ) ;
#4049 = DIRECTION ( 'NONE',  ( -4.994192100871497655E-15, 0.7071067811865504593, 0.7071067811865444641 ) ) ;
#4050 = CARTESIAN_POINT ( 'NONE',  ( -0.1449999999999983802, -1.707404996040164512E-17, -0.2300000000000000100 ) ) ;
#4051 = CARTESIAN_POINT ( 'NONE',  ( 0.1249999999999997641, 0.1175000000000000072, -0.07000000000000000666 ) ) ;
#4052 = DIRECTION ( 'NONE',  ( 7.062854202149022777E-15, -1.000000000000000000, 0.000000000000000000 ) ) ;
#4053 = FACE_OUTER_BOUND ( 'NONE', #5102, .T. ) ;
#4054 = VERTEX_POINT ( 'NONE', #3249 ) ;
#4055 = AXIS2_PLACEMENT_3D ( 'NONE', #2858, #3478, #1688 ) ;
#4056 = ADVANCED_FACE ( 'NONE', ( #5086 ), #3884, .F. ) ;
#4057 = EDGE_CURVE ( 'NONE', #6497, #2010, #4849, .T. ) ;
#4058 = EDGE_LOOP ( 'NONE', ( #7180, #4926, #422, #3859 ) ) ;
#4059 = PLANE ( 'NONE',  #6446 ) ;
#4060 = AXIS2_PLACEMENT_3D ( 'NONE', #4398, #6689, #719 ) ;
#4061 = LINE ( 'NONE', #1048, #4299 ) ;
#4062 = LINE ( 'NONE', #938, #2096 ) ;
#4063 = CARTESIAN_POINT ( 'NONE',  ( -0.1449999999999999900, 0.1069094488188977315, -0.03000000000000002318 ) ) ;
#4064 = ORIENTED_EDGE ( 'NONE', *, *, #3696, .T. ) ;
#4065 = AXIS2_PLACEMENT_3D ( 'NONE', #4399, #2620, #6730 ) ;
#4066 = AXIS2_PLACEMENT_3D ( 'NONE', #5277, #4802, #7195 ) ;
#4067 = FILL_AREA_STYLE ('',( #1726 ) ) ;
#4068 = CARTESIAN_POINT ( 'NONE',  ( -0.1549999999999983336, -0.1300000000000000600, 0.1910000000000000309 ) ) ;
#4069 = DIRECTION ( 'NONE',  ( -7.134924142987280985E-15, 1.000000000000000000, -0.000000000000000000 ) ) ;
#4070 = DIRECTION ( 'NONE',  ( -1.000000000000000000, 0.000000000000000000, 0.000000000000000000 ) ) ;
#4071 = LINE ( 'NONE', #1647, #6593 ) ;
#4072 = ORIENTED_EDGE ( 'NONE', *, *, #4088, .F. ) ;
#4073 = PLANE ( 'NONE',  #4444 ) ;
#4074 = ADVANCED_FACE ( 'NONE', ( #3963 ), #6338, .F. ) ;
#4075 = VECTOR ( 'NONE', #5154, 39.37007874015748143 ) ;
#4076 = VECTOR ( 'NONE', #7107, 39.37007874015748854 ) ;
#4077 = ORIENTED_EDGE ( 'NONE', *, *, #6697, .T. ) ;
#4078 = CARTESIAN_POINT ( 'NONE',  ( -0.1449999999999983524, -0.1299999999999999767, 0.1089999999999999858 ) ) ;
#4079 = ORIENTED_EDGE ( 'NONE', *, *, #4843, .T. ) ;
#4080 = LINE ( 'NONE', #1820, #5216 ) ;
#4081 = VECTOR ( 'NONE', #1595, 39.37007874015748143 ) ;
#4082 = EDGE_LOOP ( 'NONE', ( #1910, #2622, #1325, #2599 ) ) ;
#4083 = ORIENTED_EDGE ( 'NONE', *, *, #647, .T. ) ;
#4084 = DIRECTION ( 'NONE',  ( 0.000000000000000000, -0.7071067811865444641, 0.7071067811865504593 ) ) ;
#4085 = ORIENTED_EDGE ( 'NONE', *, *, #6303, .F. ) ;
#4086 = FACE_OUTER_BOUND ( 'NONE', #3890, .T. ) ;
#4087 = EDGE_CURVE ( 'NONE', #4260, #3892, #3922, .T. ) ;
#4088 = EDGE_CURVE ( 'NONE', #3064, #3256, #5669, .T. ) ;
#4089 = DIRECTION ( 'NONE',  ( -5.045153244757943312E-15, -0.7071067811865504593, -0.7071067811865444641 ) ) ;
#4090 = DIRECTION ( 'NONE',  ( -1.533174863687841128E-14, 1.000000000000000000, 0.000000000000000000 ) ) ;
#4091 = EDGE_CURVE ( 'NONE', #3247, #5917, #2664, .T. ) ;
#4092 = FACE_OUTER_BOUND ( 'NONE', #3285, .T. ) ;
#4093 = AXIS2_PLACEMENT_3D ( 'NONE', #2033, #831, #6796 ) ;
#4094 = DIRECTION ( 'NONE',  ( -0.000000000000000000, -0.000000000000000000, -1.000000000000000000 ) ) ;
#4095 = VERTEX_POINT ( 'NONE', #5429 ) ;
#4096 = FACE_OUTER_BOUND ( 'NONE', #5905, .T. ) ;
#4097 = CARTESIAN_POINT ( 'NONE',  ( 0.1449999999999983802, -1.707404996040164512E-17, 0.1300000000000000044 ) ) ;
#4098 = ORIENTED_EDGE ( 'NONE', *, *, #3395, .T. ) ;
#4099 = EDGE_CURVE ( 'NONE', #3060, #6933, #1454, .T. ) ;
#4100 = AXIS2_PLACEMENT_3D ( 'NONE', #7638, #2253, #5171 ) ;
#4101 = VERTEX_POINT ( 'NONE', #6491 ) ;
#4102 = VECTOR ( 'NONE', #1405, 39.37007874015748143 ) ;
#4103 = ADVANCED_FACE ( 'NONE', ( #5937 ), #4201, .T. ) ;
#4104 = DIRECTION ( 'NONE',  ( 1.000000000000000000, 6.829619984160659821E-15, -0.000000000000000000 ) ) ;
#4105 = CARTESIAN_POINT ( 'NONE',  ( 0.1444094488188976955, 0.1069094488188977315, 0.1089999999999999858 ) ) ;
#4106 = CARTESIAN_POINT ( 'NONE',  ( 0.1449999999999983802, -1.707404996040164512E-17, 0.1700000000000000400 ) ) ;
#4107 = VECTOR ( 'NONE', #4302, 39.37007874015748143 ) ;
#4108 = ORIENTED_EDGE ( 'NONE', *, *, #2199, .T. ) ;
#4109 = DIRECTION ( 'NONE',  ( -1.000000000000000000, 0.000000000000000000, 2.731847993664266177E-16 ) ) ;
#4110 = VERTEX_POINT ( 'NONE', #3440 ) ;
#4111 = FACE_OUTER_BOUND ( 'NONE', #2134, .T. ) ;
#4112 = DIRECTION ( 'NONE',  ( 0.000000000000000000, -0.000000000000000000, -1.000000000000000000 ) ) ;
#4113 = DIRECTION ( 'NONE',  ( 0.000000000000000000, 1.000000000000000000, -0.000000000000000000 ) ) ;
#4114 = CARTESIAN_POINT ( 'NONE',  ( 0.1444094488188976677, 0.1075000000000000122, 0.2300000000000000377 ) ) ;
#4115 = LINE ( 'NONE', #6368, #3805 ) ;
#4116 = VERTEX_POINT ( 'NONE', #6024 ) ;
#4117 = DIRECTION ( 'NONE',  ( -1.000000000000000000, 7.062854202149022777E-15, 0.000000000000000000 ) ) ;
#4118 = MANIFOLD_SOLID_BREP ( 'LPattern1[2]', #4942 ) ;
#4119 = ORIENTED_EDGE ( 'NONE', *, *, #4574, .T. ) ;
#4120 = CARTESIAN_POINT ( 'NONE',  ( -0.1250000000000014433, 1.933782298325171402E-15, -0.2260000000000000064 ) ) ;
#4121 = CARTESIAN_POINT ( 'NONE',  ( 0.1444094488188976955, 0.1069094488188977315, 0.3300000000000000155 ) ) ;
#4122 = VERTEX_POINT ( 'NONE', #5862 ) ;
#4123 = EDGE_CURVE ( 'NONE', #1517, #5992, #4763, .T. ) ;
#4124 = CARTESIAN_POINT ( 'NONE',  ( 0.1449999999999983524, -0.1299999999999999767, 0.008999999999999959421 ) ) ;
#4125 = ORIENTED_EDGE ( 'NONE', *, *, #165, .F. ) ;
#4126 = ORIENTED_EDGE ( 'NONE', *, *, #2927, .T. ) ;
#4127 = DIRECTION ( 'NONE',  ( -1.000000000000000000, 0.000000000000000000, 0.000000000000000000 ) ) ;
#4128 = EDGE_LOOP ( 'NONE', ( #6341, #7037, #531, #2822 ) ) ;
#4129 = CARTESIAN_POINT ( 'NONE',  ( -0.1444094488188976677, 0.1075000000000000122, 0.2699999999999999623 ) ) ;
#4130 = VERTEX_POINT ( 'NONE', #7155 ) ;
#4131 = MANIFOLD_SOLID_BREP ( 'LPattern1[12]', #7556 ) ;
#4132 = LINE ( 'NONE', #4772, #5190 ) ;
#4133 = EDGE_CURVE ( 'NONE', #7391, #6968, #1186, .T. ) ;
#4134 = LINE ( 'NONE', #534, #3417 ) ;
#4135 = CARTESIAN_POINT ( 'NONE',  ( 0.1444094488188976955, 0.1069094488188977315, 0.07000000000000000666 ) ) ;
#4136 = LINE ( 'NONE', #1751, #2286 ) ;
#4137 = DIRECTION ( 'NONE',  ( -1.000000000000000000, 0.000000000000000000, 0.000000000000000000 ) ) ;
#4138 = ORIENTED_EDGE ( 'NONE', *, *, #2249, .F. ) ;
#4139 = DIRECTION ( 'NONE',  ( -0.000000000000000000, -0.000000000000000000, -1.000000000000000000 ) ) ;
#4140 = CARTESIAN_POINT ( 'NONE',  ( 0.1549999999999983336, -0.1300000000000000600, 0.1089999999999999858 ) ) ;
#4141 = ORIENTED_EDGE ( 'NONE', *, *, #6523, .F. ) ;
#4142 = FACE_OUTER_BOUND ( 'NONE', #888, .T. ) ;
#4143 = ADVANCED_FACE ( 'NONE', ( #565 ), #681, .F. ) ;
#4144 = FACE_OUTER_BOUND ( 'NONE', #485, .T. ) ;
#4145 = DIRECTION ( 'NONE',  ( 0.000000000000000000, 0.000000000000000000, 1.000000000000000000 ) ) ;
#4146 = ORIENTED_EDGE ( 'NONE', *, *, #4259, .F. ) ;
#4147 = LENGTH_MEASURE_WITH_UNIT ( LENGTH_MEASURE( 0.02539999999999999897 ), #7687 );
#4148 = ADVANCED_FACE ( 'NONE', ( #3206 ), #5545, .F. ) ;
#4149 = CYLINDRICAL_SURFACE ( 'NONE', #3653, 0.01059055118110229995 ) ;
#4150 = CARTESIAN_POINT ( 'NONE',  ( -0.1444094488188976955, 0.1069094488188977315, 0.2090000000000000191 ) ) ;
#4151 = DIRECTION ( 'NONE',  ( -0.000000000000000000, -0.000000000000000000, -1.000000000000000000 ) ) ;
#4152 = CIRCLE ( 'NONE', #402, 0.03500000000000003803 ) ;
#4153 = ORIENTED_EDGE ( 'NONE', *, *, #4469, .T. ) ;
#4154 = DIRECTION ( 'NONE',  ( -1.000000000000000000, 7.062854202149022777E-15, 0.000000000000000000 ) ) ;
#4155 = ORIENTED_EDGE ( 'NONE', *, *, #1027, .T. ) ;
#4156 = CARTESIAN_POINT ( 'NONE',  ( -0.1250000000000013878, 0.004000000000001979403, 0.2699999999999999067 ) ) ;
#4157 = EDGE_CURVE ( 'NONE', #3708, #3342, #3059, .T. ) ;
#4158 = AXIS2_PLACEMENT_3D ( 'NONE', #2500, #2537, #2574 ) ;
#4159 = EDGE_LOOP ( 'NONE', ( #192, #2825, #3996, #4457 ) ) ;
#4160 = ORIENTED_EDGE ( 'NONE', *, *, #6157, .F. ) ;
#4161 = CARTESIAN_POINT ( 'NONE',  ( -0.1449999999999983802, -1.707404996040164512E-17, -0.1700000000000000400 ) ) ;
#4162 = ORIENTED_EDGE ( 'NONE', *, *, #6485, .F. ) ;
#4163 = EDGE_LOOP ( 'NONE', ( #5200, #1446, #1703, #1107 ) ) ;
#4164 = DIRECTION ( 'NONE',  ( -0.000000000000000000, -0.000000000000000000, -1.000000000000000000 ) ) ;
#4165 = VERTEX_POINT ( 'NONE', #834 ) ;
#4166 = DIRECTION ( 'NONE',  ( 0.000000000000000000, 0.000000000000000000, 1.000000000000000000 ) ) ;
#4167 = VECTOR ( 'NONE', #2536, 39.37007874015748854 ) ;
#4168 = EDGE_CURVE ( 'NONE', #6044, #4054, #6212, .T. ) ;
#4169 = DIRECTION ( 'NONE',  ( 0.000000000000000000, 0.000000000000000000, 1.000000000000000000 ) ) ;
#4170 = CARTESIAN_POINT ( 'NONE',  ( -0.1449999999999983524, -0.1299999999999999767, -0.09100000000000003919 ) ) ;
#4171 = LINE ( 'NONE', #6586, #1716 ) ;
#4172 = FACE_OUTER_BOUND ( 'NONE', #5185, .T. ) ;
#4173 = DIRECTION ( 'NONE',  ( -1.000000000000000000, -7.035477150404849144E-15, -1.521184922305145727E-18 ) ) ;
#4174 = CARTESIAN_POINT ( 'NONE',  ( 0.1449999999999983524, -0.1299999999999999767, -0.09100000000000003919 ) ) ;
#4175 = EDGE_LOOP ( 'NONE', ( #7159, #5819, #5594, #2481 ) ) ;
#4176 = EDGE_CURVE ( 'NONE', #1284, #1659, #7277, .T. ) ;
#4177 = VECTOR ( 'NONE', #156, 39.37007874015748143 ) ;
#4178 = AXIS2_PLACEMENT_3D ( 'NONE', #7042, #4166, #3526 ) ;
#4179 = CARTESIAN_POINT ( 'NONE',  ( 0.1449999999999983524, -0.1299999999999999767, -0.1090000000000000135 ) ) ;
#4180 = MANIFOLD_SOLID_BREP ( 'LPattern1[6]', #791 ) ;
#4181 = DIRECTION ( 'NONE',  ( 0.000000000000000000, 0.000000000000000000, 1.000000000000000000 ) ) ;
#4182 = VECTOR ( 'NONE', #6463, 39.37007874015748143 ) ;
#4183 = AXIS2_PLACEMENT_3D ( 'NONE', #897, #2029, #6830 ) ;
#4184 = PRESENTATION_STYLE_ASSIGNMENT (( #5965 ) ) ;
#4185 = ORIENTED_EDGE ( 'NONE', *, *, #5644, .T. ) ;
#4186 = VECTOR ( 'NONE', #6288, 39.37007874015748143 ) ;
#4187 = LINE ( 'NONE', #129, #6841 ) ;
#4188 = ADVANCED_FACE ( 'NONE', ( #4242 ), #2586, .T. ) ;
#4189 = DIRECTION ( 'NONE',  ( 6.829619984160659821E-15, 1.000000000000000000, 0.000000000000000000 ) ) ;
#4190 = CARTESIAN_POINT ( 'NONE',  ( -0.1444094488188976955, 0.1069094488188977315, 0.2300000000000000377 ) ) ;
#4191 = LINE ( 'NONE', #1810, #4650 ) ;
#4192 = EDGE_CURVE ( 'NONE', #1043, #5992, #6174, .T. ) ;
#4193 = DIRECTION ( 'NONE',  ( 7.062854202149022777E-15, -1.000000000000000000, 0.000000000000000000 ) ) ;
#4194 = VECTOR ( 'NONE', #325, 39.37007874015748143 ) ;
#4195 = MANIFOLD_SOLID_BREP ( 'LPattern1[7]', #6306 ) ;
#4196 = EDGE_CURVE ( 'NONE', #420, #740, #2653, .T. ) ;
#4197 = ORIENTED_EDGE ( 'NONE', *, *, #313, .T. ) ;
#4198 = VECTOR ( 'NONE', #4921, 39.37007874015748143 ) ;
#4199 = VECTOR ( 'NONE', #3364, 39.37007874015748854 ) ;
#4200 = DIRECTION ( 'NONE',  ( 0.000000000000000000, -1.000000000000000000, -0.000000000000000000 ) ) ;
#4201 = PLANE ( 'NONE',  #2457 ) ;
#4202 = ORIENTED_EDGE ( 'NONE', *, *, #3039, .F. ) ;
#4203 = ORIENTED_EDGE ( 'NONE', *, *, #2741, .F. ) ;
#4204 = EDGE_CURVE ( 'NONE', #2656, #4945, #3641, .T. ) ;
#4205 = DIRECTION ( 'NONE',  ( 0.000000000000000000, 1.000000000000000000, -0.000000000000000000 ) ) ;
#4206 = VERTEX_POINT ( 'NONE', #6400 ) ;
#4207 = PRESENTATION_LAYER_ASSIGNMENT (  '', '', ( #6601 ) ) ;
#4208 = ORIENTED_EDGE ( 'NONE', *, *, #4099, .F. ) ;
#4209 = ORIENTED_EDGE ( 'NONE', *, *, #4254, .F. ) ;
#4210 = CARTESIAN_POINT ( 'NONE',  ( -0.1250000000000014433, 1.942319323305372256E-15, 0.02599999999999993983 ) ) ;
#4211 = ORIENTED_EDGE ( 'NONE', *, *, #5649, .T. ) ;
#4212 = CARTESIAN_POINT ( 'NONE',  ( 0.1550000000000000544, 0.004000000000000009624, 0.1699999999999999567 ) ) ;
#4213 = LINE ( 'NONE', #6623, #7200 ) ;
#4214 = DIRECTION ( 'NONE',  ( -1.000000000000000000, 0.000000000000000000, 0.000000000000000000 ) ) ;
#4215 = LINE ( 'NONE', #2329, #3582 ) ;
#4216 = DIRECTION ( 'NONE',  ( -0.000000000000000000, -0.000000000000000000, -1.000000000000000000 ) ) ;
#4217 = CARTESIAN_POINT ( 'NONE',  ( -0.1249999999999997641, 0.1175000000000000072, 0.3089999999999999414 ) ) ;
#4218 = CARTESIAN_POINT ( 'NONE',  ( 0.1250000000000014433, 1.942319323305372256E-15, -0.07400000000000005185 ) ) ;
#4219 = ORIENTED_EDGE ( 'NONE', *, *, #5, .T. ) ;
#4220 = CIRCLE ( 'NONE', #3838, 0.01999999999999999001 ) ;
#4221 = ORIENTED_EDGE ( 'NONE', *, *, #7701, .F. ) ;
#4222 = ORIENTED_EDGE ( 'NONE', *, *, #1979, .T. ) ;
#4223 = VECTOR ( 'NONE', #6030, 39.37007874015748143 ) ;
#4224 = CARTESIAN_POINT ( 'NONE',  ( 0.1444094488188976955, 0.1069094488188977315, 0.02999999999999998848 ) ) ;
#4225 = LINE ( 'NONE', #6640, #4665 ) ;
#4226 = AXIS2_PLACEMENT_3D ( 'NONE', #244, #639, #3015 ) ;
#4227 = ORIENTED_EDGE ( 'NONE', *, *, #2628, .T. ) ;
#4228 = CIRCLE ( 'NONE', #7255, 0.03500000000000003803 ) ;
#4229 = DIRECTION ( 'NONE',  ( 1.000000000000000000, 1.759354438110327554E-15, 0.000000000000000000 ) ) ;
#4230 = VERTEX_POINT ( 'NONE', #1495 ) ;
#4231 = DIRECTION ( 'NONE',  ( 0.000000000000000000, 1.000000000000000000, 0.000000000000000000 ) ) ;
#4232 = EDGE_CURVE ( 'NONE', #2735, #5786, #6989, .T. ) ;
#4233 = DIRECTION ( 'NONE',  ( -0.000000000000000000, -0.000000000000000000, -1.000000000000000000 ) ) ;
#4234 =( GEOMETRIC_REPRESENTATION_CONTEXT ( 3 ) GLOBAL_UNCERTAINTY_ASSIGNED_CONTEXT ( ( #1482 ) ) GLOBAL_UNIT_ASSIGNED_CONTEXT ( ( #4355, #5650, #1374 ) ) REPRESENTATION_CONTEXT ( 'NONE', 'WORKASPACE' ) );
#4235 = LINE ( 'NONE', #557, #1357 ) ;
#4236 = DIRECTION ( 'NONE',  ( -0.000000000000000000, -0.000000000000000000, -1.000000000000000000 ) ) ;
#4237 = MANIFOLD_SOLID_BREP ( 'Boss-Extrude6', #3275 ) ;
#4238 = EDGE_CURVE ( 'NONE', #3999, #5824, #3841, .T. ) ;
#4239 = ORIENTED_EDGE ( 'NONE', *, *, #1836, .T. ) ;
#4240 = VECTOR ( 'NONE', #179, 39.37007874015748143 ) ;
#4241 = DIRECTION ( 'NONE',  ( 0.000000000000000000, -0.000000000000000000, -1.000000000000000000 ) ) ;
#4242 = FACE_OUTER_BOUND ( 'NONE', #1280, .T. ) ;
#4243 = ORIENTED_EDGE ( 'NONE', *, *, #1088, .T. ) ;
#4244 = ORIENTED_EDGE ( 'NONE', *, *, #2687, .T. ) ;
#4245 = EDGE_CURVE ( 'NONE', #7653, #6469, #3990, .T. ) ;
#4246 = DIRECTION ( 'NONE',  ( -0.000000000000000000, -0.000000000000000000, -1.000000000000000000 ) ) ;
#4247 = ORIENTED_EDGE ( 'NONE', *, *, #1416, .T. ) ;
#4248 = ADVANCED_FACE ( 'NONE', ( #5660 ), #286, .F. ) ;
#4249 = ORIENTED_EDGE ( 'NONE', *, *, #596, .F. ) ;
#4250 = VERTEX_POINT ( 'NONE', #3280 ) ;
#4251 = CARTESIAN_POINT ( 'NONE',  ( 0.1450000000000000455, 0.1069094488188977315, 0.3089999999999999414 ) ) ;
#4252 = ORIENTED_EDGE ( 'NONE', *, *, #6629, .F. ) ;
#4253 = CARTESIAN_POINT ( 'NONE',  ( -0.1550000000000000266, 0.1069094488188977315, 0.2699999999999999623 ) ) ;
#4254 = EDGE_CURVE ( 'NONE', #2710, #451, #361, .T. ) ;
#4255 = ORIENTED_EDGE ( 'NONE', *, *, #854, .T. ) ;
#4256 = LINE ( 'NONE', #1239, #3798 ) ;
#4257 = CARTESIAN_POINT ( 'NONE',  ( -0.1449999999999983802, -1.707404996040164512E-17, 0.2300000000000000377 ) ) ;
#4258 = SURFACE_SIDE_STYLE ('',( #6037 ) ) ;
#4259 = EDGE_CURVE ( 'NONE', #5568, #1770, #5110, .T. ) ;
#4260 = VERTEX_POINT ( 'NONE', #3352 ) ;
#4261 = ORIENTED_EDGE ( 'NONE', *, *, #5843, .F. ) ;
#4262 = DIRECTION ( 'NONE',  ( 0.000000000000000000, -0.000000000000000000, -1.000000000000000000 ) ) ;
#4263 = CARTESIAN_POINT ( 'NONE',  ( 0.1444094488188976955, 0.1069094488188977315, 0.2090000000000000191 ) ) ;
#4264 = ORIENTED_EDGE ( 'NONE', *, *, #4123, .T. ) ;
#4265 = ORIENTED_EDGE ( 'NONE', *, *, #2573, .T. ) ;
#4266 = ORIENTED_EDGE ( 'NONE', *, *, #5212, .T. ) ;
#4267 = CARTESIAN_POINT ( 'NONE',  ( 0.1444094488188976955, 0.1069094488188977315, 0.02999999999999998848 ) ) ;
#4268 = FACE_OUTER_BOUND ( 'NONE', #5663, .T. ) ;
#4269 = LINE ( 'NONE', #4869, #5173 ) ;
#4270 = CARTESIAN_POINT ( 'NONE',  ( -0.1250000000000014433, 1.942319323305372256E-15, -0.07400000000000005185 ) ) ;
#4271 = VERTEX_POINT ( 'NONE', #7533 ) ;
#4272 = EDGE_CURVE ( 'NONE', #7103, #1517, #2149, .T. ) ;
#4273 = CARTESIAN_POINT ( 'NONE',  ( 0.1444094488188976955, 0.1069094488188977315, 0.2090000000000000191 ) ) ;
#4274 = ORIENTED_EDGE ( 'NONE', *, *, #3956, .T. ) ;
#4275 = DIRECTION ( 'NONE',  ( 0.000000000000000000, 1.000000000000000000, -0.000000000000000000 ) ) ;
#4276 = CARTESIAN_POINT ( 'NONE',  ( -0.1549999999999992772, -1.707404996040164512E-17, 0.3089999999999999414 ) ) ;
#4277 =( NAMED_UNIT ( * ) SI_UNIT ( $, .STERADIAN. ) SOLID_ANGLE_UNIT ( ) );
#4278 = CARTESIAN_POINT ( 'NONE',  ( -0.1449999999999995182, 0.03595472440944844084, -0.3619547244094487581 ) ) ;
#4279 = MANIFOLD_SOLID_BREP ( 'LPattern1[3]', #7186 ) ;
#4280 = ORIENTED_EDGE ( 'NONE', *, *, #3864, .T. ) ;
#4281 = ADVANCED_FACE ( 'NONE', ( #4111 ), #4753, .F. ) ;
#4282 = DIRECTION ( 'NONE',  ( 0.000000000000000000, -0.000000000000000000, -1.000000000000000000 ) ) ;
#4283 = PRESENTATION_STYLE_ASSIGNMENT (( #1895 ) ) ;
#4284 = EDGE_LOOP ( 'NONE', ( #2272, #1187, #3701, #4610 ) ) ;
#4285 = VERTEX_POINT ( 'NONE', #1132 ) ;
#4286 = VECTOR ( 'NONE', #1611, 39.37007874015748854 ) ;
#4287 = LINE ( 'NONE', #4328, #3561 ) ;
#4288 = VERTEX_POINT ( 'NONE', #515 ) ;
#4289 = ORIENTED_EDGE ( 'NONE', *, *, #2499, .T. ) ;
#4290 = DIRECTION ( 'NONE',  ( 0.000000000000000000, 1.000000000000000000, -0.000000000000000000 ) ) ;
#4291 = VERTEX_POINT ( 'NONE', #6561 ) ;
#4292 = DIRECTION ( 'NONE',  ( -0.000000000000000000, -0.000000000000000000, -1.000000000000000000 ) ) ;
#4293 = EDGE_LOOP ( 'NONE', ( #544, #5435, #1584, #3134 ) ) ;
#4294 = AXIS2_PLACEMENT_3D ( 'NONE', #2695, #6365, #4976 ) ;
#4295 = MANIFOLD_SOLID_BREP ( 'LPattern1[5]', #1039 ) ;
#4296 = LINE ( 'NONE', #6151, #6327 ) ;
#4297 = CARTESIAN_POINT ( 'NONE',  ( -0.1549999999999994993, 0.03595472440944842002, 0.2380452755905512752 ) ) ;
#4298 = DIRECTION ( 'NONE',  ( 1.000000000000000000, 0.000000000000000000, 0.000000000000000000 ) ) ;
#4299 = VECTOR ( 'NONE', #2257, 39.37007874015748143 ) ;
#4300 = VERTEX_POINT ( 'NONE', #3471 ) ;
#4301 = ORIENTED_EDGE ( 'NONE', *, *, #6949, .T. ) ;
#4302 = DIRECTION ( 'NONE',  ( -0.1294283079955639015, -0.9831056027603600755, 0.1294283079955639848 ) ) ;
#4303 = EDGE_CURVE ( 'NONE', #2155, #3644, #5972, .T. ) ;
#4304 = CARTESIAN_POINT ( 'NONE',  ( 0.1249999999999997641, 0.1175000000000000072, 0.1700000000000000400 ) ) ;
#4305 = VERTEX_POINT ( 'NONE', #7181 ) ;
#4306 = VECTOR ( 'NONE', #7648, 39.37007874015748143 ) ;
#4307 = VERTEX_POINT ( 'NONE', #2925 ) ;
#4308 = DIRECTION ( 'NONE',  ( 0.000000000000000000, 0.000000000000000000, 1.000000000000000000 ) ) ;
#4309 = LINE ( 'NONE', #6715, #182 ) ;
#4310 = DIRECTION ( 'NONE',  ( 1.000000000000000000, 0.000000000000000000, 0.000000000000000000 ) ) ;
#4311 = VECTOR ( 'NONE', #7550, 39.37007874015748143 ) ;
#4312 = DIRECTION ( 'NONE',  ( -1.000000000000000000, -0.000000000000000000, 2.731847993664263218E-16 ) ) ;
#4313 = CARTESIAN_POINT ( 'NONE',  ( -0.1550000000000000266, 0.1069094488188977315, 0.09099999999999999756 ) ) ;
#4314 = VERTEX_POINT ( 'NONE', #5346 ) ;
#4315 = EDGE_CURVE ( 'NONE', #2294, #3652, #1643, .T. ) ;
#4316 = EDGE_CURVE ( 'NONE', #4447, #4891, #1056, .T. ) ;
#4317 = CARTESIAN_POINT ( 'NONE',  ( 0.1449999999999984357, 0.004000000000000162280, -0.1700000000000000400 ) ) ;
#4318 = VECTOR ( 'NONE', #4956, 39.37007874015748143 ) ;
#4319 = PLANE ( 'NONE',  #6947 ) ;
#4320 = VECTOR ( 'NONE', #6701, 39.37007874015748143 ) ;
#4321 = DIRECTION ( 'NONE',  ( 4.975909242108299568E-15, 0.7071067811865505703, 0.7071067811865445751 ) ) ;
#4322 = DIRECTION ( 'NONE',  ( -0.000000000000000000, -0.000000000000000000, -1.000000000000000000 ) ) ;
#4323 = FACE_OUTER_BOUND ( 'NONE', #7313, .T. ) ;
#4324 = CIRCLE ( 'NONE', #5335, 0.0005905511811023039749 ) ;
#4325 = LINE ( 'NONE', #1894, #4578 ) ;
#4326 = ORIENTED_EDGE ( 'NONE', *, *, #6596, .T. ) ;
#4327 = ORIENTED_EDGE ( 'NONE', *, *, #2991, .F. ) ;
#4328 = CARTESIAN_POINT ( 'NONE',  ( 0.1549999999999994993, 0.03595472440944842002, 0.2380452755905512752 ) ) ;
#4329 = CIRCLE ( 'NONE', #3426, 0.03500000000000003803 ) ;
#4330 = VERTEX_POINT ( 'NONE', #47 ) ;
#4331 = ADVANCED_FACE ( 'NONE', ( #6204 ), #4875, .F. ) ;
#4332 = ORIENTED_EDGE ( 'NONE', *, *, #5991, .F. ) ;
#4333 = DIRECTION ( 'NONE',  ( 1.000000000000000000, 0.000000000000000000, -0.000000000000000000 ) ) ;
#4334 = EDGE_LOOP ( 'NONE', ( #6033, #4543, #5701, #5555 ) ) ;
#4335 = CARTESIAN_POINT ( 'NONE',  ( -0.1444094488188976677, 0.1075000000000000122, 0.07000000000000000666 ) ) ;
#4336 = VERTEX_POINT ( 'NONE', #4915 ) ;
#4337 = CARTESIAN_POINT ( 'NONE',  ( 0.1249999999999997641, 0.1075000000000000122, 0.008999999999999959421 ) ) ;
#4338 = FACE_OUTER_BOUND ( 'NONE', #2959, .T. ) ;
#4339 = AXIS2_PLACEMENT_3D ( 'NONE', #3062, #3762, #4965 ) ;
#4340 =( LENGTH_UNIT ( ) NAMED_UNIT ( * ) SI_UNIT ( $, .METRE. ) );
#4341 = EDGE_CURVE ( 'NONE', #4101, #6224, #7304, .T. ) ;
#4342 = ORIENTED_EDGE ( 'NONE', *, *, #3318, .T. ) ;
#4343 = VERTEX_POINT ( 'NONE', #713 ) ;
#4344 = LINE ( 'NONE', #3739, #4107 ) ;
#4345 = LINE ( 'NONE', #6746, #5689 ) ;
#4346 = ORIENTED_EDGE ( 'NONE', *, *, #2046, .T. ) ;
#4347 = EDGE_CURVE ( 'NONE', #3685, #4947, #6794, .T. ) ;
#4348 = EDGE_CURVE ( 'NONE', #3401, #1236, #1998, .T. ) ;
#4349 = ADVANCED_FACE ( 'NONE', ( #6169 ), #1924, .F. ) ;
#4350 = ORIENTED_EDGE ( 'NONE', *, *, #1889, .F. ) ;
#4351 = DIRECTION ( 'NONE',  ( -0.000000000000000000, 1.000000000000000000, -0.000000000000000000 ) ) ;
#4352 = FACE_OUTER_BOUND ( 'NONE', #5158, .T. ) ;
#4353 = LINE ( 'NONE', #6047, #5297 ) ;
#4354 = ADVANCED_FACE ( 'NONE', ( #5581 ), #4319, .F. ) ;
#4355 =( CONVERSION_BASED_UNIT ( 'INCH', #6198 ) LENGTH_UNIT ( ) NAMED_UNIT ( #1529 ) );
#4356 = PRESENTATION_LAYER_ASSIGNMENT (  '', '', ( #6861 ) ) ;
#4357 = EDGE_CURVE ( 'NONE', #6908, #3253, #1411, .T. ) ;
#4358 = DIRECTION ( 'NONE',  ( -4.994192100871497655E-15, 0.7071067811865504593, 0.7071067811865444641 ) ) ;
#4359 = ORIENTED_EDGE ( 'NONE', *, *, #4705, .F. ) ;
#4360 = EDGE_CURVE ( 'NONE', #7640, #4206, #6135, .T. ) ;
#4361 = DIRECTION ( 'NONE',  ( 0.000000000000000000, 0.000000000000000000, 1.000000000000000000 ) ) ;
#4362 = DIRECTION ( 'NONE',  ( -3.194114299349669345E-16, -1.000000000000000000, 0.000000000000000000 ) ) ;
#4363 = CARTESIAN_POINT ( 'NONE',  ( -7.791098234355730168E-21, 0.2099999999999999090, -0.3628221439731659781 ) ) ;
#4364 = DIRECTION ( 'NONE',  ( 0.000000000000000000, 1.000000000000000000, 0.000000000000000000 ) ) ;
#4365 = DIRECTION ( 'NONE',  ( 7.134924142987280985E-15, 1.000000000000000000, 0.000000000000000000 ) ) ;
#4366 = ORIENTED_EDGE ( 'NONE', *, *, #881, .F. ) ;
#4367 = VECTOR ( 'NONE', #2258, 39.37007874015748143 ) ;
#4368 = VECTOR ( 'NONE', #1710, 39.37007874015748854 ) ;
#4369 = DIRECTION ( 'NONE',  ( 4.994192100871455057E-15, -0.7071067811865444641, 0.7071067811865504593 ) ) ;
#4370 = LENGTH_MEASURE_WITH_UNIT ( LENGTH_MEASURE( 0.02539999999999999897 ), #219 );
#4371 = LINE ( 'NONE', #6732, #5345 ) ;
#4372 = VERTEX_POINT ( 'NONE', #3676 ) ;
#4373 = DIRECTION ( 'NONE',  ( -1.000000000000000000, -7.134924142987280985E-15, 0.000000000000000000 ) ) ;
#4374 = VERTEX_POINT ( 'NONE', #3092 ) ;
#4375 = PLANE ( 'NONE',  #2721 ) ;
#4376 = AXIS2_PLACEMENT_3D ( 'NONE', #5518, #4853, #7247 ) ;
#4377 = EDGE_CURVE ( 'NONE', #4568, #3564, #3126, .T. ) ;
#4378 = CARTESIAN_POINT ( 'NONE',  ( 0.1444094488188976955, 0.1069094488188977315, 0.07000000000000000666 ) ) ;
#4379 = CARTESIAN_POINT ( 'NONE',  ( -0.1449999999999983524, 4.274049269606410852E-17, 0.3259999999999999565 ) ) ;
#4380 = ORIENTED_EDGE ( 'NONE', *, *, #3636, .T. ) ;
#4381 = ORIENTED_EDGE ( 'NONE', *, *, #5013, .T. ) ;
#4382 = LINE ( 'NONE', #1323, #3732 ) ;
#4383 = DIRECTION ( 'NONE',  ( 0.000000000000000000, 1.000000000000000000, 0.000000000000000000 ) ) ;
#4384 = ORIENTED_EDGE ( 'NONE', *, *, #6355, .F. ) ;
#4385 = EDGE_CURVE ( 'NONE', #995, #7547, #5502, .T. ) ;
#4386 = ORIENTED_EDGE ( 'NONE', *, *, #4424, .T. ) ;
#4387 = DIRECTION ( 'NONE',  ( 1.000000000000000000, 0.000000000000000000, -3.642463991552348986E-16 ) ) ;
#4388 = DIRECTION ( 'NONE',  ( -0.000000000000000000, -1.000000000000000000, -0.000000000000000000 ) ) ;
#4389 = DIRECTION ( 'NONE',  ( 0.000000000000000000, -0.000000000000000000, -1.000000000000000000 ) ) ;
#4390 = DIRECTION ( 'NONE',  ( 0.000000000000000000, 0.7071067811865504593, 0.7071067811865444641 ) ) ;
#4391 = ORIENTED_EDGE ( 'NONE', *, *, #5601, .T. ) ;
#4392 = EDGE_LOOP ( 'NONE', ( #1157, #3435, #595, #1092 ) ) ;
#4393 = PLANE ( 'NONE',  #1937 ) ;
#4394 = EDGE_CURVE ( 'NONE', #6201, #6669, #1849, .T. ) ;
#4395 = CARTESIAN_POINT ( 'NONE',  ( 0.1444094488188976677, 0.1075000000000000122, 0.3089999999999999414 ) ) ;
#4396 = DIRECTION ( 'NONE',  ( 0.000000000000000000, -1.000000000000000000, 0.000000000000000000 ) ) ;
#4397 = CARTESIAN_POINT ( 'NONE',  ( 0.1249999999999997641, 0.1175000000000000072, -0.1910000000000000309 ) ) ;
#4398 = CARTESIAN_POINT ( 'NONE',  ( 0.1449999999999983802, -1.707404996040164512E-17, -0.07000000000000000666 ) ) ;
#4399 = CARTESIAN_POINT ( 'NONE',  ( -0.1249999999999997641, 0.1175000000000000072, 0.2090000000000000191 ) ) ;
#4400 = DIRECTION ( 'NONE',  ( 0.000000000000000000, 1.000000000000000000, 0.000000000000000000 ) ) ;
#4401 = VERTEX_POINT ( 'NONE', #7383 ) ;
#4402 = ORIENTED_EDGE ( 'NONE', *, *, #2830, .T. ) ;
#4403 = CARTESIAN_POINT ( 'NONE',  ( -0.1449999999999999900, 0.1069094488188977315, -0.07000000000000000666 ) ) ;
#4404 = EDGE_LOOP ( 'NONE', ( #885, #1250, #5079, #3844 ) ) ;
#4405 = DIRECTION ( 'NONE',  ( 1.000000000000000000, 0.000000000000000000, 0.000000000000000000 ) ) ;
#4406 = ORIENTED_EDGE ( 'NONE', *, *, #4899, .T. ) ;
#4407 = VERTEX_POINT ( 'NONE', #6723 ) ;
#4408 = EDGE_CURVE ( 'NONE', #24, #7263, #7270, .T. ) ;
#4409 = ADVANCED_FACE ( 'NONE', ( #6647 ), #1890, .F. ) ;
#4410 = CARTESIAN_POINT ( 'NONE',  ( -0.1444094488188976677, 0.1175000000000000488, 0.2300000000000000377 ) ) ;
#4411 = CARTESIAN_POINT ( 'NONE',  ( 0.1549999999999995826, 0.04495472440944931619, 0.1709547244094489216 ) ) ;
#4412 = ORIENTED_EDGE ( 'NONE', *, *, #4580, .T. ) ;
#4413 = EDGE_LOOP ( 'NONE', ( #227, #4119, #5061, #1044, #6857, #2142, #5476, #1365, #6958, #4146 ) ) ;
#4414 = DIRECTION ( 'NONE',  ( 1.000000000000000000, 0.000000000000000000, 0.000000000000000000 ) ) ;
#4415 = ADVANCED_FACE ( 'NONE', ( #6761 ), #1297, .F. ) ;
#4416 = DIRECTION ( 'NONE',  ( 0.000000000000000000, -0.000000000000000000, -1.000000000000000000 ) ) ;
#4417 = VECTOR ( 'NONE', #4834, 39.37007874015748143 ) ;
#4418 = VERTEX_POINT ( 'NONE', #3049 ) ;
#4419 = AXIS2_PLACEMENT_3D ( 'NONE', #900, #2758, #6247 ) ;
#4420 = LINE ( 'NONE', #7441, #3802 ) ;
#4421 = CARTESIAN_POINT ( 'NONE',  ( 0.1449999999999984357, 0.004000000000000162280, -0.2700000000000000178 ) ) ;
#4422 = CARTESIAN_POINT ( 'NONE',  ( -0.1449999999999983524, -0.1299999999999999767, 0.008999999999999959421 ) ) ;
#4423 = DIRECTION ( 'NONE',  ( 0.000000000000000000, -0.7071067811865444641, 0.7071067811865504593 ) ) ;
#4424 = EDGE_CURVE ( 'NONE', #2528, #1896, #5460, .T. ) ;
#4425 = CARTESIAN_POINT ( 'NONE',  ( 0.1449999999999999900, 0.1069094488188977315, -0.2700000000000000178 ) ) ;
#4426 = VERTEX_POINT ( 'NONE', #2110 ) ;
#4427 = AXIS2_PLACEMENT_3D ( 'NONE', #7669, #3452, #7598 ) ;
#4428 = DIRECTION ( 'NONE',  ( 0.000000000000000000, -0.000000000000000000, -1.000000000000000000 ) ) ;
#4429 = LINE ( 'NONE', #4511, #5814 ) ;
#4430 = CARTESIAN_POINT ( 'NONE',  ( 0.1549999999999994993, 0.03595472440944842002, 0.1380452755905513251 ) ) ;
#4431 = LINE ( 'NONE', #6837, #1858 ) ;
#4432 = VECTOR ( 'NONE', #2378, 39.37007874015748143 ) ;
#4433 = VECTOR ( 'NONE', #1009, 39.37007874015748143 ) ;
#4434 = DIRECTION ( 'NONE',  ( 0.000000000000000000, 0.000000000000000000, 1.000000000000000000 ) ) ;
#4435 = EDGE_CURVE ( 'NONE', #4827, #5716, #6318, .T. ) ;
#4436 =( NAMED_UNIT ( * ) PLANE_ANGLE_UNIT ( ) SI_UNIT ( $, .RADIAN. ) );
#4437 = EDGE_CURVE ( 'NONE', #4307, #966, #2725, .T. ) ;
#4438 = DIRECTION ( 'NONE',  ( -0.000000000000000000, -0.000000000000000000, -1.000000000000000000 ) ) ;
#4439 = EDGE_CURVE ( 'NONE', #4206, #3803, #934, .T. ) ;
#4440 = AXIS2_PLACEMENT_3D ( 'NONE', #858, #3229, #2059 ) ;
#4441 = VERTEX_POINT ( 'NONE', #1563 ) ;
#4442 = ORIENTED_EDGE ( 'NONE', *, *, #6111, .F. ) ;
#4443 = CARTESIAN_POINT ( 'NONE',  ( -0.1444094488188976955, 0.1069094488188977315, 0.008999999999999959421 ) ) ;
#4444 = AXIS2_PLACEMENT_3D ( 'NONE', #6719, #4636, #4796 ) ;
#4445 = ORIENTED_EDGE ( 'NONE', *, *, #2731, .F. ) ;
#4446 = DIRECTION ( 'NONE',  ( -0.000000000000000000, -0.000000000000000000, -1.000000000000000000 ) ) ;
#4447 = VERTEX_POINT ( 'NONE', #387 ) ;
#4448 = CARTESIAN_POINT ( 'NONE',  ( -0.1550000000000000544, -1.707404996040164512E-17, -0.009000000000000027076 ) ) ;
#4449 = EDGE_CURVE ( 'NONE', #2824, #469, #4429, .T. ) ;
#4450 = DIRECTION ( 'NONE',  ( -0.000000000000000000, -0.000000000000000000, -1.000000000000000000 ) ) ;
#4451 = AXIS2_PLACEMENT_3D ( 'NONE', #5427, #1857, #3058 ) ;
#4452 = FACE_OUTER_BOUND ( 'NONE', #7119, .T. ) ;
#4453 = ORIENTED_EDGE ( 'NONE', *, *, #5796, .T. ) ;
#4454 = VERTEX_POINT ( 'NONE', #248 ) ;
#4455 = CARTESIAN_POINT ( 'NONE',  ( -0.1444094488188976955, 0.1069094488188977315, -0.07000000000000000666 ) ) ;
#4456 = DIRECTION ( 'NONE',  ( 1.000000000000000000, -6.829619984160659821E-15, 0.000000000000000000 ) ) ;
#4457 = ORIENTED_EDGE ( 'NONE', *, *, #3857, .F. ) ;
#4458 = VECTOR ( 'NONE', #2463, 39.37007874015748143 ) ;
#4459 = VECTOR ( 'NONE', #5004, 39.37007874015748143 ) ;
#4460 = ORIENTED_EDGE ( 'NONE', *, *, #7309, .T. ) ;
#4461 = CARTESIAN_POINT ( 'NONE',  ( 0.1444094488188976955, 0.1069094488188977315, 0.2909999999999999809 ) ) ;
#4462 = CARTESIAN_POINT ( 'NONE',  ( -0.1550000000000000544, -1.707404996040164512E-17, 0.1300000000000000044 ) ) ;
#4463 = DIRECTION ( 'NONE',  ( 0.000000000000000000, 0.7071067811865504593, 0.7071067811865444641 ) ) ;
#4464 = CARTESIAN_POINT ( 'NONE',  ( 0.1550000000000000544, -1.707404996040164512E-17, -0.3090000000000000524 ) ) ;
#4465 = UNCERTAINTY_MEASURE_WITH_UNIT (LENGTH_MEASURE( 1.000000000000000082E-05 ), #392, 'distance_accuracy_value', 'NONE');
#4466 = VECTOR ( 'NONE', #2239, 39.37007874015748143 ) ;
#4467 = FACE_OUTER_BOUND ( 'NONE', #5336, .T. ) ;
#4468 = ORIENTED_EDGE ( 'NONE', *, *, #4931, .T. ) ;
#4469 = EDGE_CURVE ( 'NONE', #2592, #5786, #3943, .T. ) ;
#4470 = CARTESIAN_POINT ( 'NONE',  ( -0.1449999999999992684, -1.707404996040164512E-17, -0.2090000000000000191 ) ) ;
#4471 = VERTEX_POINT ( 'NONE', #1520 ) ;
#4472 = DIRECTION ( 'NONE',  ( 0.000000000000000000, 0.9914448613738103822, 0.1305261922200518787 ) ) ;
#4473 = AXIS2_PLACEMENT_3D ( 'NONE', #3975, #2750, #2832 ) ;
#4474 = DIRECTION ( 'NONE',  ( -1.000000000000000000, 0.000000000000000000, 0.000000000000000000 ) ) ;
#4475 = SHAPE_DEFINITION_REPRESENTATION ( #836, #898 ) ;
#4476 = CARTESIAN_POINT ( 'NONE',  ( -0.1250000000000000278, 0.01499999999999995955, -0.3628221439731659781 ) ) ;
#4477 = EDGE_CURVE ( 'NONE', #3401, #5201, #2144, .T. ) ;
#4478 = DIRECTION ( 'NONE',  ( -1.000000000000000000, -7.033955965482544985E-15, 0.000000000000000000 ) ) ;
#4479 = ADVANCED_FACE ( 'NONE', ( #6358 ), #1450, .F. ) ;
#4480 = LINE ( 'NONE', #2231, #5919 ) ;
#4481 = VECTOR ( 'NONE', #2648, 39.37007874015748143 ) ;
#4482 = PLANE ( 'NONE',  #3190 ) ;
#4483 = VERTEX_POINT ( 'NONE', #970 ) ;
#4484 = CIRCLE ( 'NONE', #1094, 0.0005905511811023039749 ) ;
#4485 = CARTESIAN_POINT ( 'NONE',  ( -0.1444094488188976955, 0.1069094488188977315, 0.3089999999999999414 ) ) ;
#4486 = ORIENTED_EDGE ( 'NONE', *, *, #7695, .T. ) ;
#4487 = EDGE_LOOP ( 'NONE', ( #4523, #4098, #1982, #5932 ) ) ;
#4488 = CIRCLE ( 'NONE', #4873, 0.0005905511811023039749 ) ;
#4489 = CARTESIAN_POINT ( 'NONE',  ( 0.1444094488188976955, -1.707404996040164512E-17, 0.2909999999999999809 ) ) ;
#4490 = ADVANCED_FACE ( 'NONE', ( #281 ), #6279, .F. ) ;
#4491 = CARTESIAN_POINT ( 'NONE',  ( -0.1449999999999983524, -0.1299999999999999767, -0.3090000000000000524 ) ) ;
#4492 = ADVANCED_FACE ( 'NONE', ( #7491 ), #7528, .F. ) ;
#4493 = CARTESIAN_POINT ( 'NONE',  ( 0.1249999999999997641, 0.1075000000000000122, 0.2699999999999999623 ) ) ;
#4494 =( GEOMETRIC_REPRESENTATION_CONTEXT ( 3 ) GLOBAL_UNCERTAINTY_ASSIGNED_CONTEXT ( ( #5880 ) ) GLOBAL_UNIT_ASSIGNED_CONTEXT ( ( #1597, #6906, #5682 ) ) REPRESENTATION_CONTEXT ( 'NONE', 'WORKASPACE' ) );
#4495 = ORIENTED_EDGE ( 'NONE', *, *, #1706, .F. ) ;
#4496 = EDGE_LOOP ( 'NONE', ( #3548, #1700, #734, #341 ) ) ;
#4497 = LINE ( 'NONE', #1544, #7386 ) ;
#4498 = ORIENTED_EDGE ( 'NONE', *, *, #694, .F. ) ;
#4499 = FACE_OUTER_BOUND ( 'NONE', #1680, .T. ) ;
#4500 = EDGE_CURVE ( 'NONE', #6006, #6406, #2615, .T. ) ;
#4501 = DIMENSIONAL_EXPONENTS ( 1.000000000000000000, 0.000000000000000000, 0.000000000000000000, 0.000000000000000000, 0.000000000000000000, 0.000000000000000000, 0.000000000000000000 ) ;
#4502 = ADVANCED_FACE ( 'NONE', ( #3984 ), #1603, .F. ) ;
#4503 = DIRECTION ( 'NONE',  ( -1.000000000000000000, -7.035477150404849144E-15, -1.521184922305145727E-18 ) ) ;
#4504 = CARTESIAN_POINT ( 'NONE',  ( -0.1444094488188969738, 0.004000000000000131922, -0.1700000000000000400 ) ) ;
#4505 = CARTESIAN_POINT ( 'NONE',  ( -0.1550000000000000544, 0.004000000000000009624, -0.3300000000000001266 ) ) ;
#4506 = LINE ( 'NONE', #1515, #4745 ) ;
#4507 = LINE ( 'NONE', #965, #1476 ) ;
#4508 = ORIENTED_EDGE ( 'NONE', *, *, #939, .F. ) ;
#4509 = CARTESIAN_POINT ( 'NONE',  ( 0.1550000000000000544, 0.004000000000000018298, -0.2700000000000000733 ) ) ;
#4510 = VERTEX_POINT ( 'NONE', #5031 ) ;
#4511 = CARTESIAN_POINT ( 'NONE',  ( -0.1449999999999996014, 0.04495472440944935089, 0.07095472440944886050 ) ) ;
#4512 = PLANE ( 'NONE',  #410 ) ;
#4513 =( LENGTH_UNIT ( ) NAMED_UNIT ( * ) SI_UNIT ( $, .METRE. ) );
#4514 = ADVANCED_FACE ( 'NONE', ( #2646 ), #7413, .F. ) ;
#4515 = ORIENTED_EDGE ( 'NONE', *, *, #3039, .T. ) ;
#4516 = DIRECTION ( 'NONE',  ( 1.000000000000000000, 0.000000000000000000, 0.000000000000000000 ) ) ;
#4517 = PRESENTATION_STYLE_ASSIGNMENT (( #3875 ) ) ;
#4518 = CARTESIAN_POINT ( 'NONE',  ( -0.1550000000000000266, 0.1069094488188977315, -0.1300000000000000044 ) ) ;
#4519 = CARTESIAN_POINT ( 'NONE',  ( -0.1444094488188976955, 0.1069094488188977315, 0.2090000000000000191 ) ) ;
#4520 = VERTEX_POINT ( 'NONE', #868 ) ;
#4521 = CARTESIAN_POINT ( 'NONE',  ( 0.1249999999999997641, 0.1175000000000000072, 0.1089999999999999858 ) ) ;
#4522 = ADVANCED_FACE ( 'NONE', ( #1488 ), #3236, .T. ) ;
#4523 = ORIENTED_EDGE ( 'NONE', *, *, #6485, .T. ) ;
#4524 = CARTESIAN_POINT ( 'NONE',  ( -0.1444094488188976677, 0.1075000000000000122, -0.3300000000000000155 ) ) ;
#4525 = CARTESIAN_POINT ( 'NONE',  ( 0.1550000000000000266, 0.1069094488188977315, 0.008999999999999959421 ) ) ;
#4526 = DIRECTION ( 'NONE',  ( -4.994192100871455057E-15, -0.7071067811865444641, 0.7071067811865504593 ) ) ;
#4527 = VERTEX_POINT ( 'NONE', #3270 ) ;
#4528 = ORIENTED_EDGE ( 'NONE', *, *, #3585, .T. ) ;
#4529 = LINE ( 'NONE', #6298, #1242 ) ;
#4530 = ORIENTED_EDGE ( 'NONE', *, *, #4564, .F. ) ;
#4531 = DIRECTION ( 'NONE',  ( 7.062854202149022777E-15, -1.000000000000000000, 0.000000000000000000 ) ) ;
#4532 = ORIENTED_EDGE ( 'NONE', *, *, #1469, .T. ) ;
#4533 = CARTESIAN_POINT ( 'NONE',  ( -0.1249999999999997641, 0.1075000000000000122, 0.3750000000000002220 ) ) ;
#4534 = PLANE ( 'NONE',  #550 ) ;
#4535 = ADVANCED_FACE ( 'NONE', ( #6874 ), #3870, .F. ) ;
#4536 = DIRECTION ( 'NONE',  ( -0.000000000000000000, 0.000000000000000000, 1.000000000000000000 ) ) ;
#4537 = VECTOR ( 'NONE', #6585, 39.37007874015748143 ) ;
#4538 = LINE ( 'NONE', #5135, #2223 ) ;
#4539 = CARTESIAN_POINT ( 'NONE',  ( -0.1449999999999983802, -1.707404996040164512E-17, -0.1260000000000000009 ) ) ;
#4540 = ORIENTED_EDGE ( 'NONE', *, *, #3934, .T. ) ;
#4541 = AXIS2_PLACEMENT_3D ( 'NONE', #1842, #3746, #3154 ) ;
#4542 = CARTESIAN_POINT ( 'NONE',  ( 0.1444094488188976955, 0.1069094488188977315, -0.2910000000000000364 ) ) ;
#4543 = ORIENTED_EDGE ( 'NONE', *, *, #5839, .F. ) ;
#4544 = CARTESIAN_POINT ( 'NONE',  ( 0.1249999999999997641, 0.1175000000000000072, -0.2910000000000000364 ) ) ;
#4545 = CARTESIAN_POINT ( 'NONE',  ( 0.1550000000000000266, 0.1069094488188977315, 0.3089999999999999414 ) ) ;
#4546 = DIRECTION ( 'NONE',  ( 0.000000000000000000, 0.000000000000000000, 1.000000000000000000 ) ) ;
#4547 = VECTOR ( 'NONE', #1403, 39.37007874015748143 ) ;
#4548 = ADVANCED_FACE ( 'NONE', ( #6394 ), #3381, .F. ) ;
#4549 = ORIENTED_EDGE ( 'NONE', *, *, #4057, .F. ) ;
#4550 = CARTESIAN_POINT ( 'NONE',  ( 0.1449999999999983524, -0.1299999999999999767, -0.09100000000000003919 ) ) ;
#4551 = VECTOR ( 'NONE', #5788, 39.37007874015748143 ) ;
#4552 = CARTESIAN_POINT ( 'NONE',  ( -0.1550000000000000266, 0.1069094488188977315, -0.2910000000000000364 ) ) ;
#4553 = CARTESIAN_POINT ( 'NONE',  ( -0.1444094488188976677, 0.1175000000000000488, -0.07000000000000000666 ) ) ;
#4554 = CARTESIAN_POINT ( 'NONE',  ( 0.1449999999999983802, -1.707404996040164512E-17, -0.07000000000000000666 ) ) ;
#4555 = LINE ( 'NONE', #1100, #2430 ) ;
#4556 = ORIENTED_EDGE ( 'NONE', *, *, #7445, .F. ) ;
#4557 = AXIS2_PLACEMENT_3D ( 'NONE', #342, #2055, #5674 ) ;
#4558 = CARTESIAN_POINT ( 'NONE',  ( -0.1250000000000014433, 1.942319323305372256E-15, -0.1740000000000000435 ) ) ;
#4559 = VECTOR ( 'NONE', #2296, 39.37007874015748143 ) ;
#4560 = AXIS2_PLACEMENT_3D ( 'NONE', #6385, #1001, #3369 ) ;
#4561 = ORIENTED_EDGE ( 'NONE', *, *, #4674, .T. ) ;
#4562 = DIRECTION ( 'NONE',  ( 1.000000000000000000, -7.033955965482544985E-15, 0.000000000000000000 ) ) ;
#4563 =( LENGTH_UNIT ( ) NAMED_UNIT ( * ) SI_UNIT ( $, .METRE. ) );
#4564 = EDGE_CURVE ( 'NONE', #6612, #3625, #1, .T. ) ;
#4565 = VECTOR ( 'NONE', #5718, 39.37007874015748143 ) ;
#4566 = DIRECTION ( 'NONE',  ( 0.000000000000000000, 0.000000000000000000, 1.000000000000000000 ) ) ;
#4567 = VECTOR ( 'NONE', #844, 39.37007874015748143 ) ;
#4568 = VERTEX_POINT ( 'NONE', #546 ) ;
#4569 = ORIENTED_EDGE ( 'NONE', *, *, #3860, .F. ) ;
#4570 = FACE_OUTER_BOUND ( 'NONE', #3609, .T. ) ;
#4571 = ORIENTED_EDGE ( 'NONE', *, *, #2435, .F. ) ;
#4572 = DIRECTION ( 'NONE',  ( 0.000000000000000000, 0.7071067811865504593, 0.7071067811865444641 ) ) ;
#4573 = VECTOR ( 'NONE', #2041, 39.37007874015748143 ) ;
#4574 = EDGE_CURVE ( 'NONE', #4471, #6488, #2917, .T. ) ;
#4575 = DIRECTION ( 'NONE',  ( -0.000000000000000000, -0.000000000000000000, -1.000000000000000000 ) ) ;
#4576 = CARTESIAN_POINT ( 'NONE',  ( 0.1444094488188976955, -1.707404996040164512E-17, -0.09100000000000003919 ) ) ;
#4577 = CARTESIAN_POINT ( 'NONE',  ( 0.1444094488188976955, 0.1069094488188977315, 0.2699999999999999623 ) ) ;
#4578 = VECTOR ( 'NONE', #4919, 39.37007874015748143 ) ;
#4579 = DIRECTION ( 'NONE',  ( 1.533174863687841128E-14, 1.000000000000000000, 0.000000000000000000 ) ) ;
#4580 = EDGE_CURVE ( 'NONE', #3658, #4291, #7052, .T. ) ;
#4581 = DIRECTION ( 'NONE',  ( 1.000000000000000000, 7.062854202149022777E-15, -0.000000000000000000 ) ) ;
#4582 = ORIENTED_EDGE ( 'NONE', *, *, #3879, .F. ) ;
#4583 = MECHANICAL_DESIGN_GEOMETRIC_PRESENTATION_REPRESENTATION (  '', ( #2318 ), #707 ) ;
#4584 = VECTOR ( 'NONE', #4598, 39.37007874015748143 ) ;
#4585 = EDGE_CURVE ( 'NONE', #4260, #3368, #3463, .T. ) ;
#4586 = CARTESIAN_POINT ( 'NONE',  ( 0.1449999999999983524, -0.1299999999999999767, -0.09100000000000003919 ) ) ;
#4587 = ORIENTED_EDGE ( 'NONE', *, *, #1416, .F. ) ;
#4588 = EDGE_CURVE ( 'NONE', #4804, #7333, #2960, .T. ) ;
#4589 = CARTESIAN_POINT ( 'NONE',  ( -0.1249999999999997641, 0.1075000000000000122, -0.3300000000000000155 ) ) ;
#4590 = EDGE_CURVE ( 'NONE', #7639, #5126, #7018, .T. ) ;
#4591 = CARTESIAN_POINT ( 'NONE',  ( -0.1444094488188976955, 0.1069094488188977315, -0.03000000000000002318 ) ) ;
#4592 = AXIS2_PLACEMENT_3D ( 'NONE', #6691, #6654, #2004 ) ;
#4593 = FILL_AREA_STYLE_COLOUR ( '', #4736 ) ;
#4594 = CARTESIAN_POINT ( 'NONE',  ( -0.1450000000000000178, 0.1069094488188977315, -0.1910000000000000309 ) ) ;
#4595 = DIRECTION ( 'NONE',  ( 0.000000000000000000, -0.000000000000000000, -1.000000000000000000 ) ) ;
#4596 = LINE ( 'NONE', #1610, #3157 ) ;
#4597 = CARTESIAN_POINT ( 'NONE',  ( 0.1249999999999997641, 0.1075000000000000122, 0.2090000000000000191 ) ) ;
#4598 = DIRECTION ( 'NONE',  ( 1.000000000000000000, 6.829619984160659821E-15, -0.000000000000000000 ) ) ;
#4599 = PLANE ( 'NONE',  #2797 ) ;
#4600 = EDGE_LOOP ( 'NONE', ( #6080, #42, #661, #5632, #5172, #2412, #5434, #7469 ) ) ;
#4601 = DIRECTION ( 'NONE',  ( 1.000000000000000000, 0.000000000000000000, -0.000000000000000000 ) ) ;
#4602 = AXIS2_PLACEMENT_3D ( 'NONE', #5406, #6742, #4298 ) ;
#4603 = ORIENTED_EDGE ( 'NONE', *, *, #7730, .T. ) ;
#4604 = CARTESIAN_POINT ( 'NONE',  ( -0.1449999999999983802, -1.707404996040164512E-17, 0.07000000000000000666 ) ) ;
#4605 = VECTOR ( 'NONE', #4726, 39.37007874015748143 ) ;
#4606 = DIRECTION ( 'NONE',  ( -7.134924142987280985E-15, 1.000000000000000000, -0.000000000000000000 ) ) ;
#4607 = ORIENTED_EDGE ( 'NONE', *, *, #5796, .F. ) ;
#4608 = CARTESIAN_POINT ( 'NONE',  ( -0.1444094488188976677, 0.1175000000000000488, 0.02999999999999998848 ) ) ;
#4609 = ORIENTED_EDGE ( 'NONE', *, *, #7429, .F. ) ;
#4610 = ORIENTED_EDGE ( 'NONE', *, *, #1308, .F. ) ;
#4611 = DIRECTION ( 'NONE',  ( -1.000000000000000000, 1.759354438110327554E-15, 0.000000000000000000 ) ) ;
#4612 = ORIENTED_EDGE ( 'NONE', *, *, #5132, .T. ) ;
#4613 = CARTESIAN_POINT ( 'NONE',  ( 0.1550000000000000266, 0.1069094488188977315, 0.02999999999999998848 ) ) ;
#4614 = MECHANICAL_DESIGN_GEOMETRIC_PRESENTATION_REPRESENTATION (  '', ( #239 ), #7618 ) ;
#4615 = EDGE_CURVE ( 'NONE', #1026, #6655, #506, .T. ) ;
#4616 = PRESENTATION_LAYER_ASSIGNMENT (  '', '', ( #246 ) ) ;
#4617 = CARTESIAN_POINT ( 'NONE',  ( 0.1449999999999983524, -0.1299999999999999767, 0.1910000000000000309 ) ) ;
#4618 = LINE ( 'NONE', #4504, #97 ) ;
#4619 = CARTESIAN_POINT ( 'NONE',  ( -0.1549999999999995826, 0.04495472440944931619, 0.2709547244094489549 ) ) ;
#4620 = DIRECTION ( 'NONE',  ( 5.045153244757900714E-15, 0.7071067811865444641, -0.7071067811865504593 ) ) ;
#4621 = DIRECTION ( 'NONE',  ( 0.000000000000000000, -0.000000000000000000, -1.000000000000000000 ) ) ;
#4622 = ORIENTED_EDGE ( 'NONE', *, *, #2224, .T. ) ;
#4623 = ADVANCED_FACE ( 'NONE', ( #4699 ), #2337, .T. ) ;
#4624 = AXIS2_PLACEMENT_3D ( 'NONE', #2093, #3403, #2826 ) ;
#4625 = CARTESIAN_POINT ( 'NONE',  ( 0.1250000000000014433, 1.942319323305372256E-15, -0.2740000000000000768 ) ) ;
#4626 = LINE ( 'NONE', #1128, #2769 ) ;
#4627 = SURFACE_SIDE_STYLE ('',( #5889 ) ) ;
#4628 = ORIENTED_EDGE ( 'NONE', *, *, #2061, .F. ) ;
#4629 = EDGE_CURVE ( 'NONE', #919, #4441, #3500, .T. ) ;
#4630 = CARTESIAN_POINT ( 'NONE',  ( 0.1250000000000014433, 1.933782298325171402E-15, 0.07400000000000001021 ) ) ;
#4631 = CARTESIAN_POINT ( 'NONE',  ( 0.1550000000000000544, -1.707404996040164512E-17, 0.2300000000000000377 ) ) ;
#4632 = LINE ( 'NONE', #6285, #4286 ) ;
#4633 = CYLINDRICAL_SURFACE ( 'NONE', #2817, 0.0005905511811023211053 ) ;
#4634 = LINE ( 'NONE', #5228, #7706 ) ;
#4635 = ORIENTED_EDGE ( 'NONE', *, *, #7021, .F. ) ;
#4636 = DIRECTION ( 'NONE',  ( 1.000000000000000000, 7.062854202149022777E-15, -0.000000000000000000 ) ) ;
#4637 = VERTEX_POINT ( 'NONE', #7605 ) ;
#4638 = FACE_OUTER_BOUND ( 'NONE', #4175, .T. ) ;
#4639 = CARTESIAN_POINT ( 'NONE',  ( 0.1550000000000000266, 0.1069094488188977315, -0.2700000000000000178 ) ) ;
#4640 = ORIENTED_EDGE ( 'NONE', *, *, #1898, .T. ) ;
#4641 = CARTESIAN_POINT ( 'NONE',  ( -0.1444094488188976955, -1.707404996040164512E-17, -0.2090000000000000191 ) ) ;
#4642 = ORIENTED_EDGE ( 'NONE', *, *, #3306, .T. ) ;
#4643 = ORIENTED_EDGE ( 'NONE', *, *, #7051, .T. ) ;
#4644 = CARTESIAN_POINT ( 'NONE',  ( 0.1449999999999995182, 0.03595472440944844084, 0.2380452755905512752 ) ) ;
#4645 = ADVANCED_FACE ( 'NONE', ( #4142 ), #2219, .F. ) ;
#4646 = VERTEX_POINT ( 'NONE', #5293 ) ;
#4647 = PLANE ( 'NONE',  #4178 ) ;
#4648 = ADVANCED_FACE ( 'NONE', ( #4017 ), #1047, .F. ) ;
#4649 = CARTESIAN_POINT ( 'NONE',  ( 0.1449999999999983524, -0.1299999999999999767, 0.3089999999999999414 ) ) ;
#4650 = VECTOR ( 'NONE', #4918, 39.37007874015748143 ) ;
#4651 = CARTESIAN_POINT ( 'NONE',  ( 0.1549999999999995826, 0.04495472440944931619, -0.02904527559055109995 ) ) ;
#4652 = CARTESIAN_POINT ( 'NONE',  ( 0.1449999999999995182, 0.03595472440944844084, -0.3619547244094487581 ) ) ;
#4653 = CYLINDRICAL_SURFACE ( 'NONE', #5499, 0.01059055118110229995 ) ;
#4654 = CARTESIAN_POINT ( 'NONE',  ( -0.1449999999999983524, 4.274049269606410852E-17, 0.1259999999999999731 ) ) ;
#4655 = ORIENTED_EDGE ( 'NONE', *, *, #4787, .F. ) ;
#4656 = DIRECTION ( 'NONE',  ( 1.000000000000000000, 0.000000000000000000, 0.000000000000000000 ) ) ;
#4657 = EDGE_CURVE ( 'NONE', #1270, #6025, #2255, .T. ) ;
#4658 = DIRECTION ( 'NONE',  ( 0.000000000000000000, 0.7071067811865504593, 0.7071067811865444641 ) ) ;
#4659 = DIRECTION ( 'NONE',  ( -0.000000000000000000, 0.000000000000000000, -1.000000000000000000 ) ) ;
#4660 = VECTOR ( 'NONE', #5800, 39.37007874015748854 ) ;
#4661 = DIRECTION ( 'NONE',  ( -4.975909242108299568E-15, 0.7071067811865505703, 0.7071067811865445751 ) ) ;
#4662 = PRESENTATION_STYLE_ASSIGNMENT (( #1216 ) ) ;
#4663 = CARTESIAN_POINT ( 'NONE',  ( 0.1449999999999999900, 0.1069094488188977315, 0.02999999999999998848 ) ) ;
#4664 = CARTESIAN_POINT ( 'NONE',  ( -0.1449999999999983802, -1.707404996040164512E-17, -0.07000000000000000666 ) ) ;
#4665 = VECTOR ( 'NONE', #1253, 39.37007874015748854 ) ;
#4666 = DIRECTION ( 'NONE',  ( -0.000000000000000000, -0.000000000000000000, -1.000000000000000000 ) ) ;
#4667 = CARTESIAN_POINT ( 'NONE',  ( 0.1249999999999997641, 0.1175000000000000072, 0.07000000000000000666 ) ) ;
#4668 = EDGE_LOOP ( 'NONE', ( #232, #1743, #679, #259, #4264, #2935, #809, #1951, #3244, #4442 ) ) ;
#4669 = DIRECTION ( 'NONE',  ( 7.062854202149022777E-15, 1.000000000000000000, 0.000000000000000000 ) ) ;
#4670 = ADVANCED_FACE ( 'NONE', ( #6515 ), #4059, .T. ) ;
#4671 = ORIENTED_EDGE ( 'NONE', *, *, #5212, .F. ) ;
#4672 = EDGE_CURVE ( 'NONE', #923, #5255, #2844, .T. ) ;
#4673 = VECTOR ( 'NONE', #7542, 39.37007874015748143 ) ;
#4674 = EDGE_CURVE ( 'NONE', #4752, #4945, #5259, .T. ) ;
#4675 = DIRECTION ( 'NONE',  ( 0.000000000000000000, 0.000000000000000000, 1.000000000000000000 ) ) ;
#4676 = ORIENTED_EDGE ( 'NONE', *, *, #7427, .F. ) ;
#4677 = EDGE_CURVE ( 'NONE', #24, #2517, #6473, .T. ) ;
#4678 = VECTOR ( 'NONE', #7401, 39.37007874015748143 ) ;
#4679 = DIRECTION ( 'NONE',  ( -1.000000000000000000, 0.000000000000000000, 0.000000000000000000 ) ) ;
#4680 = ORIENTED_EDGE ( 'NONE', *, *, #6258, .F. ) ;
#4681 = ORIENTED_EDGE ( 'NONE', *, *, #3313, .F. ) ;
#4682 = CARTESIAN_POINT ( 'NONE',  ( 0.1444094488188976677, 0.1175000000000000488, 0.1089999999999999858 ) ) ;
#4683 = ORIENTED_EDGE ( 'NONE', *, *, #4157, .F. ) ;
#4684 = LINE ( 'NONE', #6581, #2668 ) ;
#4685 = EDGE_CURVE ( 'NONE', #2921, #4250, #5694, .T. ) ;
#4686 = VECTOR ( 'NONE', #2580, 39.37007874015748143 ) ;
#4687 = VECTOR ( 'NONE', #1394, 39.37007874015748143 ) ;
#4688 = VECTOR ( 'NONE', #5282, 39.37007874015748143 ) ;
#4689 = CARTESIAN_POINT ( 'NONE',  ( -0.1449999999999983524, -0.1299999999999999767, 0.2090000000000000191 ) ) ;
#4690 = LINE ( 'NONE', #5370, #593 ) ;
#4691 = CARTESIAN_POINT ( 'NONE',  ( -0.1549999999999994993, 0.03595472440944842002, -0.3619547244094487581 ) ) ;
#4692 = DIRECTION ( 'NONE',  ( 0.000000000000000000, 1.000000000000000000, 0.000000000000000000 ) ) ;
#4693 = ORIENTED_EDGE ( 'NONE', *, *, #5270, .F. ) ;
#4694 = DIRECTION ( 'NONE',  ( -1.533174863687841128E-14, 1.000000000000000000, 0.000000000000000000 ) ) ;
#4695 = UNCERTAINTY_MEASURE_WITH_UNIT (LENGTH_MEASURE( 1.000000000000000082E-05 ), #3952, 'distance_accuracy_value', 'NONE');
#4696 = DIRECTION ( 'NONE',  ( -7.134924142987280985E-15, 1.000000000000000000, -0.000000000000000000 ) ) ;
#4697 = ORIENTED_EDGE ( 'NONE', *, *, #2603, .F. ) ;
#4698 = VECTOR ( 'NONE', #329, 39.37007874015748143 ) ;
#4699 = FACE_OUTER_BOUND ( 'NONE', #4392, .T. ) ;
#4700 = VECTOR ( 'NONE', #359, 39.37007874015748143 ) ;
#4701 = FACE_OUTER_BOUND ( 'NONE', #6889, .T. ) ;
#4702 = LINE ( 'NONE', #4106, #1605 ) ;
#4703 = ORIENTED_EDGE ( 'NONE', *, *, #3499, .T. ) ;
#4704 = ADVANCED_FACE ( 'NONE', ( #1287 ), #7297, .T. ) ;
#4705 = EDGE_CURVE ( 'NONE', #2202, #6895, #6639, .T. ) ;
#4706 = LINE ( 'NONE', #5804, #2678 ) ;
#4707 = ORIENTED_EDGE ( 'NONE', *, *, #7604, .F. ) ;
#4708 = VECTOR ( 'NONE', #685, 39.37007874015748143 ) ;
#4709 =( NAMED_UNIT ( * ) PLANE_ANGLE_UNIT ( ) SI_UNIT ( $, .RADIAN. ) );
#4710 = LINE ( 'NONE', #5266, #4306 ) ;
#4711 = CARTESIAN_POINT ( 'NONE',  ( -0.1450000000000000455, 0.1069094488188977315, 0.1910000000000000309 ) ) ;
#4712 = CARTESIAN_POINT ( 'NONE',  ( -0.1249999999999997641, 0.1075000000000000122, -0.2700000000000000178 ) ) ;
#4713 = CARTESIAN_POINT ( 'NONE',  ( 0.1449999999999979639, -1.707404996040164512E-17, -0.1259999999999999454 ) ) ;
#4714 = ORIENTED_EDGE ( 'NONE', *, *, #5073, .T. ) ;
#4715 = DIRECTION ( 'NONE',  ( 0.000000000000000000, 1.000000000000000000, 0.000000000000000000 ) ) ;
#4716 = AXIS2_PLACEMENT_3D ( 'NONE', #5304, #1687, #4070 ) ;
#4717 = VERTEX_POINT ( 'NONE', #7218 ) ;
#4718 = EDGE_CURVE ( 'NONE', #5987, #1535, #4868, .T. ) ;
#4719 = DIRECTION ( 'NONE',  ( 4.975909242108299568E-15, 0.7071067811865505703, 0.7071067811865445751 ) ) ;
#4720 = CARTESIAN_POINT ( 'NONE',  ( -0.1444094488188976955, 0.1069094488188977315, -0.1910000000000000309 ) ) ;
#4721 = EDGE_LOOP ( 'NONE', ( #6513, #2394, #7425, #5296 ) ) ;
#4722 = DIRECTION ( 'NONE',  ( 5.045153244757943312E-15, -0.7071067811865504593, -0.7071067811865444641 ) ) ;
#4723 = STYLED_ITEM ( 'NONE', ( #5047 ), #6901 ) ;
#4724 = ORIENTED_EDGE ( 'NONE', *, *, #2234, .F. ) ;
#4725 = ORIENTED_EDGE ( 'NONE', *, *, #881, .T. ) ;
#4726 = DIRECTION ( 'NONE',  ( -0.000000000000000000, -0.000000000000000000, -1.000000000000000000 ) ) ;
#4727 = ORIENTED_EDGE ( 'NONE', *, *, #3071, .F. ) ;
#4728 = PLANE ( 'NONE',  #1313 ) ;
#4729 = ADVANCED_FACE ( 'NONE', ( #2497 ), #3003, .F. ) ;
#4730 = ADVANCED_FACE ( 'NONE', ( #630 ), #4823, .F. ) ;
#4731 = LINE ( 'NONE', #1602, #2299 ) ;
#4732 = DIRECTION ( 'NONE',  ( -0.000000000000000000, -0.000000000000000000, -1.000000000000000000 ) ) ;
#4733 = LINE ( 'NONE', #4050, #6113 ) ;
#4734 = LINE ( 'NONE', #2330, #6071 ) ;
#4735 = ADVANCED_FACE ( 'NONE', ( #664 ), #200, .T. ) ;
#4736 = COLOUR_RGB ( '',0.2509803921568627416, 0.2509803921568627416, 0.2509803921568627416 ) ;
#4737 = PLANE ( 'NONE',  #1856 ) ;
#4738 = ORIENTED_EDGE ( 'NONE', *, *, #5601, .F. ) ;
#4739 = LINE ( 'NONE', #2956, #2107 ) ;
#4740 = LINE ( 'NONE', #6546, #5496 ) ;
#4741 = EDGE_LOOP ( 'NONE', ( #1559, #3589, #6099, #4252, #4219, #1779, #5490, #686, #1387, #1855 ) ) ;
#4742 = AXIS2_PLACEMENT_3D ( 'NONE', #4097, #1159, #1714 ) ;
#4743 = ORIENTED_EDGE ( 'NONE', *, *, #3266, .T. ) ;
#4744 = ADVANCED_FACE ( 'NONE', ( #3152 ), #2535, .T. ) ;
#4745 = VECTOR ( 'NONE', #4579, 39.37007874015748143 ) ;
#4746 = AXIS2_PLACEMENT_3D ( 'NONE', #7286, #690, #3069 ) ;
#4747 = DIRECTION ( 'NONE',  ( -1.000000000000000000, 0.000000000000000000, 7.036998335327214835E-15 ) ) ;
#4748 = DIRECTION ( 'NONE',  ( 7.134924142987280985E-15, -1.000000000000000000, 0.000000000000000000 ) ) ;
#4749 = LINE ( 'NONE', #5382, #1729 ) ;
#4750 = ORIENTED_EDGE ( 'NONE', *, *, #4437, .F. ) ;
#4751 = CARTESIAN_POINT ( 'NONE',  ( -0.1249999999999997641, 0.1175000000000000072, -0.2700000000000000178 ) ) ;
#4752 = VERTEX_POINT ( 'NONE', #6123 ) ;
#4753 = PLANE ( 'NONE',  #217 ) ;
#4754 = LINE ( 'NONE', #7147, #1536 ) ;
#4755 = FACE_OUTER_BOUND ( 'NONE', #1986, .T. ) ;
#4756 = CARTESIAN_POINT ( 'NONE',  ( -0.1549999999999983336, -0.1300000000000000600, 0.2090000000000000191 ) ) ;
#4757 = CARTESIAN_POINT ( 'NONE',  ( -0.1550000000000000544, 0.004000000000000018298, -0.07000000000000003442 ) ) ;
#4758 = EDGE_CURVE ( 'NONE', #4305, #3730, #2298, .T. ) ;
#4759 = ORIENTED_EDGE ( 'NONE', *, *, #4341, .F. ) ;
#4760 = CARTESIAN_POINT ( 'NONE',  ( -0.1550000000000000544, -1.707404996040164512E-17, -0.2700000000000000178 ) ) ;
#4761 = ORIENTED_EDGE ( 'NONE', *, *, #1624, .T. ) ;
#4762 = DIRECTION ( 'NONE',  ( 0.000000000000000000, 0.000000000000000000, 1.000000000000000000 ) ) ;
#4763 = LINE ( 'NONE', #525, #2196 ) ;
#4764 = EDGE_LOOP ( 'NONE', ( #3021, #4515, #6095, #2198 ) ) ;
#4765 = PLANE ( 'NONE',  #7725 ) ;
#4766 = EDGE_CURVE ( 'NONE', #4804, #4510, #3117, .T. ) ;
#4767 = VERTEX_POINT ( 'NONE', #4948 ) ;
#4768 = ORIENTED_EDGE ( 'NONE', *, *, #4758, .F. ) ;
#4769 = DIRECTION ( 'NONE',  ( 0.000000000000000000, 0.000000000000000000, 1.000000000000000000 ) ) ;
#4770 = ORIENTED_EDGE ( 'NONE', *, *, #3995, .T. ) ;
#4771 = DIRECTION ( 'NONE',  ( -7.134924142987280985E-15, 1.000000000000000000, -0.000000000000000000 ) ) ;
#4772 = CARTESIAN_POINT ( 'NONE',  ( -0.1249999999999997641, 0.1075000000000000122, -0.09100000000000003919 ) ) ;
#4773 = DIRECTION ( 'NONE',  ( -3.642463991552349972E-16, -0.000000000000000000, -1.000000000000000000 ) ) ;
#4774 = CARTESIAN_POINT ( 'NONE',  ( -0.1249999999999997641, 0.1175000000000000072, 0.1089999999999999858 ) ) ;
#4775 = VERTEX_POINT ( 'NONE', #38 ) ;
#4776 = DIRECTION ( 'NONE',  ( 0.000000000000000000, 0.000000000000000000, 1.000000000000000000 ) ) ;
#4777 = DIRECTION ( 'NONE',  ( 0.000000000000000000, 0.000000000000000000, 1.000000000000000000 ) ) ;
#4778 = ORIENTED_EDGE ( 'NONE', *, *, #3179, .T. ) ;
#4779 = PRODUCT ( 'PIC16F18426EP', 'PIC16F18426EP', '', ( #3872 ) ) ;
#4780 = ORIENTED_EDGE ( 'NONE', *, *, #1064, .F. ) ;
#4781 = ADVANCED_FACE ( 'NONE', ( #1371 ), #1210, .F. ) ;
#4782 = EDGE_CURVE ( 'NONE', #5142, #6043, #5941, .T. ) ;
#4783 = CARTESIAN_POINT ( 'NONE',  ( -0.1549999999999995826, 0.04495472440944931619, 0.3709547244094488772 ) ) ;
#4784 = DIRECTION ( 'NONE',  ( 0.000000000000000000, 0.000000000000000000, 1.000000000000000000 ) ) ;
#4785 =( CONVERSION_BASED_UNIT ( 'INCH', #41 ) LENGTH_UNIT ( ) NAMED_UNIT ( #3319 ) );
#4786 = ORIENTED_EDGE ( 'NONE', *, *, #2030, .T. ) ;
#4787 = EDGE_CURVE ( 'NONE', #2945, #923, #6086, .T. ) ;
#4788 = DIRECTION ( 'NONE',  ( -1.000000000000000000, -7.035477150404849144E-15, -1.521184922305145727E-18 ) ) ;
#4789 = ORIENTED_EDGE ( 'NONE', *, *, #7377, .T. ) ;
#4790 =( NAMED_UNIT ( * ) SI_UNIT ( $, .STERADIAN. ) SOLID_ANGLE_UNIT ( ) );
#4791 = DIRECTION ( 'NONE',  ( 0.000000000000000000, 1.000000000000000000, -0.000000000000000000 ) ) ;
#4792 = DIRECTION ( 'NONE',  ( 1.000000000000000000, 0.000000000000000000, -2.731847993664263218E-16 ) ) ;
#4793 = CARTESIAN_POINT ( 'NONE',  ( 0.1444094488188976955, 0.1069094488188977315, -0.3090000000000000524 ) ) ;
#4794 = AXIS2_PLACEMENT_3D ( 'NONE', #784, #4958, #131 ) ;
#4795 = CARTESIAN_POINT ( 'NONE',  ( 0.1449999999999984357, 0.004000000000000162280, -0.07000000000000000666 ) ) ;
#4796 = DIRECTION ( 'NONE',  ( -7.062854202149022777E-15, 1.000000000000000000, 0.000000000000000000 ) ) ;
#4797 = ORIENTED_EDGE ( 'NONE', *, *, #3499, .F. ) ;
#4798 = DIRECTION ( 'NONE',  ( 0.000000000000000000, -0.7071067811865444641, 0.7071067811865504593 ) ) ;
#4799 = CIRCLE ( 'NONE', #3657, 0.01059055118110233465 ) ;
#4800 = VERTEX_POINT ( 'NONE', #4179 ) ;
#4801 = ORIENTED_EDGE ( 'NONE', *, *, #4782, .F. ) ;
#4802 = DIRECTION ( 'NONE',  ( 4.975909242108299568E-15, 0.7071067811865505703, 0.7071067811865445751 ) ) ;
#4803 = ORIENTED_EDGE ( 'NONE', *, *, #3314, .F. ) ;
#4804 = VERTEX_POINT ( 'NONE', #5452 ) ;
#4805 = VERTEX_POINT ( 'NONE', #81 ) ;
#4806 = CARTESIAN_POINT ( 'NONE',  ( -0.1444094488188976955, -1.707404996040164512E-17, 0.2909999999999999809 ) ) ;
#4807 = ORIENTED_EDGE ( 'NONE', *, *, #1134, .T. ) ;
#4808 = CARTESIAN_POINT ( 'NONE',  ( -0.1449999999999983802, -1.707404996040164512E-17, -0.2260000000000000064 ) ) ;
#4809 = AXIS2_PLACEMENT_3D ( 'NONE', #2572, #3118, #2498 ) ;
#4810 = VECTOR ( 'NONE', #4193, 39.37007874015748143 ) ;
#4811 = EDGE_CURVE ( 'NONE', #7250, #4845, #2460, .T. ) ;
#4812 = LINE ( 'NONE', #7205, #1814 ) ;
#4813 = FACE_OUTER_BOUND ( 'NONE', #6193, .T. ) ;
#4814 = CARTESIAN_POINT ( 'NONE',  ( 0.1550000000000000544, -1.707404996040164512E-17, 0.2909999999999999809 ) ) ;
#4815 = ORIENTED_EDGE ( 'NONE', *, *, #5918, .F. ) ;
#4816 = CARTESIAN_POINT ( 'NONE',  ( 0.1550000000000000266, 0.1069094488188977315, 0.1089999999999999858 ) ) ;
#4817 = CARTESIAN_POINT ( 'NONE',  ( 0.1444094488188976955, 0.1069094488188977315, -0.07000000000000000666 ) ) ;
#4818 = ORIENTED_EDGE ( 'NONE', *, *, #3490, .T. ) ;
#4819 = ORIENTED_EDGE ( 'NONE', *, *, #5873, .T. ) ;
#4820 = ORIENTED_EDGE ( 'NONE', *, *, #1836, .F. ) ;
#4821 = VECTOR ( 'NONE', #7374, 39.37007874015748143 ) ;
#4822 = EDGE_CURVE ( 'NONE', #7653, #4401, #6010, .T. ) ;
#4823 = PLANE ( 'NONE',  #2169 ) ;
#4824 = ADVANCED_FACE ( 'NONE', ( #6194 ), #2021, .F. ) ;
#4825 = DIRECTION ( 'NONE',  ( 0.000000000000000000, -0.000000000000000000, -1.000000000000000000 ) ) ;
#4826 = VECTOR ( 'NONE', #1551, 39.37007874015748143 ) ;
#4827 = VERTEX_POINT ( 'NONE', #1478 ) ;
#4828 = ADVANCED_FACE ( 'NONE', ( #5131 ), #961, .F. ) ;
#4829 = AXIS2_PLACEMENT_3D ( 'NONE', #4630, #4661, #3989 ) ;
#4830 = CARTESIAN_POINT ( 'NONE',  ( -0.1444094488188976955, 0.1069094488188977315, 0.2300000000000000377 ) ) ;
#4831 = EDGE_LOOP ( 'NONE', ( #386, #5232, #4655, #5636 ) ) ;
#4832 = EDGE_CURVE ( 'NONE', #4471, #5568, #4420, .T. ) ;
#4833 = DIRECTION ( 'NONE',  ( 0.000000000000000000, 0.000000000000000000, 1.000000000000000000 ) ) ;
#4834 = DIRECTION ( 'NONE',  ( 0.000000000000000000, -0.000000000000000000, -1.000000000000000000 ) ) ;
#4835 = FACE_OUTER_BOUND ( 'NONE', #6452, .T. ) ;
#4836 = DIRECTION ( 'NONE',  ( -0.000000000000000000, -0.000000000000000000, -1.000000000000000000 ) ) ;
#4837 = ORIENTED_EDGE ( 'NONE', *, *, #7193, .F. ) ;
#4838 = VECTOR ( 'NONE', #2543, 39.37007874015748143 ) ;
#4839 = ORIENTED_EDGE ( 'NONE', *, *, #1681, .F. ) ;
#4840 = VECTOR ( 'NONE', #2505, 39.37007874015748854 ) ;
#4841 = VECTOR ( 'NONE', #327, 39.37007874015748143 ) ;
#4842 = DIRECTION ( 'NONE',  ( -0.1294283079955639015, 0.9831056027603600755, 0.1294283079955639848 ) ) ;
#4843 = EDGE_CURVE ( 'NONE', #3741, #2945, #5021, .T. ) ;
#4844 =( NAMED_UNIT ( * ) PLANE_ANGLE_UNIT ( ) SI_UNIT ( $, .RADIAN. ) );
#4845 = VERTEX_POINT ( 'NONE', #1402 ) ;
#4846 = VERTEX_POINT ( 'NONE', #5679 ) ;
#4847 = CARTESIAN_POINT ( 'NONE',  ( 0.1449999999999991573, 0.004000000000000079881, -0.2300000000000000655 ) ) ;
#4848 = VERTEX_POINT ( 'NONE', #6349 ) ;
#4849 = CIRCLE ( 'NONE', #2690, 0.01059055118110233465 ) ;
#4850 = AXIS2_PLACEMENT_3D ( 'NONE', #556, #435, #3477 ) ;
#4851 = ORIENTED_EDGE ( 'NONE', *, *, #5514, .F. ) ;
#4852 = EDGE_LOOP ( 'NONE', ( #1569, #7610, #4707 ) ) ;
#4853 = DIRECTION ( 'NONE',  ( 0.9914448613738103822, -0.1305261922200518787, 0.000000000000000000 ) ) ;
#4854 = ORIENTED_EDGE ( 'NONE', *, *, #3896, .F. ) ;
#4855 = PLANE ( 'NONE',  #4746 ) ;
#4856 = LINE ( 'NONE', #3529, #3050 ) ;
#4857 = VECTOR ( 'NONE', #1203, 39.37007874015748143 ) ;
#4858 = LINE ( 'NONE', #1945, #429 ) ;
#4859 = ORIENTED_EDGE ( 'NONE', *, *, #925, .F. ) ;
#4860 = VERTEX_POINT ( 'NONE', #3862 ) ;
#4861 = DIRECTION ( 'NONE',  ( 0.000000000000000000, 0.000000000000000000, 1.000000000000000000 ) ) ;
#4862 = EDGE_CURVE ( 'NONE', #3708, #5609, #3779, .T. ) ;
#4863 = DIRECTION ( 'NONE',  ( 0.000000000000000000, 1.000000000000000000, 0.000000000000000000 ) ) ;
#4864 = ORIENTED_EDGE ( 'NONE', *, *, #3007, .F. ) ;
#4865 = EDGE_LOOP ( 'NONE', ( #1408, #5043, #2053, #746 ) ) ;
#4866 = VERTEX_POINT ( 'NONE', #814 ) ;
#4867 = VECTOR ( 'NONE', #2901, 39.37007874015748143 ) ;
#4868 = LINE ( 'NONE', #3709, #7196 ) ;
#4869 = CARTESIAN_POINT ( 'NONE',  ( -0.1249999999999997641, 0.1175000000000000072, -0.2300000000000000100 ) ) ;
#4870 = VECTOR ( 'NONE', #3377, 39.37007874015748143 ) ;
#4871 =( LENGTH_UNIT ( ) NAMED_UNIT ( * ) SI_UNIT ( $, .METRE. ) );
#4872 = EDGE_CURVE ( 'NONE', #6968, #5784, #240, .T. ) ;
#4873 = AXIS2_PLACEMENT_3D ( 'NONE', #3503, #1721, #3588 ) ;
#4874 = LINE ( 'NONE', #7224, #1448 ) ;
#4875 = PLANE ( 'NONE',  #3820 ) ;
#4876 = DIRECTION ( 'NONE',  ( -1.000000000000000000, -6.829619984160659821E-15, 0.000000000000000000 ) ) ;
#4877 = VECTOR ( 'NONE', #7176, 39.37007874015748143 ) ;
#4878 = DIRECTION ( 'NONE',  ( 0.000000000000000000, 0.000000000000000000, 1.000000000000000000 ) ) ;
#4879 = DIRECTION ( 'NONE',  ( 3.642463991552348986E-16, -0.000000000000000000, 1.000000000000000000 ) ) ;
#4880 = ORIENTED_EDGE ( 'NONE', *, *, #6810, .F. ) ;
#4881 = ADVANCED_FACE ( 'NONE', ( #3300 ), #7405, .F. ) ;
#4882 = ORIENTED_EDGE ( 'NONE', *, *, #7216, .T. ) ;
#4883 = VECTOR ( 'NONE', #5753, 39.37007874015748143 ) ;
#4884 = LINE ( 'NONE', #2432, #7457 ) ;
#4885 = CARTESIAN_POINT ( 'NONE',  ( 0.1128221439731658116, 0.01499999999999995955, -0.3750000000000001665 ) ) ;
#4886 = ORIENTED_EDGE ( 'NONE', *, *, #1492, .T. ) ;
#4887 = ADVANCED_FACE ( 'NONE', ( #5610 ), #2606, .F. ) ;
#4888 = DIRECTION ( 'NONE',  ( -1.000000000000000000, 0.000000000000000000, 0.000000000000000000 ) ) ;
#4889 = ORIENTED_EDGE ( 'NONE', *, *, #1149, .T. ) ;
#4890 = ORIENTED_EDGE ( 'NONE', *, *, #6822, .F. ) ;
#4891 = VERTEX_POINT ( 'NONE', #1511 ) ;
#4892 = PLANE ( 'NONE',  #5234 ) ;
#4893 = VERTEX_POINT ( 'NONE', #1989 ) ;
#4894 = DIRECTION ( 'NONE',  ( 0.000000000000000000, -0.000000000000000000, -1.000000000000000000 ) ) ;
#4895 = ORIENTED_EDGE ( 'NONE', *, *, #5184, .T. ) ;
#4896 = PLANE ( 'NONE',  #7697 ) ;
#4897 = LINE ( 'NONE', #7288, #6925 ) ;
#4898 = DIRECTION ( 'NONE',  ( 0.000000000000000000, 1.000000000000000000, 0.000000000000000000 ) ) ;
#4899 = EDGE_CURVE ( 'NONE', #257, #3608, #2099, .T. ) ;
#4900 = EDGE_CURVE ( 'NONE', #4374, #1426, #5057, .T. ) ;
#4901 = EDGE_LOOP ( 'NONE', ( #454, #488, #2095, #3070 ) ) ;
#4902 = ORIENTED_EDGE ( 'NONE', *, *, #3360, .F. ) ;
#4903 = CARTESIAN_POINT ( 'NONE',  ( 0.1550000000000000544, 0.004000000000000009624, -0.3300000000000001266 ) ) ;
#4904 = DIRECTION ( 'NONE',  ( -0.000000000000000000, -0.000000000000000000, -1.000000000000000000 ) ) ;
#4905 = ORIENTED_EDGE ( 'NONE', *, *, #4934, .F. ) ;
#4906 = ORIENTED_EDGE ( 'NONE', *, *, #3318, .F. ) ;
#4907 = CARTESIAN_POINT ( 'NONE',  ( -7.791098234355730168E-21, 0.1981889763779526581, -0.3628221439731659781 ) ) ;
#4908 = DIRECTION ( 'NONE',  ( -0.000000000000000000, -0.000000000000000000, -1.000000000000000000 ) ) ;
#4909 = CARTESIAN_POINT ( 'NONE',  ( 0.1444094488188976677, 0.1175000000000000488, -0.1910000000000000309 ) ) ;
#4910 = FILL_AREA_STYLE_COLOUR ( '', #2346 ) ;
#4911 = ORIENTED_EDGE ( 'NONE', *, *, #939, .T. ) ;
#4912 = LINE ( 'NONE', #6599, #2444 ) ;
#4913 = VERTEX_POINT ( 'NONE', #7521 ) ;
#4914 = EDGE_CURVE ( 'NONE', #3365, #228, #2136, .T. ) ;
#4915 = CARTESIAN_POINT ( 'NONE',  ( 0.1549999999999983336, -0.1300000000000000600, 0.1089999999999999858 ) ) ;
#4916 = CARTESIAN_POINT ( 'NONE',  ( 0.1550000000000000544, 0.004000000000000009624, 0.2699999999999999067 ) ) ;
#4917 = DIRECTION ( 'NONE',  ( 1.000000000000000000, 7.062854202149022777E-15, -0.000000000000000000 ) ) ;
#4918 = DIRECTION ( 'NONE',  ( 7.134924142987280985E-15, 1.000000000000000000, 0.000000000000000000 ) ) ;
#4919 = DIRECTION ( 'NONE',  ( 0.000000000000000000, -0.000000000000000000, -1.000000000000000000 ) ) ;
#4920 = EDGE_CURVE ( 'NONE', #2710, #7100, #5165, .T. ) ;
#4921 = DIRECTION ( 'NONE',  ( -1.533174863687841128E-14, 1.000000000000000000, 0.000000000000000000 ) ) ;
#4922 = ORIENTED_EDGE ( 'NONE', *, *, #1522, .T. ) ;
#4923 = VECTOR ( 'NONE', #7574, 39.37007874015748143 ) ;
#4924 = CARTESIAN_POINT ( 'NONE',  ( 0.1444094488188976677, 0.1075000000000000122, -0.3300000000000000155 ) ) ;
#4925 = ADVANCED_FACE ( 'NONE', ( #6784 ), #3935, .T. ) ;
#4926 = ORIENTED_EDGE ( 'NONE', *, *, #7191, .F. ) ;
#4927 = CARTESIAN_POINT ( 'NONE',  ( -0.1444094488188976677, 0.1075000000000000122, -0.2700000000000000178 ) ) ;
#4928 = ADVANCED_FACE ( 'NONE', ( #5646 ), #3336, .F. ) ;
#4929 = VERTEX_POINT ( 'NONE', #4649 ) ;
#4930 = DIRECTION ( 'NONE',  ( -3.194114299349669345E-16, -1.000000000000000000, 0.000000000000000000 ) ) ;
#4931 = EDGE_CURVE ( 'NONE', #1270, #1302, #4134, .T. ) ;
#4932 = EDGE_LOOP ( 'NONE', ( #6336, #332, #1032, #3777, #2128, #2866, #4818, #5898 ) ) ;
#4933 = AXIS2_PLACEMENT_3D ( 'NONE', #743, #3119, #6678 ) ;
#4934 = EDGE_CURVE ( 'NONE', #3682, #6862, #2287, .T. ) ;
#4935 = CARTESIAN_POINT ( 'NONE',  ( 0.1449999999999983802, -1.707404996040164512E-17, 0.1300000000000000044 ) ) ;
#4936 = CARTESIAN_POINT ( 'NONE',  ( -0.1444094488188976955, -1.707404996040164512E-17, -0.2910000000000000364 ) ) ;
#4937 = CARTESIAN_POINT ( 'NONE',  ( 0.1128221439731658116, 0.01499999999999995955, 0.3628221439731660336 ) ) ;
#4938 = VECTOR ( 'NONE', #7133, 39.37007874015748854 ) ;
#4939 = ORIENTED_EDGE ( 'NONE', *, *, #3261, .F. ) ;
#4940 = ORIENTED_EDGE ( 'NONE', *, *, #6548, .F. ) ;
#4941 = DIRECTION ( 'NONE',  ( -7.134924142987280985E-15, -1.000000000000000000, 0.000000000000000000 ) ) ;
#4942 = CLOSED_SHELL ( 'NONE', ( #7768, #987, #5760, #1793, #5667, #2689, #5152, #3383, #3908, #1928, #1393, #4331, #5441, #2035, #1600, #4781 ) ) ;
#4943 = EDGE_CURVE ( 'NONE', #7577, #770, #2872, .T. ) ;
#4944 = DIRECTION ( 'NONE',  ( 0.000000000000000000, -0.000000000000000000, -1.000000000000000000 ) ) ;
#4945 = VERTEX_POINT ( 'NONE', #5911 ) ;
#4946 = AXIS2_PLACEMENT_3D ( 'NONE', #705, #4908, #7298 ) ;
#4947 = VERTEX_POINT ( 'NONE', #3974 ) ;
#4948 = CARTESIAN_POINT ( 'NONE',  ( 0.1444094488188976677, 0.1075000000000000122, -0.1700000000000000400 ) ) ;
#4949 = CARTESIAN_POINT ( 'NONE',  ( -0.1449999999999983802, -1.707404996040164512E-17, -0.3260000000000000120 ) ) ;
#4950 = CARTESIAN_POINT ( 'NONE',  ( -0.1449999999999983524, -0.1299999999999999767, -0.3090000000000000524 ) ) ;
#4951 = PRESENTATION_STYLE_ASSIGNMENT (( #862 ) ) ;
#4952 = DIRECTION ( 'NONE',  ( -0.000000000000000000, 0.000000000000000000, 1.000000000000000000 ) ) ;
#4953 = VECTOR ( 'NONE', #423, 39.37007874015748143 ) ;
#4954 = VERTEX_POINT ( 'NONE', #457 ) ;
#4955 = CARTESIAN_POINT ( 'NONE',  ( -0.1449999999999995182, 0.03595472440944844084, -0.2619547244094487248 ) ) ;
#4956 = DIRECTION ( 'NONE',  ( 1.533174863687841128E-14, 1.000000000000000000, 0.000000000000000000 ) ) ;
#4957 = CIRCLE ( 'NONE', #5582, 0.0005905511811023039749 ) ;
#4958 = DIRECTION ( 'NONE',  ( 0.000000000000000000, 1.000000000000000000, -0.000000000000000000 ) ) ;
#4959 = CARTESIAN_POINT ( 'NONE',  ( 0.1550000000000000544, 0.004000000000000018298, -0.07000000000000003442 ) ) ;
#4960 = CARTESIAN_POINT ( 'NONE',  ( -7.791098234355730168E-21, 0.1981889763779526581, -0.3628221439731659781 ) ) ;
#4961 = ADVANCED_FACE ( 'NONE', ( #3531 ), #6423, .T. ) ;
#4962 = VECTOR ( 'NONE', #444, 39.37007874015748143 ) ;
#4963 = CARTESIAN_POINT ( 'NONE',  ( 0.1449999999999983802, -1.707404996040164512E-17, -0.2700000000000000178 ) ) ;
#4964 = PRESENTATION_STYLE_ASSIGNMENT (( #2552 ) ) ;
#4965 = DIRECTION ( 'NONE',  ( -1.000000000000000000, 0.000000000000000000, 0.000000000000000000 ) ) ;
#4966 = VECTOR ( 'NONE', #3351, 39.37007874015748143 ) ;
#4967 = VERTEX_POINT ( 'NONE', #7635 ) ;
#4968 = PLANE ( 'NONE',  #5383 ) ;
#4969 = EDGE_CURVE ( 'NONE', #6655, #7333, #7715, .T. ) ;
#4970 = VERTEX_POINT ( 'NONE', #6504 ) ;
#4971 = LINE ( 'NONE', #2485, #3926 ) ;
#4972 = VECTOR ( 'NONE', #3924, 39.37007874015748143 ) ;
#4973 = ORIENTED_EDGE ( 'NONE', *, *, #2271, .F. ) ;
#4974 = DIRECTION ( 'NONE',  ( -1.000000000000000000, 0.000000000000000000, 0.000000000000000000 ) ) ;
#4975 = VECTOR ( 'NONE', #5300, 39.37007874015748143 ) ;
#4976 = DIRECTION ( 'NONE',  ( -1.000000000000000000, 0.000000000000000000, 0.000000000000000000 ) ) ;
#4977 = CIRCLE ( 'NONE', #6967, 0.01059055118110233465 ) ;
#4978 = CARTESIAN_POINT ( 'NONE',  ( -0.07500000000000002498, 0.2049999999999999045, -0.3250000000000000666 ) ) ;
#4979 = VERTEX_POINT ( 'NONE', #5875 ) ;
#4980 = ORIENTED_EDGE ( 'NONE', *, *, #1742, .T. ) ;
#4981 = DIRECTION ( 'NONE',  ( -1.533174863687841128E-14, 1.000000000000000000, 0.000000000000000000 ) ) ;
#4982 = LINE ( 'NONE', #7368, #5573 ) ;
#4983 = ORIENTED_EDGE ( 'NONE', *, *, #2573, .F. ) ;
#4984 = EDGE_CURVE ( 'NONE', #2127, #3177, #5208, .T. ) ;
#4985 = VECTOR ( 'NONE', #4322, 39.37007874015748143 ) ;
#4986 = ADVANCED_FACE ( 'NONE', ( #5247 ), #7130, .T. ) ;
#4987 = ORIENTED_EDGE ( 'NONE', *, *, #2496, .T. ) ;
#4988 = CARTESIAN_POINT ( 'NONE',  ( 0.1128221439731658254, 0.2099999999999999090, 0.3750000000000001665 ) ) ;
#4989 = CARTESIAN_POINT ( 'NONE',  ( 0.1449999999999983802, -1.707404996040164512E-17, 0.02999999999999998848 ) ) ;
#4990 = CARTESIAN_POINT ( 'NONE',  ( -0.1444094488188976955, 0.1069094488188977315, -0.2090000000000000191 ) ) ;
#4991 = FACE_OUTER_BOUND ( 'NONE', #3173, .T. ) ;
#4992 = PRESENTATION_LAYER_ASSIGNMENT (  '', '', ( #3959 ) ) ;
#4993 = DIRECTION ( 'NONE',  ( -0.000000000000000000, -0.000000000000000000, -1.000000000000000000 ) ) ;
#4994 = VERTEX_POINT ( 'NONE', #6976 ) ;
#4995 = PLANE ( 'NONE',  #1431 ) ;
#4996 = DIRECTION ( 'NONE',  ( -7.134924142987280985E-15, 1.000000000000000000, -0.000000000000000000 ) ) ;
#4997 = LINE ( 'NONE', #3792, #663 ) ;
#4998 = DIRECTION ( 'NONE',  ( 7.062854202149022777E-15, -1.000000000000000000, 0.000000000000000000 ) ) ;
#4999 = ADVANCED_FACE ( 'NONE', ( #1002 ), #1749, .F. ) ;
#5000 = VECTOR ( 'NONE', #5108, 39.37007874015748143 ) ;
#5001 = FACE_OUTER_BOUND ( 'NONE', #6154, .T. ) ;
#5002 = VECTOR ( 'NONE', #2452, 39.37007874015748143 ) ;
#5003 = EDGE_CURVE ( 'NONE', #4954, #4967, #1116, .T. ) ;
#5004 = DIRECTION ( 'NONE',  ( -7.062854202149022777E-15, -1.000000000000000000, 0.000000000000000000 ) ) ;
#5005 = ORIENTED_EDGE ( 'NONE', *, *, #3020, .T. ) ;
#5006 = FACE_OUTER_BOUND ( 'NONE', #3515, .T. ) ;
#5007 = ORIENTED_EDGE ( 'NONE', *, *, #5561, .F. ) ;
#5008 = LINE ( 'NONE', #3178, #3419 ) ;
#5009 = VECTOR ( 'NONE', #3078, 39.37007874015748143 ) ;
#5010 = VERTEX_POINT ( 'NONE', #1667 ) ;
#5011 = AXIS2_PLACEMENT_3D ( 'NONE', #5633, #6221, #3215 ) ;
#5012 = CARTESIAN_POINT ( 'NONE',  ( 0.1550000000000000266, 0.1069094488188977315, -0.3090000000000000524 ) ) ;
#5013 = EDGE_CURVE ( 'NONE', #876, #514, #5952, .T. ) ;
#5014 =( NAMED_UNIT ( * ) PLANE_ANGLE_UNIT ( ) SI_UNIT ( $, .RADIAN. ) );
#5015 = VERTEX_POINT ( 'NONE', #577 ) ;
#5016 = ORIENTED_EDGE ( 'NONE', *, *, #449, .T. ) ;
#5017 = CARTESIAN_POINT ( 'NONE',  ( -0.1549999999999983336, -0.1300000000000000600, 0.1089999999999999858 ) ) ;
#5018 = CARTESIAN_POINT ( 'NONE',  ( 0.1449999999999983524, -0.1299999999999999767, 0.09099999999999999756 ) ) ;
#5019 = ORIENTED_EDGE ( 'NONE', *, *, #7403, .F. ) ;
#5020 = VERTEX_POINT ( 'NONE', #1594 ) ;
#5021 = LINE ( 'NONE', #6820, #3923 ) ;
#5022 = CARTESIAN_POINT ( 'NONE',  ( 0.1249999999999997641, 0.1075000000000000122, 0.2090000000000000191 ) ) ;
#5023 = CARTESIAN_POINT ( 'NONE',  ( 0.1444094488188976955, 0.1069094488188977315, -0.1910000000000000309 ) ) ;
#5024 = CARTESIAN_POINT ( 'NONE',  ( 0.1250000000000014433, 1.933782298325171402E-15, -0.02600000000000000921 ) ) ;
#5025 = CARTESIAN_POINT ( 'NONE',  ( -0.1550000000000000266, 0.1069094488188977315, 0.07000000000000000666 ) ) ;
#5026 = ORIENTED_EDGE ( 'NONE', *, *, #6797, .T. ) ;
#5027 = EDGE_CURVE ( 'NONE', #7366, #3632, #5787, .T. ) ;
#5028 = EDGE_CURVE ( 'NONE', #6053, #4008, #2170, .T. ) ;
#5029 = FACE_OUTER_BOUND ( 'NONE', #150, .T. ) ;
#5030 = EDGE_CURVE ( 'NONE', #3135, #1942, #5283, .T. ) ;
#5031 = CARTESIAN_POINT ( 'NONE',  ( 0.1549999999999983336, -0.1300000000000000600, 0.09099999999999999756 ) ) ;
#5032 = DIRECTION ( 'NONE',  ( 1.000000000000000000, 0.000000000000000000, 0.000000000000000000 ) ) ;
#5033 = CARTESIAN_POINT ( 'NONE',  ( -0.1449999999999999900, 0.1069094488188977315, -0.1700000000000000400 ) ) ;
#5034 = ADVANCED_FACE ( 'NONE', ( #3491 ), #2789, .T. ) ;
#5035 = LINE ( 'NONE', #5144, #3819 ) ;
#5036 = DIRECTION ( 'NONE',  ( 0.000000000000000000, -0.000000000000000000, -1.000000000000000000 ) ) ;
#5037 = VERTEX_POINT ( 'NONE', #1037 ) ;
#5038 = ORIENTED_EDGE ( 'NONE', *, *, #3899, .F. ) ;
#5039 = ORIENTED_EDGE ( 'NONE', *, *, #5160, .F. ) ;
#5040 = CARTESIAN_POINT ( 'NONE',  ( 0.1444094488188976955, -1.707404996040164512E-17, 0.008999999999999959421 ) ) ;
#5041 = VERTEX_POINT ( 'NONE', #5830 ) ;
#5042 = FACE_OUTER_BOUND ( 'NONE', #6847, .T. ) ;
#5043 = ORIENTED_EDGE ( 'NONE', *, *, #7371, .F. ) ;
#5044 = ORIENTED_EDGE ( 'NONE', *, *, #2704, .T. ) ;
#5045 = DIRECTION ( 'NONE',  ( -4.975909242108299568E-15, 0.7071067811865505703, 0.7071067811865445751 ) ) ;
#5046 = CARTESIAN_POINT ( 'NONE',  ( 0.1550000000000000266, 0.1069094488188977315, -0.1910000000000000309 ) ) ;
#5047 = PRESENTATION_STYLE_ASSIGNMENT (( #696 ) ) ;
#5048 = DIRECTION ( 'NONE',  ( 3.194114299349669345E-16, -1.000000000000000000, 0.000000000000000000 ) ) ;
#5049 = ORIENTED_EDGE ( 'NONE', *, *, #6410, .T. ) ;
#5050 = EDGE_LOOP ( 'NONE', ( #6028, #7719, #5959, #4768, #6069, #3392, #2439, #1084 ) ) ;
#5051 = DIRECTION ( 'NONE',  ( -0.000000000000000000, 0.000000000000000000, 1.000000000000000000 ) ) ;
#5052 = EDGE_CURVE ( 'NONE', #4330, #1988, #6114, .T. ) ;
#5053 = CARTESIAN_POINT ( 'NONE',  ( -0.1249999999999997641, 0.1175000000000000072, -0.03000000000000002318 ) ) ;
#5054 = AXIS2_PLACEMENT_3D ( 'NONE', #1098, #4189, #5387 ) ;
#5055 = ORIENTED_EDGE ( 'NONE', *, *, #3687, .F. ) ;
#5056 = CIRCLE ( 'NONE', #4419, 0.01999999999999999001 ) ;
#5057 = LINE ( 'NONE', #2714, #5580 ) ;
#5058 = CARTESIAN_POINT ( 'NONE',  ( 0.1550000000000000544, 0.004000000000000018298, 0.2300000000000000100 ) ) ;
#5059 = CARTESIAN_POINT ( 'NONE',  ( -0.1444094488188976677, 0.1175000000000000488, 0.2090000000000000191 ) ) ;
#5060 =( LENGTH_UNIT ( ) NAMED_UNIT ( * ) SI_UNIT ( $, .METRE. ) );
#5061 = ORIENTED_EDGE ( 'NONE', *, *, #2567, .F. ) ;
#5062 = ORIENTED_EDGE ( 'NONE', *, *, #5184, .F. ) ;
#5063 = EDGE_CURVE ( 'NONE', #3581, #7639, #2488, .T. ) ;
#5064 = VECTOR ( 'NONE', #1154, 39.37007874015748854 ) ;
#5065 = VECTOR ( 'NONE', #601, 39.37007874015748143 ) ;
#5066 = DIRECTION ( 'NONE',  ( 0.000000000000000000, -0.000000000000000000, -1.000000000000000000 ) ) ;
#5067 = CARTESIAN_POINT ( 'NONE',  ( 0.1249999999999999584, 0.1175000000000000072, -0.3750000000000001665 ) ) ;
#5068 = AXIS2_PLACEMENT_3D ( 'NONE', #3774, #6191, #3405 ) ;
#5069 = CARTESIAN_POINT ( 'NONE',  ( 0.1249999999999997641, 0.1175000000000000072, 0.1300000000000000044 ) ) ;
#5070 = APPLICATION_PROTOCOL_DEFINITION ( 'draft international standard', 'automotive_design', 1998, #466 ) ;
#5071 = LINE ( 'NONE', #7456, #728 ) ;
#5072 = EDGE_CURVE ( 'NONE', #2323, #4752, #1437, .T. ) ;
#5073 = EDGE_CURVE ( 'NONE', #5206, #1921, #3655, .T. ) ;
#5074 = VECTOR ( 'NONE', #3717, 39.37007874015748143 ) ;
#5075 = VECTOR ( 'NONE', #7397, 39.37007874015748143 ) ;
#5076 = CARTESIAN_POINT ( 'NONE',  ( -0.1549999999999983336, -0.1300000000000000600, -0.3090000000000000524 ) ) ;
#5077 = EDGE_CURVE ( 'NONE', #5824, #3919, #4858, .T. ) ;
#5078 = DIRECTION ( 'NONE',  ( 0.000000000000000000, 0.000000000000000000, 1.000000000000000000 ) ) ;
#5079 = ORIENTED_EDGE ( 'NONE', *, *, #684, .F. ) ;
#5080 = EDGE_LOOP ( 'NONE', ( #2859, #1065, #5431, #5273 ) ) ;
#5081 = DIRECTION ( 'NONE',  ( 0.000000000000000000, 0.000000000000000000, 1.000000000000000000 ) ) ;
#5082 = AXIS2_PLACEMENT_3D ( 'NONE', #4485, #6886, #3845 ) ;
#5083 = ORIENTED_EDGE ( 'NONE', *, *, #1757, .T. ) ;
#5084 = EDGE_CURVE ( 'NONE', #5784, #408, #146, .T. ) ;
#5085 = DIRECTION ( 'NONE',  ( 0.000000000000000000, -0.000000000000000000, -1.000000000000000000 ) ) ;
#5086 = FACE_OUTER_BOUND ( 'NONE', #5214, .T. ) ;
#5087 = AXIS2_PLACEMENT_3D ( 'NONE', #7685, #5222, #1012 ) ;
#5088 = LINE ( 'NONE', #3965, #2462 ) ;
#5089 = EDGE_LOOP ( 'NONE', ( #1296, #3584, #3150, #2391 ) ) ;
#5090 = ORIENTED_EDGE ( 'NONE', *, *, #6422, .T. ) ;
#5091 = FACE_OUTER_BOUND ( 'NONE', #2698, .T. ) ;
#5092 = DIRECTION ( 'NONE',  ( 3.642463991552349972E-16, -0.000000000000000000, 1.000000000000000000 ) ) ;
#5093 = VECTOR ( 'NONE', #5470, 39.37007874015748143 ) ;
#5094 = VECTOR ( 'NONE', #6105, 39.37007874015748143 ) ;
#5095 = CARTESIAN_POINT ( 'NONE',  ( 0.1444094488188976677, 0.1075000000000000122, 0.2090000000000000191 ) ) ;
#5096 = CARTESIAN_POINT ( 'NONE',  ( 0.1549999999999983336, -0.1300000000000000600, 0.008999999999999959421 ) ) ;
#5097 = ADVANCED_FACE ( 'NONE', ( #653 ), #3618, .T. ) ;
#5098 = FACE_OUTER_BOUND ( 'NONE', #5762, .T. ) ;
#5099 = LINE ( 'NONE', #7483, #5119 ) ;
#5100 = VECTOR ( 'NONE', #7192, 39.37007874015748143 ) ;
#5101 = DIRECTION ( 'NONE',  ( -1.000000000000000000, 0.000000000000000000, 0.000000000000000000 ) ) ;
#5102 = EDGE_LOOP ( 'NONE', ( #7546, #6430, #2091, #3968, #3366, #2282, #7135, #6657, #2816, #7356 ) ) ;
#5103 = DIMENSIONAL_EXPONENTS ( 1.000000000000000000, 0.000000000000000000, 0.000000000000000000, 0.000000000000000000, 0.000000000000000000, 0.000000000000000000, 0.000000000000000000 ) ;
#5104 = CARTESIAN_POINT ( 'NONE',  ( -0.1550000000000000266, 0.1069094488188977315, 0.008999999999999959421 ) ) ;
#5105 = CARTESIAN_POINT ( 'NONE',  ( 0.1449999999999983802, -1.707404996040164512E-17, 0.02999999999999998848 ) ) ;
#5106 = EDGE_CURVE ( 'NONE', #5037, #3000, #5524, .T. ) ;
#5107 = LINE ( 'NONE', #6280, #6058 ) ;
#5108 = DIRECTION ( 'NONE',  ( 7.134924142987280985E-15, 1.000000000000000000, 0.000000000000000000 ) ) ;
#5109 = CARTESIAN_POINT ( 'NONE',  ( -0.1550000000000000544, -3.615130378819710002E-17, -0.2260000000000000064 ) ) ;
#5110 = LINE ( 'NONE', #7501, #585 ) ;
#5111 = LINE ( 'NONE', #6440, #5790 ) ;
#5112 = PRESENTATION_LAYER_ASSIGNMENT (  '', '', ( #1601 ) ) ;
#5113 = LINE ( 'NONE', #3914, #3946 ) ;
#5114 = VERTEX_POINT ( 'NONE', #5998 ) ;
#5115 = AXIS2_PLACEMENT_3D ( 'NONE', #6941, #3263, #1598 ) ;
#5116 = VECTOR ( 'NONE', #4052, 39.37007874015748143 ) ;
#5117 = DIRECTION ( 'NONE',  ( -1.000000000000000000, 6.829619984160659821E-15, 0.000000000000000000 ) ) ;
#5118 = ORIENTED_EDGE ( 'NONE', *, *, #2549, .T. ) ;
#5119 = VECTOR ( 'NONE', #4620, 39.37007874015748854 ) ;
#5120 = ADVANCED_FACE ( 'NONE', ( #4338 ), #768, .F. ) ;
#5121 = DIRECTION ( 'NONE',  ( 0.000000000000000000, 0.000000000000000000, 1.000000000000000000 ) ) ;
#5122 = DIRECTION ( 'NONE',  ( 6.829619984160659821E-15, 1.000000000000000000, 0.000000000000000000 ) ) ;
#5123 = CARTESIAN_POINT ( 'NONE',  ( 0.1449999999999983802, -1.707404996040164512E-17, -0.2910000000000000364 ) ) ;
#5124 = VECTOR ( 'NONE', #4981, 39.37007874015748143 ) ;
#5125 = ORIENTED_EDGE ( 'NONE', *, *, #3348, .T. ) ;
#5126 = VERTEX_POINT ( 'NONE', #3735 ) ;
#5127 = CARTESIAN_POINT ( 'NONE',  ( -0.1249999999999997641, 0.1075000000000000122, 0.008999999999999959421 ) ) ;
#5128 = ORIENTED_EDGE ( 'NONE', *, *, #6894, .F. ) ;
#5129 = CARTESIAN_POINT ( 'NONE',  ( 0.1249999999999999584, 0.1075000000000000122, -0.3750000000000001665 ) ) ;
#5130 = EDGE_CURVE ( 'NONE', #4230, #6265, #1361, .T. ) ;
#5131 = FACE_OUTER_BOUND ( 'NONE', #3323, .T. ) ;
#5132 = EDGE_CURVE ( 'NONE', #5863, #5609, #4897, .T. ) ;
#5133 =( LENGTH_UNIT ( ) NAMED_UNIT ( * ) SI_UNIT ( $, .METRE. ) );
#5134 = LINE ( 'NONE', #3865, #1293 ) ;
#5135 = CARTESIAN_POINT ( 'NONE',  ( 0.1449999999999983802, -1.707404996040164512E-17, 0.3300000000000000155 ) ) ;
#5136 = PLANE ( 'NONE',  #5115 ) ;
#5137 = ORIENTED_EDGE ( 'NONE', *, *, #4133, .F. ) ;
#5138 = DIRECTION ( 'NONE',  ( -0.000000000000000000, -0.000000000000000000, -1.000000000000000000 ) ) ;
#5139 = CARTESIAN_POINT ( 'NONE',  ( -0.1444094488188976955, -1.707404996040164512E-17, -0.3090000000000000524 ) ) ;
#5140 = DIRECTION ( 'NONE',  ( 0.000000000000000000, 1.000000000000000000, 0.000000000000000000 ) ) ;
#5141 = DIRECTION ( 'NONE',  ( -1.000000000000000000, 0.000000000000000000, 0.000000000000000000 ) ) ;
#5142 = VERTEX_POINT ( 'NONE', #6152 ) ;
#5143 = EDGE_CURVE ( 'NONE', #648, #4314, #5442, .T. ) ;
#5144 = CARTESIAN_POINT ( 'NONE',  ( 0.1449999999999983802, -1.707404996040164512E-17, 0.1300000000000000044 ) ) ;
#5145 = FILL_AREA_STYLE ('',( #6916 ) ) ;
#5146 = CARTESIAN_POINT ( 'NONE',  ( 0.1249999999999999584, 0.1175000000000000072, -0.3750000000000001665 ) ) ;
#5147 = DIRECTION ( 'NONE',  ( -0.000000000000000000, -0.000000000000000000, -1.000000000000000000 ) ) ;
#5148 = ORIENTED_EDGE ( 'NONE', *, *, #2889, .T. ) ;
#5149 = PLANE ( 'NONE',  #1191 ) ;
#5150 = ORIENTED_EDGE ( 'NONE', *, *, #3791, .F. ) ;
#5151 = ORIENTED_EDGE ( 'NONE', *, *, #4585, .T. ) ;
#5152 = ADVANCED_FACE ( 'NONE', ( #7759 ), #1785, .F. ) ;
#5153 = LINE ( 'NONE', #4524, #4673 ) ;
#5154 = DIRECTION ( 'NONE',  ( 0.000000000000000000, -0.000000000000000000, -1.000000000000000000 ) ) ;
#5155 = EDGE_CURVE ( 'NONE', #7060, #2490, #6036, .T. ) ;
#5156 = LINE ( 'NONE', #295, #7468 ) ;
#5157 = ORIENTED_EDGE ( 'NONE', *, *, #1562, .F. ) ;
#5158 = EDGE_LOOP ( 'NONE', ( #493, #5271, #1375, #733 ) ) ;
#5159 = LINE ( 'NONE', #374, #2228 ) ;
#5160 = EDGE_CURVE ( 'NONE', #17, #7314, #5482, .T. ) ;
#5161 = VERTEX_POINT ( 'NONE', #1318 ) ;
#5162 = DIRECTION ( 'NONE',  ( 0.1294283079955639570, 0.9831056027603600755, -0.1294283079955639848 ) ) ;
#5163 = ADVANCED_FACE ( 'NONE', ( #3574 ), #2993, .F. ) ;
#5164 = ADVANCED_FACE ( 'NONE', ( #4813 ), #7207, .F. ) ;
#5165 = LINE ( 'NONE', #3824, #4826 ) ;
#5166 = PRESENTATION_STYLE_ASSIGNMENT (( #415 ) ) ;
#5167 = EDGE_CURVE ( 'NONE', #4343, #5041, #3877, .T. ) ;
#5168 = LINE ( 'NONE', #7557, #2038 ) ;
#5169 = AXIS2_PLACEMENT_3D ( 'NONE', #1412, #4321, #6762 ) ;
#5170 = FILL_AREA_STYLE ('',( #6939 ) ) ;
#5171 = DIRECTION ( 'NONE',  ( 0.000000000000000000, 0.000000000000000000, 1.000000000000000000 ) ) ;
#5172 = ORIENTED_EDGE ( 'NONE', *, *, #4439, .T. ) ;
#5173 = VECTOR ( 'NONE', #6196, 39.37007874015748143 ) ;
#5174 = CARTESIAN_POINT ( 'NONE',  ( 0.03500000000000000333, 0.1981889763779526581, -0.3628221439731659781 ) ) ;
#5175 = DIRECTION ( 'NONE',  ( -1.000000000000000000, 0.000000000000000000, 0.000000000000000000 ) ) ;
#5176 = DIRECTION ( 'NONE',  ( 0.000000000000000000, -0.000000000000000000, -1.000000000000000000 ) ) ;
#5177 = DIRECTION ( 'NONE',  ( 0.000000000000000000, 0.000000000000000000, 1.000000000000000000 ) ) ;
#5178 = VECTOR ( 'NONE', #3430, 39.37007874015748143 ) ;
#5179 = DIRECTION ( 'NONE',  ( -1.000000000000000000, 0.000000000000000000, 0.000000000000000000 ) ) ;
#5180 = DIRECTION ( 'NONE',  ( -1.000000000000000000, 0.000000000000000000, 0.000000000000000000 ) ) ;
#5181 = DIRECTION ( 'NONE',  ( -0.000000000000000000, -0.000000000000000000, -1.000000000000000000 ) ) ;
#5182 = DIRECTION ( 'NONE',  ( 0.000000000000000000, 1.000000000000000000, 0.000000000000000000 ) ) ;
#5183 = CARTESIAN_POINT ( 'NONE',  ( 0.1449999999999983524, -0.1299999999999999767, -0.2910000000000000364 ) ) ;
#5184 = EDGE_CURVE ( 'NONE', #7100, #29, #943, .T. ) ;
#5185 = EDGE_LOOP ( 'NONE', ( #6981, #2335, #494, #4138 ) ) ;
#5186 = VECTOR ( 'NONE', #2635, 39.37007874015748143 ) ;
#5187 = CARTESIAN_POINT ( 'NONE',  ( 0.1549999999999983336, -0.1300000000000000600, -0.3090000000000000524 ) ) ;
#5188 = EDGE_LOOP ( 'NONE', ( #4077, #5307, #4391, #2352, #1484, #2719, #6029, #1948 ) ) ;
#5189 = VECTOR ( 'NONE', #7173, 39.37007874015748854 ) ;
#5190 = VECTOR ( 'NONE', #1784, 39.37007874015748143 ) ;
#5191 = EDGE_LOOP ( 'NONE', ( #3612, #683, #143, #1188 ) ) ;
#5192 = VERTEX_POINT ( 'NONE', #5698 ) ;
#5193 = DIRECTION ( 'NONE',  ( -1.000000000000000000, 0.000000000000000000, 0.000000000000000000 ) ) ;
#5194 = DIRECTION ( 'NONE',  ( -1.000000000000000000, 0.000000000000000000, 0.000000000000000000 ) ) ;
#5195 = EDGE_LOOP ( 'NONE', ( #7475, #1390, #5666, #2626, #7676, #6492, #7201, #909, #1888, #6104 ) ) ;
#5196 = AXIS2_PLACEMENT_3D ( 'NONE', #2211, #7011, #1628 ) ;
#5197 = DIRECTION ( 'NONE',  ( -1.000000000000000000, -7.035477150404849144E-15, -1.521184922305145727E-18 ) ) ;
#5198 = AXIS2_PLACEMENT_3D ( 'NONE', #1487, #1561, #867 ) ;
#5199 = ADVANCED_FACE ( 'NONE', ( #7025 ), #7534, .F. ) ;
#5200 = ORIENTED_EDGE ( 'NONE', *, *, #6560, .F. ) ;
#5201 = VERTEX_POINT ( 'NONE', #4518 ) ;
#5202 = PLANE ( 'NONE',  #6013 ) ;
#5203 = VERTEX_POINT ( 'NONE', #393 ) ;
#5204 = LINE ( 'NONE', #4613, #303 ) ;
#5205 = DIMENSIONAL_EXPONENTS ( 1.000000000000000000, 0.000000000000000000, 0.000000000000000000, 0.000000000000000000, 0.000000000000000000, 0.000000000000000000, 0.000000000000000000 ) ;
#5206 = VERTEX_POINT ( 'NONE', #3388 ) ;
#5207 = VECTOR ( 'NONE', #2976, 39.37007874015748143 ) ;
#5208 = LINE ( 'NONE', #7084, #1054 ) ;
#5209 = LINE ( 'NONE', #1552, #5935 ) ;
#5210 = CARTESIAN_POINT ( 'NONE',  ( -0.1449999999999983802, -1.707404996040164512E-17, 0.02999999999999998848 ) ) ;
#5211 = VECTOR ( 'NONE', #6489, 39.37007874015748143 ) ;
#5212 = EDGE_CURVE ( 'NONE', #6928, #4116, #2563, .T. ) ;
#5213 = DIRECTION ( 'NONE',  ( -0.000000000000000000, -0.000000000000000000, -1.000000000000000000 ) ) ;
#5214 = EDGE_LOOP ( 'NONE', ( #4750, #1165, #3832, #6779 ) ) ;
#5215 = VECTOR ( 'NONE', #135, 39.37007874015748143 ) ;
#5216 = VECTOR ( 'NONE', #5865, 39.37007874015748143 ) ;
#5217 = VERTEX_POINT ( 'NONE', #4553 ) ;
#5218 = CARTESIAN_POINT ( 'NONE',  ( -0.1249999999999997641, 0.1175000000000000072, 0.3750000000000002220 ) ) ;
#5219 = PLANE ( 'NONE',  #668 ) ;
#5220 =( NAMED_UNIT ( * ) PLANE_ANGLE_UNIT ( ) SI_UNIT ( $, .RADIAN. ) );
#5221 = VERTEX_POINT ( 'NONE', #5806 ) ;
#5222 = DIRECTION ( 'NONE',  ( -1.000000000000000000, -7.134924142987280985E-15, 0.000000000000000000 ) ) ;
#5223 = CARTESIAN_POINT ( 'NONE',  ( -0.1449999999999999900, 0.1069094488188977315, 0.3300000000000000155 ) ) ;
#5224 = EDGE_CURVE ( 'NONE', #6039, #1507, #5111, .T. ) ;
#5225 = DIRECTION ( 'NONE',  ( -1.402057137379402762E-15, 0.000000000000000000, -1.000000000000000000 ) ) ;
#5226 = EDGE_CURVE ( 'NONE', #4866, #7708, #2079, .T. ) ;
#5227 = CARTESIAN_POINT ( 'NONE',  ( -0.03499999999999996864, 0.1174999999999999795, -0.3750000000000001110 ) ) ;
#5228 = CARTESIAN_POINT ( 'NONE',  ( -0.1450000000000000178, 0.1069094488188977315, 0.1089999999999999858 ) ) ;
#5229 = VERTEX_POINT ( 'NONE', #2811 ) ;
#5230 = LINE ( 'NONE', #4313, #5960 ) ;
#5231 = VECTOR ( 'NONE', #6777, 39.37007874015748143 ) ;
#5232 = ORIENTED_EDGE ( 'NONE', *, *, #4672, .F. ) ;
#5233 = CARTESIAN_POINT ( 'NONE',  ( 0.1449999999999983802, -1.707404996040164512E-17, -0.07000000000000000666 ) ) ;
#5234 = AXIS2_PLACEMENT_3D ( 'NONE', #725, #7319, #4333 ) ;
#5235 = DIRECTION ( 'NONE',  ( -7.062854202149022777E-15, 1.000000000000000000, 0.000000000000000000 ) ) ;
#5236 = EDGE_LOOP ( 'NONE', ( #1877, #2245, #1330, #6008 ) ) ;
#5237 = VECTOR ( 'NONE', #4696, 39.37007874015748143 ) ;
#5238 = FACE_OUTER_BOUND ( 'NONE', #2627, .T. ) ;
#5239 = ORIENTED_EDGE ( 'NONE', *, *, #89, .F. ) ;
#5240 = VERTEX_POINT ( 'NONE', #1574 ) ;
#5241 = DIRECTION ( 'NONE',  ( 6.829619984160659821E-15, 1.000000000000000000, 0.000000000000000000 ) ) ;
#5242 = ORIENTED_EDGE ( 'NONE', *, *, #964, .F. ) ;
#5243 = CARTESIAN_POINT ( 'NONE',  ( 0.1249999999999997641, 0.1175000000000000072, -0.3300000000000000155 ) ) ;
#5244 = STYLED_ITEM ( 'NONE', ( #4184 ), #1539 ) ;
#5245 = EDGE_CURVE ( 'NONE', #670, #5192, #4480, .T. ) ;
#5246 = VECTOR ( 'NONE', #1005, 39.37007874015748143 ) ;
#5247 = FACE_OUTER_BOUND ( 'NONE', #2349, .T. ) ;
#5248 = FILL_AREA_STYLE_COLOUR ( '', #717 ) ;
#5249 = CIRCLE ( 'NONE', #1869, 0.01059055118110233465 ) ;
#5250 = CARTESIAN_POINT ( 'NONE',  ( -0.1444094488188976677, 0.1075000000000000122, 0.3300000000000000155 ) ) ;
#5251 = CARTESIAN_POINT ( 'NONE',  ( 0.1249999999999997641, 0.1075000000000000122, -0.03000000000000002318 ) ) ;
#5252 = SURFACE_STYLE_FILL_AREA ( #5170 ) ;
#5253 = DIRECTION ( 'NONE',  ( -0.000000000000000000, -0.000000000000000000, -1.000000000000000000 ) ) ;
#5254 = ORIENTED_EDGE ( 'NONE', *, *, #5306, .F. ) ;
#5255 = VERTEX_POINT ( 'NONE', #5146 ) ;
#5256 = VECTOR ( 'NONE', #5117, 39.37007874015748143 ) ;
#5257 = DIMENSIONAL_EXPONENTS ( 1.000000000000000000, 0.000000000000000000, 0.000000000000000000, 0.000000000000000000, 0.000000000000000000, 0.000000000000000000, 0.000000000000000000 ) ;
#5258 = ORIENTED_EDGE ( 'NONE', *, *, #5569, .F. ) ;
#5259 = LINE ( 'NONE', #7642, #1676 ) ;
#5260 = DIRECTION ( 'NONE',  ( 0.000000000000000000, 1.000000000000000000, -0.000000000000000000 ) ) ;
#5261 = EDGE_CURVE ( 'NONE', #4054, #1072, #3317, .T. ) ;
#5262 = EDGE_CURVE ( 'NONE', #7698, #7366, #3267, .T. ) ;
#5263 = EDGE_CURVE ( 'NONE', #4717, #6379, #2116, .T. ) ;
#5264 = DIRECTION ( 'NONE',  ( -0.000000000000000000, -0.000000000000000000, -1.000000000000000000 ) ) ;
#5265 = FILL_AREA_STYLE ('',( #2382 ) ) ;
#5266 = CARTESIAN_POINT ( 'NONE',  ( 0.1444094488188969738, 0.004000000000000131922, 0.2300000000000000377 ) ) ;
#5267 = DIRECTION ( 'NONE',  ( -1.000000000000000000, 1.759354438110327554E-15, 0.000000000000000000 ) ) ;
#5268 = PLANE ( 'NONE',  #3950 ) ;
#5269 = DIRECTION ( 'NONE',  ( 7.134924142987280985E-15, 1.000000000000000000, 0.000000000000000000 ) ) ;
#5270 = EDGE_CURVE ( 'NONE', #6324, #4637, #1528, .T. ) ;
#5271 = ORIENTED_EDGE ( 'NONE', *, *, #4245, .T. ) ;
#5272 = DIRECTION ( 'NONE',  ( 0.000000000000000000, -0.000000000000000000, -1.000000000000000000 ) ) ;
#5273 = ORIENTED_EDGE ( 'NONE', *, *, #6710, .T. ) ;
#5274 = FACE_OUTER_BOUND ( 'NONE', #1370, .T. ) ;
#5275 = SURFACE_SIDE_STYLE ('',( #1817 ) ) ;
#5276 = EDGE_LOOP ( 'NONE', ( #3592, #3980, #73, #7365 ) ) ;
#5277 = CARTESIAN_POINT ( 'NONE',  ( -0.1250000000000014433, 1.933782298325171402E-15, -0.1260000000000000009 ) ) ;
#5278 = VERTEX_POINT ( 'NONE', #3913 ) ;
#5279 = ORIENTED_EDGE ( 'NONE', *, *, #400, .T. ) ;
#5280 = DIRECTION ( 'NONE',  ( 5.045153244757900714E-15, 0.7071067811865444641, -0.7071067811865504593 ) ) ;
#5281 = ORIENTED_EDGE ( 'NONE', *, *, #3501, .T. ) ;
#5282 = DIRECTION ( 'NONE',  ( -7.062854202149022777E-15, -1.000000000000000000, 0.000000000000000000 ) ) ;
#5283 = LINE ( 'NONE', #3410, #5820 ) ;
#5284 = DIRECTION ( 'NONE',  ( -1.000000000000000000, -7.035477150404849144E-15, -1.521184922305145727E-18 ) ) ;
#5285 = EDGE_CURVE ( 'NONE', #3789, #7091, #1645, .T. ) ;
#5286 = CARTESIAN_POINT ( 'NONE',  ( -0.1449999999999983524, -0.1299999999999999767, 0.1089999999999999858 ) ) ;
#5287 = PLANE ( 'NONE',  #1243 ) ;
#5288 = LINE ( 'NONE', #5879, #1868 ) ;
#5289 = DIRECTION ( 'NONE',  ( 1.000000000000000000, 7.062854202149022777E-15, -0.000000000000000000 ) ) ;
#5290 = ORIENTED_EDGE ( 'NONE', *, *, #4303, .T. ) ;
#5291 = VERTEX_POINT ( 'NONE', #3353 ) ;
#5292 = VECTOR ( 'NONE', #5267, 39.37007874015748143 ) ;
#5293 = CARTESIAN_POINT ( 'NONE',  ( -0.1449999999999999900, 0.1069094488188977315, 0.07000000000000000666 ) ) ;
#5294 = CARTESIAN_POINT ( 'NONE',  ( 0.1549999999999983336, -0.1300000000000000600, -0.2910000000000000364 ) ) ;
#5295 = EDGE_CURVE ( 'NONE', #6469, #6020, #7617, .T. ) ;
#5296 = ORIENTED_EDGE ( 'NONE', *, *, #148, .F. ) ;
#5297 = VECTOR ( 'NONE', #1920, 39.37007874015748143 ) ;
#5298 = DIRECTION ( 'NONE',  ( -0.000000000000000000, -0.000000000000000000, -1.000000000000000000 ) ) ;
#5299 = VERTEX_POINT ( 'NONE', #5738 ) ;
#5300 = DIRECTION ( 'NONE',  ( -7.134924142987280985E-15, 1.000000000000000000, -0.000000000000000000 ) ) ;
#5301 = DIRECTION ( 'NONE',  ( -1.402057137379402762E-15, -0.000000000000000000, 1.000000000000000000 ) ) ;
#5302 = DIRECTION ( 'NONE',  ( -0.000000000000000000, -0.000000000000000000, -1.000000000000000000 ) ) ;
#5303 = VECTOR ( 'NONE', #4825, 39.37007874015748143 ) ;
#5304 = CARTESIAN_POINT ( 'NONE',  ( 0.1444094488188976955, 0.1069094488188977315, 0.2300000000000000377 ) ) ;
#5305 = LINE ( 'NONE', #4713, #3681 ) ;
#5306 = EDGE_CURVE ( 'NONE', #1234, #3445, #6991, .T. ) ;
#5307 = ORIENTED_EDGE ( 'NONE', *, *, #6084, .T. ) ;
#5308 = LINE ( 'NONE', #4760, #70 ) ;
#5309 = EDGE_CURVE ( 'NONE', #2411, #6014, #4632, .T. ) ;
#5310 = ORIENTED_EDGE ( 'NONE', *, *, #587, .F. ) ;
#5311 = VECTOR ( 'NONE', #516, 39.37007874015748143 ) ;
#5312 = ORIENTED_EDGE ( 'NONE', *, *, #2351, .T. ) ;
#5313 = PLANE ( 'NONE',  #569 ) ;
#5314 =( CONVERSION_BASED_UNIT ( 'INCH', #16 ) LENGTH_UNIT ( ) NAMED_UNIT ( #2179 ) );
#5315 = ORIENTED_EDGE ( 'NONE', *, *, #3839, .T. ) ;
#5316 = AXIS2_PLACEMENT_3D ( 'NONE', #6421, #2094, #5755 ) ;
#5317 = CARTESIAN_POINT ( 'NONE',  ( -0.07500000000000002498, 0.2049999999999999045, -0.3050000000000001044 ) ) ;
#5318 = ORIENTED_EDGE ( 'NONE', *, *, #6410, .F. ) ;
#5319 = ORIENTED_EDGE ( 'NONE', *, *, #1540, .F. ) ;
#5320 = ORIENTED_EDGE ( 'NONE', *, *, #1639, .F. ) ;
#5321 = LINE ( 'NONE', #2322, #6642 ) ;
#5322 = ADVANCED_FACE ( 'NONE', ( #363 ), #3992, .F. ) ;
#5323 = ORIENTED_EDGE ( 'NONE', *, *, #3505, .T. ) ;
#5324 = LINE ( 'NONE', #2948, #4688 ) ;
#5325 = VECTOR ( 'NONE', #4747, 39.37007874015748143 ) ;
#5326 = DIRECTION ( 'NONE',  ( 1.000000000000000000, -7.134924142987280985E-15, 0.000000000000000000 ) ) ;
#5327 = VECTOR ( 'NONE', #692, 39.37007874015748143 ) ;
#5328 = CARTESIAN_POINT ( 'NONE',  ( -0.1444094488188976955, 0.1069094488188977315, 0.1089999999999999858 ) ) ;
#5329 = PLANE ( 'NONE',  #4427 ) ;
#5330 = CARTESIAN_POINT ( 'NONE',  ( 0.1550000000000000266, 0.1069094488188977315, 0.07000000000000000666 ) ) ;
#5331 = VERTEX_POINT ( 'NONE', #1808 ) ;
#5332 = LINE ( 'NONE', #2333, #6373 ) ;
#5333 = LINE ( 'NONE', #5410, #3722 ) ;
#5334 = ORIENTED_EDGE ( 'NONE', *, *, #35, .F. ) ;
#5335 = AXIS2_PLACEMENT_3D ( 'NONE', #161, #4952, #7341 ) ;
#5336 = EDGE_LOOP ( 'NONE', ( #6188, #1465, #7261, #7248 ) ) ;
#5337 = EDGE_CURVE ( 'NONE', #5665, #4230, #6603, .T. ) ;
#5338 = CARTESIAN_POINT ( 'NONE',  ( 0.1449999999999979639, -1.707404996040164512E-17, 0.2740000000000000768 ) ) ;
#5339 = VECTOR ( 'NONE', #4241, 39.37007874015748143 ) ;
#5340 = LINE ( 'NONE', #5294, #3778 ) ;
#5341 = FILL_AREA_STYLE ('',( #1798 ) ) ;
#5342 = CARTESIAN_POINT ( 'NONE',  ( 0.1550000000000000266, 0.1069094488188977315, -0.2910000000000000364 ) ) ;
#5343 = ORIENTED_EDGE ( 'NONE', *, *, #4394, .F. ) ;
#5344 = EDGE_CURVE ( 'NONE', #3608, #7707, #3510, .T. ) ;
#5345 = VECTOR ( 'NONE', #5589, 39.37007874015748143 ) ;
#5346 = CARTESIAN_POINT ( 'NONE',  ( -0.1549999999999992772, -1.707404996040164512E-17, -0.2910000000000000364 ) ) ;
#5347 = DIRECTION ( 'NONE',  ( -6.829619984160659821E-15, 1.000000000000000000, 0.000000000000000000 ) ) ;
#5348 = CARTESIAN_POINT ( 'NONE',  ( -0.1250000000000014433, 1.942319323305372256E-15, 0.3259999999999999565 ) ) ;
#5349 = LINE ( 'NONE', #7737, #7728 ) ;
#5350 = CARTESIAN_POINT ( 'NONE',  ( 0.1449999999999983802, -1.707404996040164512E-17, 0.07000000000000000666 ) ) ;
#5351 = VERTEX_POINT ( 'NONE', #2886 ) ;
#5352 = DIRECTION ( 'NONE',  ( 0.000000000000000000, -0.000000000000000000, -1.000000000000000000 ) ) ;
#5353 = VECTOR ( 'NONE', #6564, 39.37007874015748143 ) ;
#5354 = VERTEX_POINT ( 'NONE', #2970 ) ;
#5355 = PLANE ( 'NONE',  #1564 ) ;
#5356 = SURFACE_SIDE_STYLE ('',( #2863 ) ) ;
#5357 = ORIENTED_EDGE ( 'NONE', *, *, #7139, .F. ) ;
#5358 = ORIENTED_EDGE ( 'NONE', *, *, #3852, .T. ) ;
#5359 = LINE ( 'NONE', #2393, #1452 ) ;
#5360 = VECTOR ( 'NONE', #5483, 39.37007874015748143 ) ;
#5361 = ORIENTED_EDGE ( 'NONE', *, *, #613, .T. ) ;
#5362 = ORIENTED_EDGE ( 'NONE', *, *, #5337, .T. ) ;
#5363 = ORIENTED_EDGE ( 'NONE', *, *, #7082, .T. ) ;
#5364 = LINE ( 'NONE', #7753, #3472 ) ;
#5365 = ORIENTED_EDGE ( 'NONE', *, *, #3506, .F. ) ;
#5366 = LINE ( 'NONE', #7755, #3176 ) ;
#5367 = ADVANCED_FACE ( 'NONE', ( #2425 ), #2928, .F. ) ;
#5368 = CARTESIAN_POINT ( 'NONE',  ( -0.1550000000000000266, 0.1069094488188977315, 0.1700000000000000400 ) ) ;
#5369 = DIRECTION ( 'NONE',  ( 1.000000000000000000, 0.000000000000000000, 0.000000000000000000 ) ) ;
#5370 = CARTESIAN_POINT ( 'NONE',  ( -0.1249999999999997641, 0.1075000000000000122, -0.2910000000000000364 ) ) ;
#5371 = MECHANICAL_DESIGN_GEOMETRIC_PRESENTATION_REPRESENTATION (  '', ( #1601 ), #6366 ) ;
#5372 = DIRECTION ( 'NONE',  ( 1.000000000000000000, 0.000000000000000000, -0.000000000000000000 ) ) ;
#5373 = ORIENTED_EDGE ( 'NONE', *, *, #1467, .F. ) ;
#5374 = DIRECTION ( 'NONE',  ( -1.000000000000000000, 1.759354438110327554E-15, 0.000000000000000000 ) ) ;
#5375 = EDGE_CURVE ( 'NONE', #5705, #2827, #6522, .T. ) ;
#5376 = FACE_OUTER_BOUND ( 'NONE', #3522, .T. ) ;
#5377 = ORIENTED_EDGE ( 'NONE', *, *, #3474, .T. ) ;
#5378 = VECTOR ( 'NONE', #7409, 39.37007874015748143 ) ;
#5379 = AXIS2_PLACEMENT_3D ( 'NONE', #4816, #624, #5409 ) ;
#5380 = DIRECTION ( 'NONE',  ( 0.000000000000000000, 0.000000000000000000, 1.000000000000000000 ) ) ;
#5381 = CARTESIAN_POINT ( 'NONE',  ( -0.1450000000000000455, 0.1069094488188977315, 0.3089999999999999414 ) ) ;
#5382 = CARTESIAN_POINT ( 'NONE',  ( -0.1449999999999979639, -1.707404996040164512E-17, -0.3259999999999999565 ) ) ;
#5383 = AXIS2_PLACEMENT_3D ( 'NONE', #4521, #4601, #5081 ) ;
#5384 = ORIENTED_EDGE ( 'NONE', *, *, #4766, .T. ) ;
#5385 = CARTESIAN_POINT ( 'NONE',  ( 0.1550000000000000266, 0.1069094488188977315, 0.2699999999999999623 ) ) ;
#5386 =( NAMED_UNIT ( * ) SI_UNIT ( $, .STERADIAN. ) SOLID_ANGLE_UNIT ( ) );
#5387 = DIRECTION ( 'NONE',  ( 1.000000000000000000, -6.829619984160659821E-15, 0.000000000000000000 ) ) ;
#5388 = DIRECTION ( 'NONE',  ( -0.000000000000000000, -0.000000000000000000, -1.000000000000000000 ) ) ;
#5389 = LINE ( 'NONE', #638, #7114 ) ;
#5390 = CARTESIAN_POINT ( 'NONE',  ( -0.1450000000000000455, 0.1069094488188977315, -0.1910000000000000309 ) ) ;
#5391 = CARTESIAN_POINT ( 'NONE',  ( -0.07500000000000002498, 0.2099999999999999090, -0.3050000000000001044 ) ) ;
#5392 = ORIENTED_EDGE ( 'NONE', *, *, #7531, .T. ) ;
#5393 = PLANE ( 'NONE',  #3933 ) ;
#5394 = FILL_AREA_STYLE ('',( #1227 ) ) ;
#5395 = VERTEX_POINT ( 'NONE', #598 ) ;
#5396 = DIRECTION ( 'NONE',  ( 1.000000000000000000, 0.000000000000000000, 0.000000000000000000 ) ) ;
#5397 = ORIENTED_EDGE ( 'NONE', *, *, #1706, .T. ) ;
#5398 = ORIENTED_EDGE ( 'NONE', *, *, #1115, .F. ) ;
#5399 = LINE ( 'NONE', #4806, #236 ) ;
#5400 = ADVANCED_FACE ( 'NONE', ( #4755 ), #2383, .F. ) ;
#5401 = ORIENTED_EDGE ( 'NONE', *, *, #5457, .F. ) ;
#5402 = CARTESIAN_POINT ( 'NONE',  ( -0.1449999999999983524, -0.1299999999999999767, 0.2090000000000000191 ) ) ;
#5403 = EDGE_CURVE ( 'NONE', #5716, #399, #2345, .T. ) ;
#5404 = FACE_OUTER_BOUND ( 'NONE', #3961, .T. ) ;
#5405 = CARTESIAN_POINT ( 'NONE',  ( -0.1444094488188976955, 0.1069094488188977315, 0.07000000000000000666 ) ) ;
#5406 = CARTESIAN_POINT ( 'NONE',  ( -0.1444094488188976955, 0.1069094488188977315, -0.07000000000000000666 ) ) ;
#5407 = DIRECTION ( 'NONE',  ( -0.1294283079955640126, 0.9831056027603600755, -0.1294283079955639293 ) ) ;
#5408 = ORIENTED_EDGE ( 'NONE', *, *, #3314, .T. ) ;
#5409 = DIRECTION ( 'NONE',  ( 7.062854202149022777E-15, 1.000000000000000000, 0.000000000000000000 ) ) ;
#5410 = CARTESIAN_POINT ( 'NONE',  ( -0.1449999999999983524, -0.1299999999999999767, 0.1910000000000000309 ) ) ;
#5411 = EDGE_LOOP ( 'NONE', ( #4004, #7751, #1509, #852 ) ) ;
#5412 = EDGE_CURVE ( 'NONE', #6708, #1184, #1686, .T. ) ;
#5413 = EDGE_CURVE ( 'NONE', #3445, #6655, #1218, .T. ) ;
#5414 = ORIENTED_EDGE ( 'NONE', *, *, #3360, .T. ) ;
#5415 = DIRECTION ( 'NONE',  ( 0.000000000000000000, 0.7071067811865504593, 0.7071067811865444641 ) ) ;
#5416 = DIRECTION ( 'NONE',  ( 5.045153244757943312E-15, -0.7071067811865504593, -0.7071067811865444641 ) ) ;
#5417 =( LENGTH_UNIT ( ) NAMED_UNIT ( * ) SI_UNIT ( $, .METRE. ) );
#5418 = ADVANCED_FACE ( 'NONE', ( #555 ), #3553, .F. ) ;
#5419 = EDGE_LOOP ( 'NONE', ( #406, #3814, #1744, #4807, #271, #3551, #5323, #6652 ) ) ;
#5420 = DIRECTION ( 'NONE',  ( 0.000000000000000000, 1.000000000000000000, 0.000000000000000000 ) ) ;
#5421 = DIRECTION ( 'NONE',  ( 0.000000000000000000, 0.000000000000000000, 1.000000000000000000 ) ) ;
#5422 = PLANE ( 'NONE',  #1150 ) ;
#5423 = CARTESIAN_POINT ( 'NONE',  ( -0.1444094488188976677, 0.1075000000000000122, 0.1300000000000000044 ) ) ;
#5424 = CARTESIAN_POINT ( 'NONE',  ( 0.1550000000000000266, 0.1069094488188977315, 0.1700000000000000400 ) ) ;
#5425 = ORIENTED_EDGE ( 'NONE', *, *, #7666, .F. ) ;
#5426 = ORIENTED_EDGE ( 'NONE', *, *, #2731, .T. ) ;
#5427 = CARTESIAN_POINT ( 'NONE',  ( 0.1249999999999997641, 0.1075000000000000122, 0.008999999999999959421 ) ) ;
#5428 = AXIS2_PLACEMENT_3D ( 'NONE', #7143, #5260, #2961 ) ;
#5429 = CARTESIAN_POINT ( 'NONE',  ( -0.1449999999999983802, -1.707404996040164512E-17, -0.02600000000000000921 ) ) ;
#5430 = ORIENTED_EDGE ( 'NONE', *, *, #5245, .F. ) ;
#5431 = ORIENTED_EDGE ( 'NONE', *, *, #4943, .F. ) ;
#5432 = ADVANCED_FACE ( 'NONE', ( #1728 ), #4149, .T. ) ;
#5433 = LINE ( 'NONE', #58, #2570 ) ;
#5434 = ORIENTED_EDGE ( 'NONE', *, *, #2609, .T. ) ;
#5435 = ORIENTED_EDGE ( 'NONE', *, *, #5503, .T. ) ;
#5436 = DIRECTION ( 'NONE',  ( -0.000000000000000000, -0.000000000000000000, -1.000000000000000000 ) ) ;
#5437 = ORIENTED_EDGE ( 'NONE', *, *, #4157, .T. ) ;
#5438 = FACE_OUTER_BOUND ( 'NONE', #115, .T. ) ;
#5439 = VECTOR ( 'NONE', #459, 39.37007874015748854 ) ;
#5440 = DIRECTION ( 'NONE',  ( 0.000000000000000000, -0.000000000000000000, -1.000000000000000000 ) ) ;
#5441 = ADVANCED_FACE ( 'NONE', ( #7649 ), #5422, .F. ) ;
#5442 = LINE ( 'NONE', #4936, #3149 ) ;
#5443 = DIRECTION ( 'NONE',  ( -0.000000000000000000, -0.000000000000000000, -1.000000000000000000 ) ) ;
#5444 = VERTEX_POINT ( 'NONE', #5927 ) ;
#5445 = ORIENTED_EDGE ( 'NONE', *, *, #1467, .T. ) ;
#5446 = FACE_OUTER_BOUND ( 'NONE', #3111, .T. ) ;
#5447 = LINE ( 'NONE', #4218, #971 ) ;
#5448 = ORIENTED_EDGE ( 'NONE', *, *, #7165, .F. ) ;
#5449 = ORIENTED_EDGE ( 'NONE', *, *, #5403, .F. ) ;
#5450 = VECTOR ( 'NONE', #5886, 39.37007874015748854 ) ;
#5451 = ORIENTED_EDGE ( 'NONE', *, *, #7132, .F. ) ;
#5452 = CARTESIAN_POINT ( 'NONE',  ( 0.1550000000000000544, -1.707404996040164512E-17, 0.09099999999999999756 ) ) ;
#5453 = EDGE_CURVE ( 'NONE', #6862, #3686, #2307, .T. ) ;
#5454 = LINE ( 'NONE', #2416, #538 ) ;
#5455 = VECTOR ( 'NONE', #5352, 39.37007874015748143 ) ;
#5456 = SURFACE_STYLE_FILL_AREA ( #5341 ) ;
#5457 = EDGE_CURVE ( 'NONE', #4775, #6950, #6291, .T. ) ;
#5458 = VECTOR ( 'NONE', #4842, 39.37007874015748143 ) ;
#5459 = CARTESIAN_POINT ( 'NONE',  ( 0.1249999999999997641, 0.1175000000000000072, 0.02999999999999998848 ) ) ;
#5460 = LINE ( 'NONE', #93, #1929 ) ;
#5461 = DIRECTION ( 'NONE',  ( 0.000000000000000000, 0.000000000000000000, 1.000000000000000000 ) ) ;
#5462 = CARTESIAN_POINT ( 'NONE',  ( 0.1449999999999999900, 0.1069094488188977315, -0.3300000000000000155 ) ) ;
#5463 = CARTESIAN_POINT ( 'NONE',  ( -0.1549999999999983336, -0.1300000000000000600, -0.009000000000000027076 ) ) ;
#5464 = VECTOR ( 'NONE', #2578, 39.37007874015748143 ) ;
#5465 = VERTEX_POINT ( 'NONE', #7736 ) ;
#5466 = VECTOR ( 'NONE', #873, 39.37007874015748143 ) ;
#5467 = AXIS2_PLACEMENT_3D ( 'NONE', #568, #7705, #2984 ) ;
#5468 = FACE_OUTER_BOUND ( 'NONE', #3065, .T. ) ;
#5469 = EDGE_CURVE ( 'NONE', #4372, #949, #1058, .T. ) ;
#5470 = DIRECTION ( 'NONE',  ( 0.000000000000000000, -0.000000000000000000, -1.000000000000000000 ) ) ;
#5471 = EDGE_LOOP ( 'NONE', ( #5062, #567, #3605, #4350 ) ) ;
#5472 = EDGE_CURVE ( 'NONE', #3394, #670, #2265, .T. ) ;
#5473 = ORIENTED_EDGE ( 'NONE', *, *, #6863, .F. ) ;
#5474 = CARTESIAN_POINT ( 'NONE',  ( 0.1449999999999983524, -0.1299999999999999767, 0.1089999999999999858 ) ) ;
#5475 =( GEOMETRIC_REPRESENTATION_CONTEXT ( 3 ) GLOBAL_UNCERTAINTY_ASSIGNED_CONTEXT ( ( #7673 ) ) GLOBAL_UNIT_ASSIGNED_CONTEXT ( ( #2821, #3287, #6262 ) ) REPRESENTATION_CONTEXT ( 'NONE', 'WORKASPACE' ) );
#5476 = ORIENTED_EDGE ( 'NONE', *, *, #1013, .F. ) ;
#5477 = PLANE ( 'NONE',  #3453 ) ;
#5478 = ORIENTED_EDGE ( 'NONE', *, *, #4787, .T. ) ;
#5479 = CARTESIAN_POINT ( 'NONE',  ( -0.1444094488188976677, 0.1175000000000000488, -0.2910000000000000364 ) ) ;
#5480 = CARTESIAN_POINT ( 'NONE',  ( -0.1249999999999997641, 0.1175000000000000072, -0.1910000000000000309 ) ) ;
#5481 = VECTOR ( 'NONE', #1028, 39.37007874015748143 ) ;
#5482 = LINE ( 'NONE', #1201, #6426 ) ;
#5483 = DIRECTION ( 'NONE',  ( -0.000000000000000000, -0.000000000000000000, -1.000000000000000000 ) ) ;
#5484 = EDGE_LOOP ( 'NONE', ( #6384, #6519, #491, #6803 ) ) ;
#5485 = EDGE_LOOP ( 'NONE', ( #3930, #3246, #7655, #4973 ) ) ;
#5486 = PLANE ( 'NONE',  #1737 ) ;
#5487 = FACE_OUTER_BOUND ( 'NONE', #1684, .T. ) ;
#5488 = ORIENTED_EDGE ( 'NONE', *, *, #1718, .T. ) ;
#5489 = EDGE_CURVE ( 'NONE', #228, #2294, #5974, .T. ) ;
#5490 = ORIENTED_EDGE ( 'NONE', *, *, #1255, .T. ) ;
#5491 = VECTOR ( 'NONE', #6208, 39.37007874015748143 ) ;
#5492 = CARTESIAN_POINT ( 'NONE',  ( 0.1250000000000014433, 1.933782298325171402E-15, -0.1260000000000000009 ) ) ;
#5493 = EDGE_CURVE ( 'NONE', #2947, #2015, #4152, .T. ) ;
#5494 = CARTESIAN_POINT ( 'NONE',  ( -0.1549999999999983336, -0.1300000000000000600, -0.2910000000000000364 ) ) ;
#5495 = FACE_OUTER_BOUND ( 'NONE', #6435, .T. ) ;
#5496 = VECTOR ( 'NONE', #2409, 39.37007874015748143 ) ;
#5497 = ORIENTED_EDGE ( 'NONE', *, *, #6920, .F. ) ;
#5498 = PRESENTATION_LAYER_ASSIGNMENT (  '', '', ( #7381 ) ) ;
#5499 = AXIS2_PLACEMENT_3D ( 'NONE', #3577, #7047, #1081 ) ;
#5500 = CARTESIAN_POINT ( 'NONE',  ( 0.1550000000000000266, 0.1069094488188977315, -0.07000000000000000666 ) ) ;
#5501 = ADVANCED_FACE ( 'NONE', ( #2616 ), #2545, .F. ) ;
#5502 = LINE ( 'NONE', #130, #930 ) ;
#5503 = EDGE_CURVE ( 'NONE', #919, #2269, #7305, .T. ) ;
#5504 = DIRECTION ( 'NONE',  ( 0.000000000000000000, 0.000000000000000000, 1.000000000000000000 ) ) ;
#5505 = VECTOR ( 'NONE', #4013, 39.37007874015748143 ) ;
#5506 = DIRECTION ( 'NONE',  ( 1.000000000000000000, 0.000000000000000000, 0.000000000000000000 ) ) ;
#5507 = LINE ( 'NONE', #51, #5624 ) ;
#5508 = ADVANCED_FACE ( 'NONE', ( #1925 ), #3051, .F. ) ;
#5509 = EDGE_CURVE ( 'NONE', #3305, #2118, #3093, .T. ) ;
#5510 = ORIENTED_EDGE ( 'NONE', *, *, #4091, .T. ) ;
#5511 = DIRECTION ( 'NONE',  ( 0.000000000000000000, -0.000000000000000000, -1.000000000000000000 ) ) ;
#5512 = FILL_AREA_STYLE_COLOUR ( '', #7351 ) ;
#5513 = ORIENTED_EDGE ( 'NONE', *, *, #2596, .T. ) ;
#5514 = EDGE_CURVE ( 'NONE', #5527, #2310, #7414, .T. ) ;
#5515 = LINE ( 'NONE', #5474, #708 ) ;
#5516 = ORIENTED_EDGE ( 'NONE', *, *, #6165, .T. ) ;
#5517 = ORIENTED_EDGE ( 'NONE', *, *, #7040, .T. ) ;
#5518 = CARTESIAN_POINT ( 'NONE',  ( 0.1249999999999999584, 0.1075000000000000122, -0.3750000000000001665 ) ) ;
#5519 = ORIENTED_EDGE ( 'NONE', *, *, #2138, .F. ) ;
#5520 = LINE ( 'NONE', #3138, #362 ) ;
#5521 = ORIENTED_EDGE ( 'NONE', *, *, #3559, .T. ) ;
#5522 = ORIENTED_EDGE ( 'NONE', *, *, #2138, .T. ) ;
#5523 = DIRECTION ( 'NONE',  ( -0.000000000000000000, 0.000000000000000000, 1.000000000000000000 ) ) ;
#5524 = LINE ( 'NONE', #3109, #2554 ) ;
#5525 = DIRECTION ( 'NONE',  ( 0.000000000000000000, -0.000000000000000000, -1.000000000000000000 ) ) ;
#5526 = VERTEX_POINT ( 'NONE', #6684 ) ;
#5527 = VERTEX_POINT ( 'NONE', #1999 ) ;
#5528 = CARTESIAN_POINT ( 'NONE',  ( 0.03500000000000000333, 0.2099999999999999090, -0.3628221439731659781 ) ) ;
#5529 = CARTESIAN_POINT ( 'NONE',  ( -0.1550000000000000544, -3.615130378819710002E-17, -0.02600000000000000921 ) ) ;
#5530 = ORIENTED_EDGE ( 'NONE', *, *, #4192, .T. ) ;
#5531 = CARTESIAN_POINT ( 'NONE',  ( 0.1550000000000000266, 0.1069094488188977315, 0.09099999999999999756 ) ) ;
#5532 = LINE ( 'NONE', #2639, #7322 ) ;
#5533 = ADVANCED_FACE ( 'NONE', ( #1298 ), #2032, .F. ) ;
#5534 = CARTESIAN_POINT ( 'NONE',  ( 0.1449999999999983524, -0.1299999999999999767, 0.2909999999999999809 ) ) ;
#5535 = CARTESIAN_POINT ( 'NONE',  ( -0.1450000000000000455, 0.1069094488188977315, 0.1089999999999999858 ) ) ;
#5536 = DIRECTION ( 'NONE',  ( -1.533174863687841128E-14, 1.000000000000000000, 0.000000000000000000 ) ) ;
#5537 = ORIENTED_EDGE ( 'NONE', *, *, #7616, .T. ) ;
#5538 = CARTESIAN_POINT ( 'NONE',  ( 0.1450000000000000455, 0.1069094488188977315, -0.2910000000000000364 ) ) ;
#5539 = CARTESIAN_POINT ( 'NONE',  ( 0.1249999999999997641, 0.1175000000000000072, 0.008999999999999959421 ) ) ;
#5540 = ADVANCED_FACE ( 'NONE', ( #6170 ), #1891, .F. ) ;
#5541 = DIRECTION ( 'NONE',  ( 0.000000000000000000, 1.000000000000000000, 0.000000000000000000 ) ) ;
#5542 = DIRECTION ( 'NONE',  ( 5.045153244757943312E-15, -0.7071067811865504593, -0.7071067811865444641 ) ) ;
#5543 = CARTESIAN_POINT ( 'NONE',  ( -0.1550000000000000544, -1.707404996040164512E-17, 0.1910000000000000309 ) ) ;
#5544 = PLANE ( 'NONE',  #3189 ) ;
#5545 = PLANE ( 'NONE',  #4065 ) ;
#5546 = AXIS2_PLACEMENT_3D ( 'NONE', #1278, #1240, #3073 ) ;
#5547 = DIRECTION ( 'NONE',  ( 0.000000000000000000, 0.000000000000000000, 1.000000000000000000 ) ) ;
#5548 = ORIENTED_EDGE ( 'NONE', *, *, #2027, .T. ) ;
#5549 = EDGE_CURVE ( 'NONE', #5255, #4893, #6097, .T. ) ;
#5550 = VERTEX_POINT ( 'NONE', #4916 ) ;
#5551 = CARTESIAN_POINT ( 'NONE',  ( -0.1449999999999983524, -0.1299999999999999767, -0.2910000000000000364 ) ) ;
#5552 = EDGE_LOOP ( 'NONE', ( #3542, #6850, #7628, #5995 ) ) ;
#5553 = LINE ( 'NONE', #7359, #7008 ) ;
#5554 = ADVANCED_FACE ( 'NONE', ( #6795 ), #6136, .F. ) ;
#5555 = ORIENTED_EDGE ( 'NONE', *, *, #3226, .T. ) ;
#5556 = EDGE_CURVE ( 'NONE', #3685, #1284, #714, .T. ) ;
#5557 = VECTOR ( 'NONE', #5140, 39.37007874015748143 ) ;
#5558 = LINE ( 'NONE', #3218, #5075 ) ;
#5559 = DIRECTION ( 'NONE',  ( 1.000000000000000000, 6.829619984160659821E-15, -0.000000000000000000 ) ) ;
#5560 = LINE ( 'NONE', #4411, #6359 ) ;
#5561 = EDGE_CURVE ( 'NONE', #3632, #750, #1379, .T. ) ;
#5562 = VECTOR ( 'NONE', #2250, 39.37007874015748854 ) ;
#5563 = VERTEX_POINT ( 'NONE', #6648 ) ;
#5564 = EDGE_LOOP ( 'NONE', ( #3743, #4239, #6844, #6189 ) ) ;
#5565 = LINE ( 'NONE', #7367, #7631 ) ;
#5566 = CLOSED_SHELL ( 'NONE', ( #412, #4409, #1796, #1328, #3444, #2722, #7634, #3749, #3171, #6551, #2087, #813, #2392, #3645, #4730, #3623 ) ) ;
#5567 = DIRECTION ( 'NONE',  ( -1.000000000000000000, 0.000000000000000000, 0.000000000000000000 ) ) ;
#5568 = VERTEX_POINT ( 'NONE', #4276 ) ;
#5569 = EDGE_CURVE ( 'NONE', #6256, #1599, #4997, .T. ) ;
#5570 = DIRECTION ( 'NONE',  ( 1.000000000000000000, 0.000000000000000000, 0.000000000000000000 ) ) ;
#5571 = DIRECTION ( 'NONE',  ( -0.000000000000000000, -0.000000000000000000, -1.000000000000000000 ) ) ;
#5572 = CARTESIAN_POINT ( 'NONE',  ( -0.1444094488188976955, 0.1069094488188977315, 0.02999999999999998848 ) ) ;
#5573 = VECTOR ( 'NONE', #4383, 39.37007874015748143 ) ;
#5574 = LINE ( 'NONE', #744, #3853 ) ;
#5575 = LINE ( 'NONE', #820, #1723 ) ;
#5576 = VECTOR ( 'NONE', #6945, 39.37007874015748143 ) ;
#5577 = VERTEX_POINT ( 'NONE', #6206 ) ;
#5578 = ADVANCED_FACE ( 'NONE', ( #672 ), #827, .F. ) ;
#5579 = CARTESIAN_POINT ( 'NONE',  ( -0.1550000000000000266, 0.1069094488188977315, -0.1700000000000000400 ) ) ;
#5580 = VECTOR ( 'NONE', #6903, 39.37007874015748143 ) ;
#5581 = FACE_OUTER_BOUND ( 'NONE', #3252, .T. ) ;
#5582 = AXIS2_PLACEMENT_3D ( 'NONE', #6292, #4001, #2160 ) ;
#5583 = CARTESIAN_POINT ( 'NONE',  ( 0.1444094488188976677, 0.1075000000000000122, 0.1300000000000000044 ) ) ;
#5584 = CARTESIAN_POINT ( 'NONE',  ( -0.1444094488188976955, 0.1069094488188977315, -0.09100000000000003919 ) ) ;
#5585 = FACE_OUTER_BOUND ( 'NONE', #2778, .T. ) ;
#5586 = AXIS2_PLACEMENT_3D ( 'NONE', #5978, #3557, #602 ) ;
#5587 = ADVANCED_FACE ( 'NONE', ( #1259 ), #3634, .F. ) ;
#5588 = DIRECTION ( 'NONE',  ( 0.000000000000000000, -0.000000000000000000, -1.000000000000000000 ) ) ;
#5589 = DIRECTION ( 'NONE',  ( -0.000000000000000000, -0.000000000000000000, -1.000000000000000000 ) ) ;
#5590 = CIRCLE ( 'NONE', #3423, 0.01059055118110233465 ) ;
#5591 = ORIENTED_EDGE ( 'NONE', *, *, #6664, .F. ) ;
#5592 = FACE_OUTER_BOUND ( 'NONE', #4721, .T. ) ;
#5593 = AXIS2_PLACEMENT_3D ( 'NONE', #5736, #6954, #7460 ) ;
#5594 = ORIENTED_EDGE ( 'NONE', *, *, #6111, .T. ) ;
#5595 = DIRECTION ( 'NONE',  ( 3.194114299349669345E-16, -1.000000000000000000, 0.000000000000000000 ) ) ;
#5596 = VECTOR ( 'NONE', #5147, 39.37007874015748143 ) ;
#5597 = ORIENTED_EDGE ( 'NONE', *, *, #5453, .T. ) ;
#5598 = EDGE_LOOP ( 'NONE', ( #7369, #7723, #2375, #6574 ) ) ;
#5599 = DIRECTION ( 'NONE',  ( -1.000000000000000000, 0.000000000000000000, 0.000000000000000000 ) ) ;
#5600 = DIRECTION ( 'NONE',  ( -1.000000000000000000, 0.000000000000000000, 0.000000000000000000 ) ) ;
#5601 = EDGE_CURVE ( 'NONE', #4947, #1659, #5107, .T. ) ;
#5602 = ORIENTED_EDGE ( 'NONE', *, *, #356, .T. ) ;
#5603 = ORIENTED_EDGE ( 'NONE', *, *, #3998, .T. ) ;
#5604 = CARTESIAN_POINT ( 'NONE',  ( -0.1249999999999997641, 0.1075000000000000122, -0.09100000000000003919 ) ) ;
#5605 = EDGE_CURVE ( 'NONE', #698, #1021, #7608, .T. ) ;
#5606 = CARTESIAN_POINT ( 'NONE',  ( -0.1249999999999997641, 0.1175000000000000072, 0.1300000000000000044 ) ) ;
#5607 = EDGE_LOOP ( 'NONE', ( #4342, #162, #6486, #6150 ) ) ;
#5608 = EDGE_CURVE ( 'NONE', #4893, #3652, #357, .T. ) ;
#5609 = VERTEX_POINT ( 'NONE', #6912 ) ;
#5610 = FACE_OUTER_BOUND ( 'NONE', #1310, .T. ) ;
#5611 = LINE ( 'NONE', #241, #1163 ) ;
#5612 = ADVANCED_FACE ( 'NONE', ( #3349 ), #5656, .F. ) ;
#5613 = DIRECTION ( 'NONE',  ( 0.000000000000000000, 1.000000000000000000, 0.000000000000000000 ) ) ;
#5614 = SURFACE_STYLE_FILL_AREA ( #6787 ) ;
#5615 = CIRCLE ( 'NONE', #7479, 0.0005905511811023039749 ) ;
#5616 = ORIENTED_EDGE ( 'NONE', *, *, #5106, .T. ) ;
#5617 = ORIENTED_EDGE ( 'NONE', *, *, #324, .T. ) ;
#5618 = AXIS2_PLACEMENT_3D ( 'NONE', #6078, #2600, #699 ) ;
#5619 = CARTESIAN_POINT ( 'NONE',  ( -0.1444094488188976955, 0.1069094488188977315, 0.2699999999999999623 ) ) ;
#5620 = DIRECTION ( 'NONE',  ( 1.000000000000000000, 0.000000000000000000, -0.000000000000000000 ) ) ;
#5621 = DIRECTION ( 'NONE',  ( -6.829619984160659821E-15, 1.000000000000000000, 0.000000000000000000 ) ) ;
#5622 =( NAMED_UNIT ( * ) PLANE_ANGLE_UNIT ( ) SI_UNIT ( $, .RADIAN. ) );
#5623 = CARTESIAN_POINT ( 'NONE',  ( -0.1444094488188976955, 0.1069094488188977315, -0.03000000000000002318 ) ) ;
#5624 = VECTOR ( 'NONE', #2385, 39.37007874015748143 ) ;
#5625 = CARTESIAN_POINT ( 'NONE',  ( 0.1444094488188976955, 0.1069094488188977315, 0.09099999999999999756 ) ) ;
#5626 = COLOUR_RGB ( '',0.7921568627450980005, 0.8196078431372548767, 0.9333333333333333481 ) ;
#5627 = FILL_AREA_STYLE ('',( #6063 ) ) ;
#5628 = ADVANCED_FACE ( 'NONE', ( #3835 ), #5219, .T. ) ;
#5629 = DIRECTION ( 'NONE',  ( 1.000000000000000000, -7.134924142987280985E-15, 0.000000000000000000 ) ) ;
#5630 = ORIENTED_EDGE ( 'NONE', *, *, #3988, .T. ) ;
#5631 = LINE ( 'NONE', #106, #2853 ) ;
#5632 = ORIENTED_EDGE ( 'NONE', *, *, #1046, .T. ) ;
#5633 = CARTESIAN_POINT ( 'NONE',  ( 0.1249999999999997641, 0.1175000000000000072, -0.2910000000000000364 ) ) ;
#5634 = VECTOR ( 'NONE', #5944, 39.37007874015748143 ) ;
#5635 = EDGE_LOOP ( 'NONE', ( #1772, #2304, #614, #4837 ) ) ;
#5636 = ORIENTED_EDGE ( 'NONE', *, *, #1560, .T. ) ;
#5637 = CARTESIAN_POINT ( 'NONE',  ( -0.1444094488188976955, 0.1069094488188977315, -0.09100000000000003919 ) ) ;
#5638 = DIRECTION ( 'NONE',  ( -1.000000000000000000, 0.000000000000000000, 0.000000000000000000 ) ) ;
#5639 = EDGE_CURVE ( 'NONE', #997, #5863, #170, .T. ) ;
#5640 = ORIENTED_EDGE ( 'NONE', *, *, #5812, .T. ) ;
#5641 = ORIENTED_EDGE ( 'NONE', *, *, #6790, .F. ) ;
#5642 = CARTESIAN_POINT ( 'NONE',  ( 0.1450000000000000178, 0.1069094488188977315, 0.1089999999999999858 ) ) ;
#5643 = FACE_OUTER_BOUND ( 'NONE', #4865, .T. ) ;
#5644 = EDGE_CURVE ( 'NONE', #640, #573, #6876, .T. ) ;
#5645 = EDGE_LOOP ( 'NONE', ( #3041, #1007, #3563, #442 ) ) ;
#5646 = FACE_OUTER_BOUND ( 'NONE', #497, .T. ) ;
#5647 = LINE ( 'NONE', #273, #6943 ) ;
#5648 = DIRECTION ( 'NONE',  ( 0.000000000000000000, 1.000000000000000000, -0.000000000000000000 ) ) ;
#5649 = EDGE_CURVE ( 'NONE', #7146, #1461, #5056, .T. ) ;
#5650 =( NAMED_UNIT ( * ) PLANE_ANGLE_UNIT ( ) SI_UNIT ( $, .RADIAN. ) );
#5651 = EDGE_CURVE ( 'NONE', #5041, #7640, #2726, .T. ) ;
#5652 = DIRECTION ( 'NONE',  ( 1.000000000000000000, 0.000000000000000000, 0.000000000000000000 ) ) ;
#5653 = ORIENTED_EDGE ( 'NONE', *, *, #6797, .F. ) ;
#5654 = DIRECTION ( 'NONE',  ( 0.000000000000000000, 0.000000000000000000, 1.000000000000000000 ) ) ;
#5655 = DIRECTION ( 'NONE',  ( -0.000000000000000000, -0.000000000000000000, -1.000000000000000000 ) ) ;
#5656 = PLANE ( 'NONE',  #3389 ) ;
#5657 = CARTESIAN_POINT ( 'NONE',  ( -0.1450000000000000455, 0.1069094488188977315, 0.008999999999999959421 ) ) ;
#5658 = EDGE_CURVE ( 'NONE', #6469, #2710, #936, .T. ) ;
#5659 = DIRECTION ( 'NONE',  ( -6.829619984160659821E-15, 1.000000000000000000, 0.000000000000000000 ) ) ;
#5660 = FACE_OUTER_BOUND ( 'NONE', #7215, .T. ) ;
#5661 = CARTESIAN_POINT ( 'NONE',  ( -0.1249999999999997641, 0.1175000000000000072, 0.3300000000000000155 ) ) ;
#5662 = ORIENTED_EDGE ( 'NONE', *, *, #3020, .F. ) ;
#5663 = EDGE_LOOP ( 'NONE', ( #6378, #1120, #7703, #5640 ) ) ;
#5664 = LINE ( 'NONE', #2658, #5256 ) ;
#5665 = VERTEX_POINT ( 'NONE', #972 ) ;
#5666 = ORIENTED_EDGE ( 'NONE', *, *, #4348, .F. ) ;
#5667 = ADVANCED_FACE ( 'NONE', ( #3382 ), #3237, .T. ) ;
#5668 = DIRECTION ( 'NONE',  ( 1.000000000000000000, 6.829619984160659821E-15, -0.000000000000000000 ) ) ;
#5669 = LINE ( 'NONE', #7511, #92 ) ;
#5670 = FACE_OUTER_BOUND ( 'NONE', #5922, .T. ) ;
#5671 = ORIENTED_EDGE ( 'NONE', *, *, #2603, .T. ) ;
#5672 = ORIENTED_EDGE ( 'NONE', *, *, #7028, .F. ) ;
#5673 = DIRECTION ( 'NONE',  ( 0.000000000000000000, -0.000000000000000000, -1.000000000000000000 ) ) ;
#5674 = DIRECTION ( 'NONE',  ( 0.000000000000000000, 0.000000000000000000, -1.000000000000000000 ) ) ;
#5675 = ORIENTED_EDGE ( 'NONE', *, *, #100, .F. ) ;
#5676 = VECTOR ( 'NONE', #7384, 39.37007874015748143 ) ;
#5677 = EDGE_CURVE ( 'NONE', #6333, #5015, #3944, .T. ) ;
#5678 = AXIS2_PLACEMENT_3D ( 'NONE', #7522, #5648, #3339 ) ;
#5679 = CARTESIAN_POINT ( 'NONE',  ( 0.1550000000000000544, -2.761427880799627746E-17, 0.1259999999999999731 ) ) ;
#5680 = DIRECTION ( 'NONE',  ( 1.000000000000000000, 0.000000000000000000, 0.000000000000000000 ) ) ;
#5681 = CARTESIAN_POINT ( 'NONE',  ( -0.1550000000000000266, 0.1069094488188977315, 0.3300000000000000155 ) ) ;
#5682 =( NAMED_UNIT ( * ) SI_UNIT ( $, .STERADIAN. ) SOLID_ANGLE_UNIT ( ) );
#5683 = LINE ( 'NONE', #2680, #7612 ) ;
#5684 = ORIENTED_EDGE ( 'NONE', *, *, #6355, .T. ) ;
#5685 = VECTOR ( 'NONE', #5613, 39.37007874015748143 ) ;
#5686 = DIRECTION ( 'NONE',  ( -1.000000000000000000, 0.000000000000000000, 0.000000000000000000 ) ) ;
#5687 = ORIENTED_EDGE ( 'NONE', *, *, #1179, .F. ) ;
#5688 = DIRECTION ( 'NONE',  ( 0.000000000000000000, 1.000000000000000000, 0.000000000000000000 ) ) ;
#5689 = VECTOR ( 'NONE', #4416, 39.37007874015748143 ) ;
#5690 = CARTESIAN_POINT ( 'NONE',  ( 0.1444094488188976955, 0.1069094488188977315, -0.1700000000000000400 ) ) ;
#5691 =( LENGTH_UNIT ( ) NAMED_UNIT ( * ) SI_UNIT ( $, .METRE. ) );
#5692 = LINE ( 'NONE', #6172, #3095 ) ;
#5693 = EDGE_CURVE ( 'NONE', #606, #5725, #2684, .T. ) ;
#5694 = CIRCLE ( 'NONE', #6081, 0.01059055118110233465 ) ;
#5695 = AXIS2_PLACEMENT_3D ( 'NONE', #7758, #1199, #4169 ) ;
#5696 = LINE ( 'NONE', #1527, #3689 ) ;
#5697 = CARTESIAN_POINT ( 'NONE',  ( 0.1249999999999997641, 0.1175000000000000072, 0.2090000000000000191 ) ) ;
#5698 = CARTESIAN_POINT ( 'NONE',  ( -0.1549999999999992772, -1.707404996040164512E-17, -0.09100000000000003919 ) ) ;
#5699 = CARTESIAN_POINT ( 'NONE',  ( -0.1550000000000000266, 0.1069094488188977315, 0.1910000000000000309 ) ) ;
#5700 = ORIENTED_EDGE ( 'NONE', *, *, #4439, .F. ) ;
#5701 = ORIENTED_EDGE ( 'NONE', *, *, #263, .T. ) ;
#5702 = DIRECTION ( 'NONE',  ( 1.000000000000000000, 0.000000000000000000, -0.000000000000000000 ) ) ;
#5703 = AXIS2_PLACEMENT_3D ( 'NONE', #7030, #3516, #5933 ) ;
#5704 = ORIENTED_EDGE ( 'NONE', *, *, #252, .F. ) ;
#5705 = VERTEX_POINT ( 'NONE', #5069 ) ;
#5706 = ADVANCED_FACE ( 'NONE', ( #7455 ), #6985, .T. ) ;
#5707 = ADVANCED_FACE ( 'NONE', ( #318 ), #4512, .F. ) ;
#5708 = LINE ( 'NONE', #2088, #1417 ) ;
#5709 = VECTOR ( 'NONE', #2261, 39.37007874015748143 ) ;
#5710 = CARTESIAN_POINT ( 'NONE',  ( 0.1444094488188976955, 0.1069094488188977315, -0.2090000000000000191 ) ) ;
#5711 = VERTEX_POINT ( 'NONE', #6396 ) ;
#5712 = ORIENTED_EDGE ( 'NONE', *, *, #1523, .F. ) ;
#5713 = DIRECTION ( 'NONE',  ( 0.000000000000000000, -0.000000000000000000, -1.000000000000000000 ) ) ;
#5714 = ORIENTED_EDGE ( 'NONE', *, *, #7377, .F. ) ;
#5715 = LINE ( 'NONE', #6859, #1679 ) ;
#5716 = VERTEX_POINT ( 'NONE', #6946 ) ;
#5717 = AXIS2_PLACEMENT_3D ( 'NONE', #6694, #7316, #1933 ) ;
#5718 = DIRECTION ( 'NONE',  ( -1.000000000000000000, -0.000000000000000000, 2.731847993664266177E-16 ) ) ;
#5719 = CARTESIAN_POINT ( 'NONE',  ( 0.1550000000000000266, 0.1069094488188977315, 0.2300000000000000377 ) ) ;
#5720 = CARTESIAN_POINT ( 'NONE',  ( -0.1249999999999997641, 0.1175000000000000072, 0.1089999999999999858 ) ) ;
#5721 =( LENGTH_UNIT ( ) NAMED_UNIT ( * ) SI_UNIT ( $, .METRE. ) );
#5722 = ADVANCED_FACE ( 'NONE', ( #5764 ), #388, .F. ) ;
#5723 = LINE ( 'NONE', #5792, #3459 ) ;
#5724 = VECTOR ( 'NONE', #50, 39.37007874015748143 ) ;
#5725 = VERTEX_POINT ( 'NONE', #1759 ) ;
#5726 = DIRECTION ( 'NONE',  ( 1.000000000000000000, 0.000000000000000000, -0.000000000000000000 ) ) ;
#5727 = DIRECTION ( 'NONE',  ( 0.000000000000000000, 0.000000000000000000, 1.000000000000000000 ) ) ;
#5728 = PRESENTATION_LAYER_ASSIGNMENT (  '', '', ( #4723 ) ) ;
#5729 = DIRECTION ( 'NONE',  ( 7.062854202149022777E-15, 1.000000000000000000, 0.000000000000000000 ) ) ;
#5730 = DIRECTION ( 'NONE',  ( 1.000000000000000000, 0.000000000000000000, 0.000000000000000000 ) ) ;
#5731 = CARTESIAN_POINT ( 'NONE',  ( -0.1449999999999983802, -1.707404996040164512E-17, 0.3300000000000000155 ) ) ;
#5732 = ADVANCED_FACE ( 'NONE', ( #7175 ), #508, .F. ) ;
#5733 = EDGE_CURVE ( 'NONE', #339, #2515, #5340, .T. ) ;
#5734 = DIRECTION ( 'NONE',  ( 1.000000000000000000, 7.062854202149022777E-15, -0.000000000000000000 ) ) ;
#5735 = ADVANCED_FACE ( 'NONE', ( #6552 ), #7727, .F. ) ;
#5736 = CARTESIAN_POINT ( 'NONE',  ( 0.1444094488188976955, 0.1069094488188977315, -0.1090000000000000135 ) ) ;
#5737 = ADVANCED_FACE ( 'NONE', ( #3502 ), #7098, .F. ) ;
#5738 = CARTESIAN_POINT ( 'NONE',  ( 0.1449999999999983524, -0.1299999999999999767, 0.2909999999999999809 ) ) ;
#5739 = VECTOR ( 'NONE', #675, 39.37007874015748143 ) ;
#5740 = PLANE ( 'NONE',  #7352 ) ;
#5741 = EDGE_CURVE ( 'NONE', #2517, #2989, #6595, .T. ) ;
#5742 = ORIENTED_EDGE ( 'NONE', *, *, #2281, .F. ) ;
#5743 = VECTOR ( 'NONE', #6635, 39.37007874015748143 ) ;
#5744 = LINE ( 'NONE', #366, #203 ) ;
#5745 = EDGE_LOOP ( 'NONE', ( #3714, #1291, #610, #46 ) ) ;
#5746 = ORIENTED_EDGE ( 'NONE', *, *, #721, .T. ) ;
#5747 =( GEOMETRIC_REPRESENTATION_CONTEXT ( 3 ) GLOBAL_UNCERTAINTY_ASSIGNED_CONTEXT ( ( #6510 ) ) GLOBAL_UNIT_ASSIGNED_CONTEXT ( ( #6641, #1254, #6048 ) ) REPRESENTATION_CONTEXT ( 'NONE', 'WORKASPACE' ) );
#5748 = CARTESIAN_POINT ( 'NONE',  ( -0.1449999999999999900, 0.1069094488188977315, 0.2300000000000000377 ) ) ;
#5749 = EDGE_CURVE ( 'NONE', #6895, #5201, #4799, .T. ) ;
#5750 = CARTESIAN_POINT ( 'NONE',  ( 0.03499999999999999639, 0.1981889763779526581, -0.3643770947320721931 ) ) ;
#5751 = VERTEX_POINT ( 'NONE', #589 ) ;
#5752 = ORIENTED_EDGE ( 'NONE', *, *, #1217, .F. ) ;
#5753 = DIRECTION ( 'NONE',  ( -0.000000000000000000, -0.000000000000000000, -1.000000000000000000 ) ) ;
#5754 = ORIENTED_EDGE ( 'NONE', *, *, #7370, .F. ) ;
#5755 = DIRECTION ( 'NONE',  ( -1.000000000000000000, 0.000000000000000000, 0.000000000000000000 ) ) ;
#5756 = DIRECTION ( 'NONE',  ( 0.000000000000000000, -1.000000000000000000, -0.000000000000000000 ) ) ;
#5757 = CARTESIAN_POINT ( 'NONE',  ( 0.1444094488188976955, 0.1069094488188977315, -0.07000000000000000666 ) ) ;
#5758 = CARTESIAN_POINT ( 'NONE',  ( -0.1444094488188976955, -1.707404996040164512E-17, 0.3089999999999999414 ) ) ;
#5759 = ORIENTED_EDGE ( 'NONE', *, *, #2325, .F. ) ;
#5760 = ADVANCED_FACE ( 'NONE', ( #4144 ), #2847, .F. ) ;
#5761 = PLANE ( 'NONE',  #4183 ) ;
#5762 = EDGE_LOOP ( 'NONE', ( #5597, #2955, #4249, #1273 ) ) ;
#5763 = DIRECTION ( 'NONE',  ( 1.000000000000000000, 0.000000000000000000, -0.000000000000000000 ) ) ;
#5764 = FACE_OUTER_BOUND ( 'NONE', #3330, .T. ) ;
#5765 =( CONVERSION_BASED_UNIT ( 'INCH', #2881 ) LENGTH_UNIT ( ) NAMED_UNIT ( #984 ) );
#5766 = CARTESIAN_POINT ( 'NONE',  ( 0.1444094488188976955, -1.707404996040164512E-17, -0.1910000000000000309 ) ) ;
#5767 = ADVANCED_FACE ( 'NONE', ( #4701 ), #6516, .F. ) ;
#5768 = CARTESIAN_POINT ( 'NONE',  ( -0.1249999999999997641, 0.1075000000000000122, -0.1910000000000000309 ) ) ;
#5769 = DIRECTION ( 'NONE',  ( 5.045153244757900714E-15, 0.7071067811865444641, -0.7071067811865504593 ) ) ;
#5770 = CYLINDRICAL_SURFACE ( 'NONE', #1831, 0.0005905511811023211053 ) ;
#5771 = LINE ( 'NONE', #395, #316 ) ;
#5772 = VERTEX_POINT ( 'NONE', #1720 ) ;
#5773 = LINE ( 'NONE', #1500, #6243 ) ;
#5774 = ORIENTED_EDGE ( 'NONE', *, *, #6757, .T. ) ;
#5775 = ORIENTED_EDGE ( 'NONE', *, *, #5983, .F. ) ;
#5776 = PLANE ( 'NONE',  #6313 ) ;
#5777 = LINE ( 'NONE', #4525, #4075 ) ;
#5778 = ORIENTED_EDGE ( 'NONE', *, *, #1406, .F. ) ;
#5779 = ADVANCED_FACE ( 'NONE', ( #2220 ), #7053, .T. ) ;
#5780 = DIRECTION ( 'NONE',  ( 0.000000000000000000, 0.000000000000000000, 1.000000000000000000 ) ) ;
#5781 = ORIENTED_EDGE ( 'NONE', *, *, #3995, .F. ) ;
#5782 = ORIENTED_EDGE ( 'NONE', *, *, #5741, .T. ) ;
#5783 = PLANE ( 'NONE',  #4624 ) ;
#5784 = VERTEX_POINT ( 'NONE', #6011 ) ;
#5785 = FACE_OUTER_BOUND ( 'NONE', #529, .T. ) ;
#5786 = VERTEX_POINT ( 'NONE', #5888 ) ;
#5787 = LINE ( 'NONE', #2952, #3172 ) ;
#5788 = DIRECTION ( 'NONE',  ( -0.000000000000000000, -0.000000000000000000, -1.000000000000000000 ) ) ;
#5789 = CARTESIAN_POINT ( 'NONE',  ( 0.1249999999999997641, 0.1075000000000000122, -0.2910000000000000364 ) ) ;
#5790 = VECTOR ( 'NONE', #5559, 39.37007874015748143 ) ;
#5791 = CARTESIAN_POINT ( 'NONE',  ( -0.1449999999999983802, -1.707404996040164512E-17, 0.1300000000000000044 ) ) ;
#5792 = CARTESIAN_POINT ( 'NONE',  ( 0.1450000000000000455, 0.1069094488188977315, 0.2090000000000000191 ) ) ;
#5793 = ORIENTED_EDGE ( 'NONE', *, *, #3896, .T. ) ;
#5794 = EDGE_CURVE ( 'NONE', #4285, #7395, #5964, .T. ) ;
#5795 = VECTOR ( 'NONE', #282, 39.37007874015748143 ) ;
#5796 = EDGE_CURVE ( 'NONE', #3000, #2120, #4626, .T. ) ;
#5797 = LINE ( 'NONE', #6666, #427 ) ;
#5798 = ORIENTED_EDGE ( 'NONE', *, *, #6184, .T. ) ;
#5799 = CARTESIAN_POINT ( 'NONE',  ( -0.1449999999999979639, -1.707404996040164512E-17, 0.2740000000000000768 ) ) ;
#5800 = DIRECTION ( 'NONE',  ( -4.994192100871455057E-15, -0.7071067811865444641, 0.7071067811865504593 ) ) ;
#5801 = CARTESIAN_POINT ( 'NONE',  ( -0.1249999999999997641, 0.1075000000000000122, -0.07000000000000000666 ) ) ;
#5802 = VECTOR ( 'NONE', #2047, 39.37007874015748143 ) ;
#5803 = EDGE_CURVE ( 'NONE', #1506, #5716, #1675, .T. ) ;
#5804 = CARTESIAN_POINT ( 'NONE',  ( 0.1450000000000000178, 0.1069094488188977315, -0.09100000000000003919 ) ) ;
#5805 = CARTESIAN_POINT ( 'NONE',  ( 0.1449999999999999900, 0.1069094488188977315, -0.2300000000000000100 ) ) ;
#5806 = CARTESIAN_POINT ( 'NONE',  ( 0.1444094488188976677, 0.1175000000000000488, 0.07000000000000000666 ) ) ;
#5807 = CYLINDRICAL_SURFACE ( 'NONE', #3707, 0.01059055118110229995 ) ;
#5808 = CARTESIAN_POINT ( 'NONE',  ( 0.1450000000000000455, 0.1069094488188977315, 0.09099999999999999756 ) ) ;
#5809 = ORIENTED_EDGE ( 'NONE', *, *, #4133, .T. ) ;
#5810 = CIRCLE ( 'NONE', #3671, 0.0005905511811023039749 ) ;
#5811 = CARTESIAN_POINT ( 'NONE',  ( -0.1249999999999997641, 0.1075000000000000122, -0.1700000000000000400 ) ) ;
#5812 = EDGE_CURVE ( 'NONE', #1770, #7, #1090, .T. ) ;
#5813 = ORIENTED_EDGE ( 'NONE', *, *, #1223, .T. ) ;
#5814 = VECTOR ( 'NONE', #7453, 39.37007874015748854 ) ;
#5815 = AXIS2_PLACEMENT_3D ( 'NONE', #3654, #26, #2799 ) ;
#5816 = ORIENTED_EDGE ( 'NONE', *, *, #1282, .F. ) ;
#5817 = LINE ( 'NONE', #1466, #2905 ) ;
#5818 = FILL_AREA_STYLE_COLOUR ( '', #5950 ) ;
#5819 = ORIENTED_EDGE ( 'NONE', *, *, #5143, .T. ) ;
#5820 = VECTOR ( 'NONE', #7667, 39.37007874015748143 ) ;
#5821 = DIRECTION ( 'NONE',  ( 1.000000000000000000, 0.000000000000000000, -0.000000000000000000 ) ) ;
#5822 = AXIS2_PLACEMENT_3D ( 'NONE', #3562, #1106, #4762 ) ;
#5823 = ORIENTED_EDGE ( 'NONE', *, *, #4087, .F. ) ;
#5824 = VERTEX_POINT ( 'NONE', #6432 ) ;
#5825 = DIRECTION ( 'NONE',  ( 0.000000000000000000, 1.000000000000000000, -0.000000000000000000 ) ) ;
#5826 = ORIENTED_EDGE ( 'NONE', *, *, #5608, .T. ) ;
#5827 = LINE ( 'NONE', #922, #4311 ) ;
#5828 = VECTOR ( 'NONE', #564, 39.37007874015748143 ) ;
#5829 = EDGE_CURVE ( 'NONE', #5299, #5395, #4061, .T. ) ;
#5830 = CARTESIAN_POINT ( 'NONE',  ( 0.1249999999999997641, 0.1075000000000000122, 0.02999999999999998848 ) ) ;
#5831 = LINE ( 'NONE', #2137, #2584 ) ;
#5832 = EDGE_CURVE ( 'NONE', #949, #1896, #3464, .T. ) ;
#5833 = LINE ( 'NONE', #7014, #1036 ) ;
#5834 = DIRECTION ( 'NONE',  ( 0.000000000000000000, -0.000000000000000000, -1.000000000000000000 ) ) ;
#5835 = VECTOR ( 'NONE', #4229, 39.37007874015748143 ) ;
#5836 = CARTESIAN_POINT ( 'NONE',  ( 0.1550000000000000544, 0.004000000000000018298, 0.02999999999999995379 ) ) ;
#5837 = FACE_OUTER_BOUND ( 'NONE', #3637, .T. ) ;
#5838 = ORIENTED_EDGE ( 'NONE', *, *, #5887, .F. ) ;
#5839 = EDGE_CURVE ( 'NONE', #1305, #7490, #6163, .T. ) ;
#5840 = EDGE_LOOP ( 'NONE', ( #140, #7074, #3535, #5793 ) ) ;
#5841 = VECTOR ( 'NONE', #7228, 39.37007874015748143 ) ;
#5842 = CIRCLE ( 'NONE', #6348, 0.01059055118110233465 ) ;
#5843 = EDGE_CURVE ( 'NONE', #4054, #6870, #665, .T. ) ;
#5844 = DIRECTION ( 'NONE',  ( 0.000000000000000000, 0.000000000000000000, 1.000000000000000000 ) ) ;
#5845 = DIRECTION ( 'NONE',  ( 1.000000000000000000, 0.000000000000000000, 0.000000000000000000 ) ) ;
#5846 = AXIS2_PLACEMENT_3D ( 'NONE', #4121, #2354, #2896 ) ;
#5847 = AXIS2_PLACEMENT_3D ( 'NONE', #3679, #2582, #6056 ) ;
#5848 = PLANE ( 'NONE',  #3848 ) ;
#5849 = ORIENTED_EDGE ( 'NONE', *, *, #5493, .F. ) ;
#5850 =( GEOMETRIC_REPRESENTATION_CONTEXT ( 3 ) GLOBAL_UNCERTAINTY_ASSIGNED_CONTEXT ( ( #3262 ) ) GLOBAL_UNIT_ASSIGNED_CONTEXT ( ( #731, #5014, #3700 ) ) REPRESENTATION_CONTEXT ( 'NONE', 'WORKASPACE' ) );
#5851 = DIRECTION ( 'NONE',  ( -0.000000000000000000, -0.000000000000000000, -1.000000000000000000 ) ) ;
#5852 = PRESENTATION_STYLE_ASSIGNMENT (( #2263 ) ) ;
#5853 = FACE_OUTER_BOUND ( 'NONE', #3327, .T. ) ;
#5854 = CARTESIAN_POINT ( 'NONE',  ( -0.1249999999999997641, 0.1175000000000000072, -0.3300000000000000155 ) ) ;
#5855 = DIRECTION ( 'NONE',  ( 1.830051794170796106E-16, -0.9914448613738103822, -0.1305261922200518787 ) ) ;
#5856 = DIRECTION ( 'NONE',  ( -1.000000000000000000, 0.000000000000000000, 7.036998335327214835E-15 ) ) ;
#5857 = VERTEX_POINT ( 'NONE', #706 ) ;
#5858 = PLANE ( 'NONE',  #2803 ) ;
#5859 = ORIENTED_EDGE ( 'NONE', *, *, #20, .F. ) ;
#5860 = LINE ( 'NONE', #1694, #5211 ) ;
#5861 = AXIS2_PLACEMENT_3D ( 'NONE', #1623, #6380, #3889 ) ;
#5862 = CARTESIAN_POINT ( 'NONE',  ( -0.1550000000000000544, -3.615130378819710002E-17, 0.1740000000000000435 ) ) ;
#5863 = VERTEX_POINT ( 'NONE', #778 ) ;
#5864 = AXIS2_PLACEMENT_3D ( 'NONE', #6391, #2837, #7601 ) ;
#5865 = DIRECTION ( 'NONE',  ( -1.000000000000000000, -0.000000000000000000, 2.731847993664263218E-16 ) ) ;
#5866 = ORIENTED_EDGE ( 'NONE', *, *, #3513, .F. ) ;
#5867 = VERTEX_POINT ( 'NONE', #39 ) ;
#5868 = LINE ( 'NONE', #7079, #5634 ) ;
#5869 = EDGE_LOOP ( 'NONE', ( #2605, #1947, #4185, #6608 ) ) ;
#5870 = DIRECTION ( 'NONE',  ( 1.533174863687841128E-14, 1.000000000000000000, 0.000000000000000000 ) ) ;
#5871 = MECHANICAL_DESIGN_GEOMETRIC_PRESENTATION_REPRESENTATION (  '', ( #5244 ), #5747 ) ;
#5872 = VECTOR ( 'NONE', #4692, 39.37007874015748143 ) ;
#5873 = EDGE_CURVE ( 'NONE', #514, #4775, #6716, .T. ) ;
#5874 = VECTOR ( 'NONE', #418, 39.37007874015748143 ) ;
#5875 = CARTESIAN_POINT ( 'NONE',  ( 0.1249999999999999584, 0.1175000000000000072, 0.3750000000000001665 ) ) ;
#5876 = SURFACE_SIDE_STYLE ('',( #1117 ) ) ;
#5877 = CARTESIAN_POINT ( 'NONE',  ( 0.1449999999999979639, -1.707404996040164512E-17, -0.3259999999999999565 ) ) ;
#5878 = DIRECTION ( 'NONE',  ( -7.062854202149022777E-15, -1.000000000000000000, 0.000000000000000000 ) ) ;
#5879 = CARTESIAN_POINT ( 'NONE',  ( -0.1249999999999997641, 0.1175000000000000072, 0.07000000000000000666 ) ) ;
#5880 = UNCERTAINTY_MEASURE_WITH_UNIT (LENGTH_MEASURE( 1.000000000000000082E-05 ), #1597, 'distance_accuracy_value', 'NONE');
#5881 = CARTESIAN_POINT ( 'NONE',  ( -0.1450000000000000455, 0.1069094488188977315, -0.3090000000000000524 ) ) ;
#5882 = ORIENTED_EDGE ( 'NONE', *, *, #647, .F. ) ;
#5883 = ORIENTED_EDGE ( 'NONE', *, *, #4016, .F. ) ;
#5884 = CIRCLE ( 'NONE', #2489, 0.01059055118110233465 ) ;
#5885 = EDGE_CURVE ( 'NONE', #3368, #6429, #5454, .T. ) ;
#5886 = DIRECTION ( 'NONE',  ( -4.994192100871497655E-15, 0.7071067811865504593, 0.7071067811865444641 ) ) ;
#5887 = EDGE_CURVE ( 'NONE', #2240, #5299, #7299, .T. ) ;
#5888 = CARTESIAN_POINT ( 'NONE',  ( -0.1550000000000000544, 0.004000000000000018298, 0.1299999999999999767 ) ) ;
#5889 = SURFACE_STYLE_FILL_AREA ( #2805 ) ;
#5890 = ORIENTED_EDGE ( 'NONE', *, *, #3696, .F. ) ;
#5891 = CARTESIAN_POINT ( 'NONE',  ( -0.1249999999999997641, 0.1175000000000000072, 0.2090000000000000191 ) ) ;
#5892 = ORIENTED_EDGE ( 'NONE', *, *, #2902, .F. ) ;
#5893 = DIRECTION ( 'NONE',  ( -1.533174863687841128E-14, 1.000000000000000000, 0.000000000000000000 ) ) ;
#5894 = EDGE_CURVE ( 'NONE', #6928, #7366, #6786, .T. ) ;
#5895 = CARTESIAN_POINT ( 'NONE',  ( -0.1444094488188976955, 0.1069094488188977315, -0.2910000000000000364 ) ) ;
#5896 = FACE_OUTER_BOUND ( 'NONE', #5276, .T. ) ;
#5897 = LINE ( 'NONE', #1576, #1821 ) ;
#5898 = ORIENTED_EDGE ( 'NONE', *, *, #5073, .F. ) ;
#5899 = CARTESIAN_POINT ( 'NONE',  ( 0.1550000000000000266, 0.1069094488188977315, -0.1910000000000000309 ) ) ;
#5900 = ORIENTED_EDGE ( 'NONE', *, *, #2046, .F. ) ;
#5901 = LINE ( 'NONE', #4078, #2185 ) ;
#5902 = PRESENTATION_STYLE_ASSIGNMENT (( #2275 ) ) ;
#5903 = ORIENTED_EDGE ( 'NONE', *, *, #3044, .T. ) ;
#5904 = DIRECTION ( 'NONE',  ( 7.062854202149022777E-15, -1.000000000000000000, 0.000000000000000000 ) ) ;
#5905 = EDGE_LOOP ( 'NONE', ( #6234, #7292, #3125, #7436, #53, #6734, #4255, #2743 ) ) ;
#5906 = ORIENTED_EDGE ( 'NONE', *, *, #35, .T. ) ;
#5907 = DIRECTION ( 'NONE',  ( 4.973757961760255702E-15, 0.7071067811865445751, -0.7071067811865505703 ) ) ;
#5908 = ORIENTED_EDGE ( 'NONE', *, *, #348, .F. ) ;
#5909 = CARTESIAN_POINT ( 'NONE',  ( 0.1449999999999983802, -1.707404996040164512E-17, 0.2300000000000000377 ) ) ;
#5910 = EDGE_CURVE ( 'NONE', #451, #29, #4353, .T. ) ;
#5911 = CARTESIAN_POINT ( 'NONE',  ( -0.1249999999999997641, 0.1075000000000000122, -0.2300000000000000100 ) ) ;
#5912 = DIRECTION ( 'NONE',  ( -7.062854202149022777E-15, -1.000000000000000000, 0.000000000000000000 ) ) ;
#5913 = CARTESIAN_POINT ( 'NONE',  ( -0.1444094488188976955, 0.1069094488188977315, -0.3300000000000000155 ) ) ;
#5914 = ORIENTED_EDGE ( 'NONE', *, *, #6050, .T. ) ;
#5915 = FACE_OUTER_BOUND ( 'NONE', #2370, .T. ) ;
#5916 = CARTESIAN_POINT ( 'NONE',  ( -0.1444094488188976677, 0.1075000000000000122, 0.2090000000000000191 ) ) ;
#5917 = VERTEX_POINT ( 'NONE', #4950 ) ;
#5918 = EDGE_CURVE ( 'NONE', #4300, #7029, #4269, .T. ) ;
#5919 = VECTOR ( 'NONE', #2190, 39.37007874015748143 ) ;
#5920 = DIRECTION ( 'NONE',  ( 1.000000000000000000, 0.000000000000000000, -0.000000000000000000 ) ) ;
#5921 = CARTESIAN_POINT ( 'NONE',  ( -0.1249999999999997641, 0.1175000000000000072, -0.2910000000000000364 ) ) ;
#5922 = EDGE_LOOP ( 'NONE', ( #338, #3228, #5315, #3690, #6555, #4126, #3566, #4761 ) ) ;
#5923 = AXIS2_PLACEMENT_3D ( 'NONE', #7681, #6474, #4658 ) ;
#5924 = DIRECTION ( 'NONE',  ( 3.194114299349669345E-16, -1.000000000000000000, 0.000000000000000000 ) ) ;
#5925 = ORIENTED_EDGE ( 'NONE', *, *, #4046, .T. ) ;
#5926 = DIRECTION ( 'NONE',  ( 1.000000000000000000, 1.759354438110327554E-15, 0.000000000000000000 ) ) ;
#5927 = CARTESIAN_POINT ( 'NONE',  ( 0.1449999999999983524, 4.274049269606410852E-17, -0.2740000000000000768 ) ) ;
#5928 = CIRCLE ( 'NONE', #296, 0.0005905511811023039749 ) ;
#5929 = DIRECTION ( 'NONE',  ( -6.829619984160659821E-15, 1.000000000000000000, 0.000000000000000000 ) ) ;
#5930 = DIRECTION ( 'NONE',  ( -1.000000000000000000, 0.000000000000000000, 0.000000000000000000 ) ) ;
#5931 = ADVANCED_FACE ( 'NONE', ( #7220 ), #7339, .F. ) ;
#5932 = ORIENTED_EDGE ( 'NONE', *, *, #1477, .T. ) ;
#5933 = DIRECTION ( 'NONE',  ( -1.000000000000000000, 0.000000000000000000, 0.000000000000000000 ) ) ;
#5934 = ORIENTED_EDGE ( 'NONE', *, *, #3014, .F. ) ;
#5935 = VECTOR ( 'NONE', #347, 39.37007874015748143 ) ;
#5936 = CARTESIAN_POINT ( 'NONE',  ( 0.1444094488188976955, -1.707404996040164512E-17, -0.2910000000000000364 ) ) ;
#5937 = FACE_OUTER_BOUND ( 'NONE', #3728, .T. ) ;
#5938 = EDGE_LOOP ( 'NONE', ( #607, #3607, #523, #4346 ) ) ;
#5939 = ORIENTED_EDGE ( 'NONE', *, *, #5794, .F. ) ;
#5940 = CARTESIAN_POINT ( 'NONE',  ( -0.1449999999999983524, -0.1299999999999999767, -0.1910000000000000309 ) ) ;
#5941 = CIRCLE ( 'NONE', #3796, 0.01059055118110233465 ) ;
#5942 = ORIENTED_EDGE ( 'NONE', *, *, #660, .F. ) ;
#5943 = VERTEX_POINT ( 'NONE', #3086 ) ;
#5944 = DIRECTION ( 'NONE',  ( -0.000000000000000000, -0.000000000000000000, -1.000000000000000000 ) ) ;
#5945 = ORIENTED_EDGE ( 'NONE', *, *, #1358, .F. ) ;
#5946 = DIRECTION ( 'NONE',  ( 0.000000000000000000, 1.000000000000000000, 0.000000000000000000 ) ) ;
#5947 = ADVANCED_FACE ( 'NONE', ( #5495 ), #1333, .F. ) ;
#5948 = VECTOR ( 'NONE', #730, 39.37007874015748854 ) ;
#5949 = PLANE ( 'NONE',  #5695 ) ;
#5950 = COLOUR_RGB ( '',0.7921568627450980005, 0.8196078431372548767, 0.9333333333333333481 ) ;
#5951 = VECTOR ( 'NONE', #1903, 39.37007874015748143 ) ;
#5952 = LINE ( 'NONE', #1078, #4182 ) ;
#5953 = CARTESIAN_POINT ( 'NONE',  ( -0.1249999999999997641, 0.1175000000000000072, 0.02999999999999998848 ) ) ;
#5954 = LINE ( 'NONE', #5789, #2158 ) ;
#5955 = CARTESIAN_POINT ( 'NONE',  ( 0.1550000000000000544, -3.615130378819710002E-17, 0.1740000000000000435 ) ) ;
#5956 = ORIENTED_EDGE ( 'NONE', *, *, #2934, .F. ) ;
#5957 = CARTESIAN_POINT ( 'NONE',  ( -0.1549999999999983336, -0.1300000000000000600, 0.3089999999999999414 ) ) ;
#5958 = LINE ( 'NONE', #6005, #2839 ) ;
#5959 = ORIENTED_EDGE ( 'NONE', *, *, #1232, .F. ) ;
#5960 = VECTOR ( 'NONE', #7694, 39.37007874015748143 ) ;
#5961 = CARTESIAN_POINT ( 'NONE',  ( 0.1249999999999999584, 0.1175000000000000072, -0.3750000000000001665 ) ) ;
#5962 = AXIS2_PLACEMENT_3D ( 'NONE', #2851, #1724, #4109 ) ;
#5963 = ADVANCED_FACE ( 'NONE', ( #6752 ), #158, .F. ) ;
#5964 = LINE ( 'NONE', #3004, #1155 ) ;
#5965 = SURFACE_STYLE_USAGE ( .BOTH. , #85 ) ;
#5966 = AXIS2_PLACEMENT_3D ( 'NONE', #4161, #4205, #6614 ) ;
#5967 = ORIENTED_EDGE ( 'NONE', *, *, #913, .F. ) ;
#5968 = CARTESIAN_POINT ( 'NONE',  ( 0.1444094488188976677, 0.1075000000000000122, -0.2300000000000000100 ) ) ;
#5969 = ORIENTED_EDGE ( 'NONE', *, *, #3202, .T. ) ;
#5970 = COLOUR_RGB ( '',0.7921568627450980005, 0.8196078431372548767, 0.9333333333333333481 ) ;
#5971 = VECTOR ( 'NONE', #4679, 39.37007874015748143 ) ;
#5972 = LINE ( 'NONE', #7104, #4975 ) ;
#5973 = EDGE_CURVE ( 'NONE', #4637, #3036, #292, .T. ) ;
#5974 = LINE ( 'NONE', #3431, #2147 ) ;
#5975 = CARTESIAN_POINT ( 'NONE',  ( -0.1550000000000000266, 0.1069094488188977315, 0.008999999999999959421 ) ) ;
#5976 = PLANE ( 'NONE',  #2841 ) ;
#5977 = EDGE_LOOP ( 'NONE', ( #3105, #2577, #6804, #737 ) ) ;
#5978 = CARTESIAN_POINT ( 'NONE',  ( 0.1449999999999983802, -1.707404996040164512E-17, 0.3300000000000000155 ) ) ;
#5979 = ADVANCED_FACE ( 'NONE', ( #1373 ), #3670, .T. ) ;
#5980 = PRODUCT_DEFINITION_FORMATION_WITH_SPECIFIED_SOURCE ( 'ANY', '', #4779, .NOT_KNOWN. ) ;
#5981 = ORIENTED_EDGE ( 'NONE', *, *, #3504, .T. ) ;
#5982 = ORIENTED_EDGE ( 'NONE', *, *, #1606, .F. ) ;
#5983 = EDGE_CURVE ( 'NONE', #7109, #1789, #1922, .T. ) ;
#5984 = PLANE ( 'NONE',  #3418 ) ;
#5985 =( LENGTH_UNIT ( ) NAMED_UNIT ( * ) SI_UNIT ( $, .METRE. ) );
#5986 = ORIENTED_EDGE ( 'NONE', *, *, #3886, .T. ) ;
#5987 = VERTEX_POINT ( 'NONE', #1991 ) ;
#5988 = EDGE_CURVE ( 'NONE', #4994, #4407, #1404, .T. ) ;
#5989 = LINE ( 'NONE', #1776, #3311 ) ;
#5990 = ORIENTED_EDGE ( 'NONE', *, *, #1742, .F. ) ;
#5991 = EDGE_CURVE ( 'NONE', #5609, #443, #4225, .T. ) ;
#5992 = VERTEX_POINT ( 'NONE', #4505 ) ;
#5993 = ORIENTED_EDGE ( 'NONE', *, *, #3948, .T. ) ;
#5994 = CARTESIAN_POINT ( 'NONE',  ( -0.1249999999999997641, 0.1075000000000000122, 0.1700000000000000400 ) ) ;
#5995 = ORIENTED_EDGE ( 'NONE', *, *, #5155, .F. ) ;
#5996 = CYLINDRICAL_SURFACE ( 'NONE', #6322, 0.0005905511811023211053 ) ;
#5997 = CARTESIAN_POINT ( 'NONE',  ( 0.1550000000000000544, 0.004000000000000009624, -0.1300000000000000877 ) ) ;
#5998 = CARTESIAN_POINT ( 'NONE',  ( -0.1449999999999984357, 0.004000000000000162280, -0.1700000000000000400 ) ) ;
#5999 = CARTESIAN_POINT ( 'NONE',  ( 0.1550000000000000266, 0.1069094488188977315, -0.2910000000000000364 ) ) ;
#6000 = AXIS2_PLACEMENT_3D ( 'NONE', #5623, #2075, #3273 ) ;
#6001 = AXIS2_PLACEMENT_3D ( 'NONE', #7637, #1788, #4137 ) ;
#6002 = CARTESIAN_POINT ( 'NONE',  ( 0.1550000000000000266, 0.1069094488188977315, -0.09100000000000003919 ) ) ;
#6003 = ORIENTED_EDGE ( 'NONE', *, *, #3506, .T. ) ;
#6004 = PLANE ( 'NONE',  #5379 ) ;
#6005 = CARTESIAN_POINT ( 'NONE',  ( 0.1550000000000000266, 0.1069094488188977315, 0.2909999999999999809 ) ) ;
#6006 = VERTEX_POINT ( 'NONE', #1514 ) ;
#6007 = VERTEX_POINT ( 'NONE', #2102 ) ;
#6008 = ORIENTED_EDGE ( 'NONE', *, *, #138, .T. ) ;
#6009 = AXIS2_PLACEMENT_3D ( 'NONE', #5024, #7408, #4423 ) ;
#6010 = LINE ( 'NONE', #5095, #3675 ) ;
#6011 = CARTESIAN_POINT ( 'NONE',  ( -0.1128221439731656034, 0.01499999999999995955, 0.3628221439731660336 ) ) ;
#6012 = DIRECTION ( 'NONE',  ( -1.000000000000000000, 6.829619984160659821E-15, 0.000000000000000000 ) ) ;
#6013 = AXIS2_PLACEMENT_3D ( 'NONE', #7591, #5241, #7630 ) ;
#6014 = VERTEX_POINT ( 'NONE', #3976 ) ;
#6015 = EDGE_CURVE ( 'NONE', #4860, #1026, #5134, .T. ) ;
#6016 = CARTESIAN_POINT ( 'NONE',  ( -0.1249999999999997641, 0.1075000000000000122, 0.07000000000000000666 ) ) ;
#6017 = DIRECTION ( 'NONE',  ( -1.000000000000000000, 0.000000000000000000, 0.000000000000000000 ) ) ;
#6018 =( LENGTH_UNIT ( ) NAMED_UNIT ( * ) SI_UNIT ( $, .METRE. ) );
#6019 = LINE ( 'NONE', #1220, #3333 ) ;
#6020 = VERTEX_POINT ( 'NONE', #3895 ) ;
#6021 = VERTEX_POINT ( 'NONE', #6823 ) ;
#6022 = EDGE_CURVE ( 'NONE', #842, #2436, #6978, .T. ) ;
#6023 = FACE_OUTER_BOUND ( 'NONE', #6747, .T. ) ;
#6024 = CARTESIAN_POINT ( 'NONE',  ( 0.1249999999999997641, 0.1075000000000000122, -0.2700000000000000178 ) ) ;
#6025 = VERTEX_POINT ( 'NONE', #4422 ) ;
#6026 = DIRECTION ( 'NONE',  ( -1.000000000000000000, -7.134924142987280985E-15, 0.000000000000000000 ) ) ;
#6027 = ORIENTED_EDGE ( 'NONE', *, *, #2788, .F. ) ;
#6028 = ORIENTED_EDGE ( 'NONE', *, *, #7301, .F. ) ;
#6029 = ORIENTED_EDGE ( 'NONE', *, *, #3313, .T. ) ;
#6030 = DIRECTION ( 'NONE',  ( 7.134924142987280985E-15, 1.000000000000000000, 0.000000000000000000 ) ) ;
#6031 = ORIENTED_EDGE ( 'NONE', *, *, #7371, .T. ) ;
#6032 = DIRECTION ( 'NONE',  ( 0.000000000000000000, 0.000000000000000000, 1.000000000000000000 ) ) ;
#6033 = ORIENTED_EDGE ( 'NONE', *, *, #1522, .F. ) ;
#6034 = ADVANCED_FACE ( 'NONE', ( #2062 ), #7443, .F. ) ;
#6035 = LINE ( 'NONE', #3027, #310 ) ;
#6036 = LINE ( 'NONE', #7253, #4537 ) ;
#6037 = SURFACE_STYLE_FILL_AREA ( #3619 ) ;
#6038 = VERTEX_POINT ( 'NONE', #6307 ) ;
#6039 = VERTEX_POINT ( 'NONE', #2608 ) ;
#6040 = PLANE ( 'NONE',  #3973 ) ;
#6041 = LINE ( 'NONE', #3496, #2472 ) ;
#6042 = ORIENTED_EDGE ( 'NONE', *, *, #1027, .F. ) ;
#6043 = VERTEX_POINT ( 'NONE', #2677 ) ;
#6044 = VERTEX_POINT ( 'NONE', #1442 ) ;
#6045 = VERTEX_POINT ( 'NONE', #5681 ) ;
#6046 = DIRECTION ( 'NONE',  ( -5.045153244757943312E-15, -0.7071067811865504593, -0.7071067811865444641 ) ) ;
#6047 = CARTESIAN_POINT ( 'NONE',  ( 0.1249999999999997641, 0.1175000000000000072, 0.1700000000000000400 ) ) ;
#6048 =( NAMED_UNIT ( * ) SI_UNIT ( $, .STERADIAN. ) SOLID_ANGLE_UNIT ( ) );
#6049 = EDGE_LOOP ( 'NONE', ( #5125, #3578, #7078, #1672 ) ) ;
#6050 = EDGE_CURVE ( 'NONE', #4520, #1882, #962, .T. ) ;
#6051 = ADVANCED_FACE ( 'NONE', ( #5098 ), #1480, .F. ) ;
#6052 = LINE ( 'NONE', #4955, #3558 ) ;
#6053 = VERTEX_POINT ( 'NONE', #6867 ) ;
#6054 = DIRECTION ( 'NONE',  ( -1.000000000000000000, 0.000000000000000000, 0.000000000000000000 ) ) ;
#6055 = DIRECTION ( 'NONE',  ( -1.000000000000000000, 0.000000000000000000, 0.000000000000000000 ) ) ;
#6056 = DIRECTION ( 'NONE',  ( -1.000000000000000000, 0.000000000000000000, 0.000000000000000000 ) ) ;
#6057 = LINE ( 'NONE', #5350, #5739 ) ;
#6058 = VECTOR ( 'NONE', #4474, 39.37007874015748143 ) ;
#6059 = ORIENTED_EDGE ( 'NONE', *, *, #2295, .F. ) ;
#6060 = ORIENTED_EDGE ( 'NONE', *, *, #3987, .T. ) ;
#6061 = CARTESIAN_POINT ( 'NONE',  ( 0.1444094488188976955, 0.1069094488188977315, -0.3300000000000000155 ) ) ;
#6062 = AXIS2_PLACEMENT_3D ( 'NONE', #4990, #3711, #84 ) ;
#6063 = FILL_AREA_STYLE_COLOUR ( '', #5970 ) ;
#6064 = ORIENTED_EDGE ( 'NONE', *, *, #6131, .F. ) ;
#6065 = LINE ( 'NONE', #139, #4708 ) ;
#6066 = EDGE_CURVE ( 'NONE', #7263, #4374, #1917, .T. ) ;
#6067 = EDGE_LOOP ( 'NONE', ( #6705, #6414, #3517, #4889 ) ) ;
#6068 = PLANE ( 'NONE',  #2604 ) ;
#6069 = ORIENTED_EDGE ( 'NONE', *, *, #7095, .F. ) ;
#6070 = CARTESIAN_POINT ( 'NONE',  ( 0.1249999999999997641, 0.1175000000000000072, -0.1700000000000000400 ) ) ;
#6071 = VECTOR ( 'NONE', #1080, 39.37007874015748143 ) ;
#6072 = ORIENTED_EDGE ( 'NONE', *, *, #2471, .F. ) ;
#6073 = CARTESIAN_POINT ( 'NONE',  ( 0.1444094488188976677, 0.1075000000000000122, -0.1300000000000000044 ) ) ;
#6074 = DIRECTION ( 'NONE',  ( -3.194114299349669345E-16, -1.000000000000000000, 0.000000000000000000 ) ) ;
#6075 = LINE ( 'NONE', #264, #6478 ) ;
#6076 = ORIENTED_EDGE ( 'NONE', *, *, #6422, .F. ) ;
#6077 = EDGE_LOOP ( 'NONE', ( #2560, #441, #256, #7151 ) ) ;
#6078 = CARTESIAN_POINT ( 'NONE',  ( -0.1444094488188976955, 0.1069094488188977315, -0.07000000000000000666 ) ) ;
#6079 = LINE ( 'NONE', #6158, #3795 ) ;
#6080 = ORIENTED_EDGE ( 'NONE', *, *, #760, .T. ) ;
#6081 = AXIS2_PLACEMENT_3D ( 'NONE', #4224, #6676, #704 ) ;
#6082 = AXIS2_PLACEMENT_3D ( 'NONE', #2644, #7526, #6909 ) ;
#6083 = EDGE_CURVE ( 'NONE', #5240, #4979, #274, .T. ) ;
#6084 = EDGE_CURVE ( 'NONE', #2310, #4947, #3902, .T. ) ;
#6085 = ORIENTED_EDGE ( 'NONE', *, *, #6610, .T. ) ;
#6086 = LINE ( 'NONE', #4988, #4821 ) ;
#6087 = DIRECTION ( 'NONE',  ( 1.000000000000000000, -7.033955965482544985E-15, 0.000000000000000000 ) ) ;
#6088 = CARTESIAN_POINT ( 'NONE',  ( -0.1249999999999997641, 0.1075000000000000122, 0.02999999999999998848 ) ) ;
#6089 = EDGE_CURVE ( 'NONE', #3919, #4305, #7482, .T. ) ;
#6090 = VECTOR ( 'NONE', #5269, 39.37007874015748143 ) ;
#6091 = VERTEX_POINT ( 'NONE', #1596 ) ;
#6092 = ADVANCED_FACE ( 'NONE', ( #6938 ), #3937, .T. ) ;
#6093 = VECTOR ( 'NONE', #3167, 39.37007874015748143 ) ;
#6094 = LINE ( 'NONE', #5459, #5835 ) ;
#6095 = ORIENTED_EDGE ( 'NONE', *, *, #6015, .T. ) ;
#6096 = CARTESIAN_POINT ( 'NONE',  ( 0.1449999999999996014, 0.04495472440944935089, 0.2709547244094488994 ) ) ;
#6097 = LINE ( 'NONE', #167, #163 ) ;
#6098 = DIRECTION ( 'NONE',  ( -5.045153244757900714E-15, 0.7071067811865444641, -0.7071067811865504593 ) ) ;
#6099 = ORIENTED_EDGE ( 'NONE', *, *, #5472, .T. ) ;
#6100 = MECHANICAL_DESIGN_GEOMETRIC_PRESENTATION_REPRESENTATION (  '', ( #7221 ), #2943 ) ;
#6101 = VECTOR ( 'NONE', #4400, 39.37007874015748143 ) ;
#6102 = FACE_OUTER_BOUND ( 'NONE', #1616, .T. ) ;
#6103 = SURFACE_STYLE_FILL_AREA ( #5627 ) ;
#6104 = ORIENTED_EDGE ( 'NONE', *, *, #993, .F. ) ;
#6105 = DIRECTION ( 'NONE',  ( -7.062854202149022777E-15, -1.000000000000000000, 0.000000000000000000 ) ) ;
#6106 = ORIENTED_EDGE ( 'NONE', *, *, #4969, .F. ) ;
#6107 = CARTESIAN_POINT ( 'NONE',  ( -0.1444094488188976955, 0.1069094488188977315, -0.1300000000000000044 ) ) ;
#6108 = ORIENTED_EDGE ( 'NONE', *, *, #7364, .T. ) ;
#6109 = CARTESIAN_POINT ( 'NONE',  ( 0.1450000000000000455, 0.1069094488188977315, -0.09100000000000003919 ) ) ;
#6110 = ADVANCED_FACE ( 'NONE', ( #7407 ), #3827, .T. ) ;
#6111 = EDGE_CURVE ( 'NONE', #4314, #6600, #5168, .T. ) ;
#6112 = DIRECTION ( 'NONE',  ( -0.000000000000000000, -0.000000000000000000, -1.000000000000000000 ) ) ;
#6113 = VECTOR ( 'NONE', #4090, 39.37007874015748143 ) ;
#6114 = LINE ( 'NONE', #1908, #68 ) ;
#6115 = ORIENTED_EDGE ( 'NONE', *, *, #5733, .T. ) ;
#6116 = ORIENTED_EDGE ( 'NONE', *, *, #7022, .T. ) ;
#6117 = CARTESIAN_POINT ( 'NONE',  ( -0.1449999999999983802, -1.707404996040164512E-17, -0.2700000000000000178 ) ) ;
#6118 = CARTESIAN_POINT ( 'NONE',  ( -0.1128221439731658809, 0.01499999999999995955, -0.3628221439731659781 ) ) ;
#6119 = ORIENTED_EDGE ( 'NONE', *, *, #1013, .T. ) ;
#6120 = EDGE_CURVE ( 'NONE', #2269, #5705, #6390, .T. ) ;
#6121 = ORIENTED_EDGE ( 'NONE', *, *, #2618, .F. ) ;
#6122 = VECTOR ( 'NONE', #6249, 39.37007874015748143 ) ;
#6123 = CARTESIAN_POINT ( 'NONE',  ( -0.1444094488188976677, 0.1075000000000000122, -0.2300000000000000100 ) ) ;
#6124 = LINE ( 'NONE', #7442, #3530 ) ;
#6125 = CARTESIAN_POINT ( 'NONE',  ( 0.1549999999999983336, -0.1300000000000000600, -0.09100000000000003919 ) ) ;
#6126 = AXIS2_PLACEMENT_3D ( 'NONE', #4014, #5213, #5101 ) ;
#6127 = LINE ( 'NONE', #5535, #4102 ) ;
#6128 = CARTESIAN_POINT ( 'NONE',  ( 0.1450000000000000455, 0.1069094488188977315, 0.1910000000000000309 ) ) ;
#6129 = ORIENTED_EDGE ( 'NONE', *, *, #3045, .T. ) ;
#6130 = VECTOR ( 'NONE', #6718, 39.37007874015748143 ) ;
#6131 = EDGE_CURVE ( 'NONE', #2997, #3394, #242, .T. ) ;
#6132 = CARTESIAN_POINT ( 'NONE',  ( -0.1444094488188976677, 0.1175000000000000488, 0.2699999999999999623 ) ) ;
#6133 = VERTEX_POINT ( 'NONE', #1709 ) ;
#6134 = EDGE_CURVE ( 'NONE', #3763, #4110, #3412, .T. ) ;
#6135 = LINE ( 'NONE', #5539, #309 ) ;
#6136 = PLANE ( 'NONE',  #5169 ) ;
#6137 = CIRCLE ( 'NONE', #739, 0.0005905511811023039749 ) ;
#6138 = LINE ( 'NONE', #1966, #5724 ) ;
#6139 = DIRECTION ( 'NONE',  ( 1.000000000000000000, 0.000000000000000000, 7.036998335327214835E-15 ) ) ;
#6140 = VECTOR ( 'NONE', #6773, 39.37007874015748143 ) ;
#6141 = EDGE_CURVE ( 'NONE', #847, #4330, #4012, .T. ) ;
#6142 = CARTESIAN_POINT ( 'NONE',  ( 0.1449999999999983524, -0.1299999999999999767, 0.008999999999999959421 ) ) ;
#6143 = ADVANCED_FACE ( 'NONE', ( #4092 ), #5329, .F. ) ;
#6144 = DIRECTION ( 'NONE',  ( -4.994192100871455057E-15, -0.7071067811865444641, 0.7071067811865504593 ) ) ;
#6145 = ORIENTED_EDGE ( 'NONE', *, *, #3240, .T. ) ;
#6146 = ORIENTED_EDGE ( 'NONE', *, *, #5263, .T. ) ;
#6147 = DIRECTION ( 'NONE',  ( 0.000000000000000000, 0.000000000000000000, 1.000000000000000000 ) ) ;
#6148 = ORIENTED_EDGE ( 'NONE', *, *, #7701, .T. ) ;
#6149 = DIRECTION ( 'NONE',  ( 0.000000000000000000, 1.000000000000000000, 0.000000000000000000 ) ) ;
#6150 = ORIENTED_EDGE ( 'NONE', *, *, #5077, .F. ) ;
#6151 = CARTESIAN_POINT ( 'NONE',  ( 0.1550000000000000544, -1.707404996040164512E-17, 0.02999999999999998848 ) ) ;
#6152 = CARTESIAN_POINT ( 'NONE',  ( -0.1444094488188976677, 0.1175000000000000488, 0.07000000000000000666 ) ) ;
#6153 = CARTESIAN_POINT ( 'NONE',  ( 0.1449999999999983524, -0.1299999999999999767, 0.2090000000000000191 ) ) ;
#6154 = EDGE_LOOP ( 'NONE', ( #6398, #2440, #7080, #7447 ) ) ;
#6155 = ORIENTED_EDGE ( 'NONE', *, *, #5263, .F. ) ;
#6156 = DIRECTION ( 'NONE',  ( 1.000000000000000000, -7.134924142987280985E-15, 0.000000000000000000 ) ) ;
#6157 = EDGE_CURVE ( 'NONE', #4038, #3625, #5833, .T. ) ;
#6158 = CARTESIAN_POINT ( 'NONE',  ( 0.1550000000000000544, -1.707404996040164512E-17, -0.07000000000000000666 ) ) ;
#6159 = ORIENTED_EDGE ( 'NONE', *, *, #4969, .T. ) ;
#6160 = VERTEX_POINT ( 'NONE', #6425 ) ;
#6161 = DIRECTION ( 'NONE',  ( 0.000000000000000000, 0.000000000000000000, 1.000000000000000000 ) ) ;
#6162 = PLANE ( 'NONE',  #545 ) ;
#6163 = LINE ( 'NONE', #6125, #1664 ) ;
#6164 = CARTESIAN_POINT ( 'NONE',  ( -0.1444094488188976677, 0.1175000000000000488, 0.1089999999999999858 ) ) ;
#6165 = EDGE_CURVE ( 'NONE', #2058, #6181, #7717, .T. ) ;
#6166 = ORIENTED_EDGE ( 'NONE', *, *, #7666, .T. ) ;
#6167 = DIRECTION ( 'NONE',  ( 0.000000000000000000, 0.000000000000000000, 1.000000000000000000 ) ) ;
#6168 = ORIENTED_EDGE ( 'NONE', *, *, #6865, .F. ) ;
#6169 = FACE_OUTER_BOUND ( 'NONE', #701, .T. ) ;
#6170 = FACE_OUTER_BOUND ( 'NONE', #1160, .T. ) ;
#6171 = PLANE ( 'NONE',  #5847 ) ;
#6172 = CARTESIAN_POINT ( 'NONE',  ( -0.1250000000000014433, 1.942319323305372256E-15, -0.1740000000000000435 ) ) ;
#6173 = DIRECTION ( 'NONE',  ( 0.000000000000000000, 0.000000000000000000, 1.000000000000000000 ) ) ;
#6174 = LINE ( 'NONE', #790, #212 ) ;
#6175 = EDGE_CURVE ( 'NONE', #1498, #5725, #2792, .T. ) ;
#6176 = VECTOR ( 'NONE', #6055, 39.37007874015748143 ) ;
#6177 = CARTESIAN_POINT ( 'NONE',  ( 0.1550000000000000266, 0.1069094488188977315, 0.1089999999999999858 ) ) ;
#6178 = ORIENTED_EDGE ( 'NONE', *, *, #1282, .T. ) ;
#6179 = VERTEX_POINT ( 'NONE', #3375 ) ;
#6180 = DIRECTION ( 'NONE',  ( -0.000000000000000000, 1.000000000000000000, -0.000000000000000000 ) ) ;
#6181 = VERTEX_POINT ( 'NONE', #5286 ) ;
#6182 = FACE_OUTER_BOUND ( 'NONE', #2588, .T. ) ;
#6183 = AXIS2_PLACEMENT_3D ( 'NONE', #4591, #6360, #3906 ) ;
#6184 = EDGE_CURVE ( 'NONE', #6006, #4095, #2289, .T. ) ;
#6185 = LINE ( 'NONE', #4337, #1183 ) ;
#6186 = DIRECTION ( 'NONE',  ( -1.000000000000000000, 0.000000000000000000, 0.000000000000000000 ) ) ;
#6187 = VECTOR ( 'NONE', #3397, 39.37007874015748143 ) ;
#6188 = ORIENTED_EDGE ( 'NONE', *, *, #2906, .T. ) ;
#6189 = ORIENTED_EDGE ( 'NONE', *, *, #411, .F. ) ;
#6190 = DIRECTION ( 'NONE',  ( 5.045153244757900714E-15, 0.7071067811865444641, -0.7071067811865504593 ) ) ;
#6191 = DIRECTION ( 'NONE',  ( -0.000000000000000000, 1.000000000000000000, -0.000000000000000000 ) ) ;
#6192 = VERTEX_POINT ( 'NONE', #5250 ) ;
#6193 = EDGE_LOOP ( 'NONE', ( #2040, #4402, #4642, #3035, #570, #3145, #1425, #611 ) ) ;
#6194 = FACE_OUTER_BOUND ( 'NONE', #1314, .T. ) ;
#6195 = LINE ( 'NONE', #4462, #7552 ) ;
#6196 = DIRECTION ( 'NONE',  ( -1.000000000000000000, 1.759354438110327554E-15, 0.000000000000000000 ) ) ;
#6197 = VECTOR ( 'NONE', #2601, 39.37007874015748143 ) ;
#6198 = LENGTH_MEASURE_WITH_UNIT ( LENGTH_MEASURE( 0.02539999999999999897 ), #5060 );
#6199 = ORIENTED_EDGE ( 'NONE', *, *, #2224, .F. ) ;
#6200 = VECTOR ( 'NONE', #588, 39.37007874015748143 ) ;
#6201 = VERTEX_POINT ( 'NONE', #7636 ) ;
#6202 = CARTESIAN_POINT ( 'NONE',  ( -0.1249999999999997641, 0.1175000000000000072, 0.008999999999999959421 ) ) ;
#6203 = VECTOR ( 'NONE', #2831, 39.37007874015748854 ) ;
#6204 = FACE_OUTER_BOUND ( 'NONE', #5977, .T. ) ;
#6205 = VECTOR ( 'NONE', #6525, 39.37007874015748143 ) ;
#6206 = CARTESIAN_POINT ( 'NONE',  ( 0.1550000000000000544, -2.761427880799627746E-17, -0.2740000000000000768 ) ) ;
#6207 =( CONVERSION_BASED_UNIT ( 'INCH', #3350 ) LENGTH_UNIT ( ) NAMED_UNIT ( #3982 ) );
#6208 = DIRECTION ( 'NONE',  ( 0.000000000000000000, -0.000000000000000000, -1.000000000000000000 ) ) ;
#6209 = AXIS2_PLACEMENT_3D ( 'NONE', #2387, #1139, #2236 ) ;
#6210 = PLANE ( 'NONE',  #3811 ) ;
#6211 = EDGE_CURVE ( 'NONE', #2396, #5229, #1040, .T. ) ;
#6212 = LINE ( 'NONE', #3684, #5215 ) ;
#6213 = CARTESIAN_POINT ( 'NONE',  ( -0.1444094488188976677, 0.1075000000000000122, -0.2910000000000000364 ) ) ;
#6214 = AXIS2_PLACEMENT_3D ( 'NONE', #872, #3241, #3951 ) ;
#6215 = EDGE_CURVE ( 'NONE', #6950, #206, #4734, .T. ) ;
#6216 = ORIENTED_EDGE ( 'NONE', *, *, #4254, .T. ) ;
#6217 = EDGE_LOOP ( 'NONE', ( #2454, #1192, #4725, #6260 ) ) ;
#6218 = CARTESIAN_POINT ( 'NONE',  ( -0.1249999999999997641, 0.1075000000000000122, 0.2090000000000000191 ) ) ;
#6219 = VECTOR ( 'NONE', #6438, 39.37007874015748143 ) ;
#6220 = ORIENTED_EDGE ( 'NONE', *, *, #280, .F. ) ;
#6221 = DIRECTION ( 'NONE',  ( 0.000000000000000000, -1.000000000000000000, -0.000000000000000000 ) ) ;
#6222 = AXIS2_PLACEMENT_3D ( 'NONE', #3954, #6884, #3354 ) ;
#6223 = ORIENTED_EDGE ( 'NONE', *, *, #482, .F. ) ;
#6224 = VERTEX_POINT ( 'NONE', #7045 ) ;
#6225 = EDGE_CURVE ( 'NONE', #5992, #4848, #6465, .T. ) ;
#6226 = DIRECTION ( 'NONE',  ( 0.000000000000000000, -0.000000000000000000, -1.000000000000000000 ) ) ;
#6227 = EDGE_CURVE ( 'NONE', #5229, #5206, #7086, .T. ) ;
#6228 =( GEOMETRIC_REPRESENTATION_CONTEXT ( 3 ) GLOBAL_UNCERTAINTY_ASSIGNED_CONTEXT ( ( #3414 ) ) GLOBAL_UNIT_ASSIGNED_CONTEXT ( ( #3012, #3052, #4277 ) ) REPRESENTATION_CONTEXT ( 'NONE', 'WORKASPACE' ) );
#6229 = ORIENTED_EDGE ( 'NONE', *, *, #1513, .T. ) ;
#6230 = ORIENTED_EDGE ( 'NONE', *, *, #6436, .T. ) ;
#6231 = CARTESIAN_POINT ( 'NONE',  ( -0.1444094488188976955, -1.707404996040164512E-17, -0.1090000000000000135 ) ) ;
#6232 = EDGE_CURVE ( 'NONE', #4527, #420, #1668, .T. ) ;
#6233 = DIRECTION ( 'NONE',  ( -1.000000000000000000, 0.000000000000000000, 0.000000000000000000 ) ) ;
#6234 = ORIENTED_EDGE ( 'NONE', *, *, #2376, .F. ) ;
#6235 = EDGE_CURVE ( 'NONE', #4095, #3708, #1118, .T. ) ;
#6236 = CARTESIAN_POINT ( 'NONE',  ( -0.1450000000000000455, 0.1069094488188977315, -0.1910000000000000309 ) ) ;
#6237 = LINE ( 'NONE', #7375, #3396 ) ;
#6238 = DIRECTION ( 'NONE',  ( 7.062854202149022777E-15, -1.000000000000000000, 0.000000000000000000 ) ) ;
#6239 = LINE ( 'NONE', #7444, #1485 ) ;
#6240 = VECTOR ( 'NONE', #3185, 39.37007874015748143 ) ;
#6241 = CARTESIAN_POINT ( 'NONE',  ( -0.1449999999999983802, -1.707404996040164512E-17, 0.02999999999999998848 ) ) ;
#6242 = ORIENTED_EDGE ( 'NONE', *, *, #6258, .T. ) ;
#6243 = VECTOR ( 'NONE', #3997, 39.37007874015748143 ) ;
#6244 = CARTESIAN_POINT ( 'NONE',  ( 0.1444094488188976955, 0.1069094488188977315, 0.1089999999999999858 ) ) ;
#6245 = DIRECTION ( 'NONE',  ( 0.000000000000000000, -0.000000000000000000, -1.000000000000000000 ) ) ;
#6246 = VECTOR ( 'NONE', #2913, 39.37007874015748143 ) ;
#6247 = DIRECTION ( 'NONE',  ( 0.000000000000000000, 0.000000000000000000, 1.000000000000000000 ) ) ;
#6248 = FILL_AREA_STYLE ('',( #2000 ) ) ;
#6249 = DIRECTION ( 'NONE',  ( 0.000000000000000000, -0.000000000000000000, -1.000000000000000000 ) ) ;
#6250 = EDGE_CURVE ( 'NONE', #6160, #6007, #4136, .T. ) ;
#6251 = DIRECTION ( 'NONE',  ( -1.000000000000000000, 0.000000000000000000, 7.036998335327214835E-15 ) ) ;
#6252 = CIRCLE ( 'NONE', #3335, 0.01059055118110233465 ) ;
#6253 = CARTESIAN_POINT ( 'NONE',  ( -0.1249999999999997641, 0.1075000000000000122, 0.2300000000000000377 ) ) ;
#6254 = VECTOR ( 'NONE', #727, 39.37007874015748143 ) ;
#6255 = CARTESIAN_POINT ( 'NONE',  ( 0.1450000000000000455, 0.1069094488188977315, 0.3089999999999999414 ) ) ;
#6256 = VERTEX_POINT ( 'NONE', #3533 ) ;
#6257 = LINE ( 'NONE', #989, #4698 ) ;
#6258 = EDGE_CURVE ( 'NONE', #4116, #3632, #5954, .T. ) ;
#6259 = ORIENTED_EDGE ( 'NONE', *, *, #1970, .F. ) ;
#6260 = ORIENTED_EDGE ( 'NONE', *, *, #3306, .F. ) ;
#6261 = LINE ( 'NONE', #7509, #7055 ) ;
#6262 =( NAMED_UNIT ( * ) SI_UNIT ( $, .STERADIAN. ) SOLID_ANGLE_UNIT ( ) );
#6263 = DIRECTION ( 'NONE',  ( 1.830051794170796106E-16, 0.9914448613738103822, 0.1305261922200518787 ) ) ;
#6264 = ORIENTED_EDGE ( 'NONE', *, *, #2402, .F. ) ;
#6265 = VERTEX_POINT ( 'NONE', #2629 ) ;
#6266 = CARTESIAN_POINT ( 'NONE',  ( -0.1449999999999983524, -0.1299999999999999767, -0.2090000000000000191 ) ) ;
#6267 = LINE ( 'NONE', #376, #6572 ) ;
#6268 = VERTEX_POINT ( 'NONE', #6851 ) ;
#6269 = EDGE_CURVE ( 'NONE', #4374, #4130, #2159, .T. ) ;
#6270 = DIRECTION ( 'NONE',  ( 0.000000000000000000, 0.000000000000000000, 1.000000000000000000 ) ) ;
#6271 = LINE ( 'NONE', #3258, #4551 ) ;
#6272 = EDGE_CURVE ( 'NONE', #1660, #7103, #2652, .T. ) ;
#6273 = DIRECTION ( 'NONE',  ( -1.000000000000000000, 0.000000000000000000, 0.000000000000000000 ) ) ;
#6274 = DIRECTION ( 'NONE',  ( -0.000000000000000000, -0.000000000000000000, -1.000000000000000000 ) ) ;
#6275 = UNCERTAINTY_MEASURE_WITH_UNIT (LENGTH_MEASURE( 1.000000000000000082E-05 ), #3552, 'distance_accuracy_value', 'NONE');
#6276 = DIRECTION ( 'NONE',  ( 1.000000000000000000, 0.000000000000000000, 0.000000000000000000 ) ) ;
#6277 = ORIENTED_EDGE ( 'NONE', *, *, #7139, .T. ) ;
#6278 = LINE ( 'NONE', #6356, #7570 ) ;
#6279 = PLANE ( 'NONE',  #189 ) ;
#6280 = CARTESIAN_POINT ( 'NONE',  ( 0.1444094488188976677, 0.1075000000000000122, 0.2699999999999999623 ) ) ;
#6281 = CARTESIAN_POINT ( 'NONE',  ( 0.1249999999999997641, 0.1075000000000000122, -0.07000000000000000666 ) ) ;
#6282 = EDGE_CURVE ( 'NONE', #6020, #451, #5817, .T. ) ;
#6283 = EDGE_CURVE ( 'NONE', #5395, #991, #6924, .T. ) ;
#6284 = CARTESIAN_POINT ( 'NONE',  ( 0.1449999999999999900, 0.1069094488188977315, -0.1300000000000000044 ) ) ;
#6285 = CARTESIAN_POINT ( 'NONE',  ( -0.1449999999999995182, 0.03595472440944844084, 0.03804527559055129876 ) ) ;
#6286 = CARTESIAN_POINT ( 'NONE',  ( -0.1549999999999983336, -0.1300000000000000600, -0.2090000000000000191 ) ) ;
#6287 = EDGE_LOOP ( 'NONE', ( #2442, #6159, #1717, #6674 ) ) ;
#6288 = DIRECTION ( 'NONE',  ( 3.194114299349669345E-16, -1.000000000000000000, 0.000000000000000000 ) ) ;
#6289 = ORIENTED_EDGE ( 'NONE', *, *, #4088, .T. ) ;
#6290 = CARTESIAN_POINT ( 'NONE',  ( -0.1249999999999997641, 0.1175000000000000072, 0.3300000000000000155 ) ) ;
#6291 = CIRCLE ( 'NONE', #2890, 0.01059055118110233465 ) ;
#6292 = CARTESIAN_POINT ( 'NONE',  ( -0.1444094488188976955, 0.1069094488188977315, -0.1700000000000000400 ) ) ;
#6293 = EDGE_CURVE ( 'NONE', #6346, #709, #5708, .T. ) ;
#6294 = PLANE ( 'NONE',  #829 ) ;
#6295 = ORIENTED_EDGE ( 'NONE', *, *, #5224, .F. ) ;
#6296 = ORIENTED_EDGE ( 'NONE', *, *, #6973, .T. ) ;
#6297 = ORIENTED_EDGE ( 'NONE', *, *, #1901, .T. ) ;
#6298 = CARTESIAN_POINT ( 'NONE',  ( -0.1249999999999997641, 0.1175000000000000072, 0.008999999999999959421 ) ) ;
#6299 = ORIENTED_EDGE ( 'NONE', *, *, #990, .T. ) ;
#6300 = CARTESIAN_POINT ( 'NONE',  ( 0.1449999999999983524, -0.1299999999999999767, 0.1089999999999999858 ) ) ;
#6301 = ORIENTED_EDGE ( 'NONE', *, *, #6892, .F. ) ;
#6302 = AXIS2_PLACEMENT_3D ( 'NONE', #5757, #4536, #2172 ) ;
#6303 = EDGE_CURVE ( 'NONE', #847, #1662, #6261, .T. ) ;
#6304 = VECTOR ( 'NONE', #5301, 39.37007874015748143 ) ;
#6305 = CARTESIAN_POINT ( 'NONE',  ( 0.1249999999999997641, 0.1175000000000000072, 0.1089999999999999858 ) ) ;
#6306 = CLOSED_SHELL ( 'NONE', ( #4188, #7126, #44, #7111, #6092, #2661, #507, #902, #2071, #5418, #5164, #499, #2126, #5706, #2611, #2940 ) ) ;
#6307 = CARTESIAN_POINT ( 'NONE',  ( 0.1449999999999983524, -0.1299999999999999767, -0.009000000000000027076 ) ) ;
#6308 = DIRECTION ( 'NONE',  ( -0.000000000000000000, -0.000000000000000000, -1.000000000000000000 ) ) ;
#6309 = EDGE_CURVE ( 'NONE', #6612, #5444, #334, .T. ) ;
#6310 = LINE ( 'NONE', #1042, #1360 ) ;
#6311 = VERTEX_POINT ( 'NONE', #6890 ) ;
#6312 = EDGE_CURVE ( 'NONE', #3064, #3772, #2777, .T. ) ;
#6313 = AXIS2_PLACEMENT_3D ( 'NONE', #3361, #5045, #7430 ) ;
#6314 = EDGE_CURVE ( 'NONE', #4, #6928, #5928, .T. ) ;
#6315 = CARTESIAN_POINT ( 'NONE',  ( 0.1449999999999984357, 0.004000000000000162280, 0.3300000000000000155 ) ) ;
#6316 = EDGE_LOOP ( 'NONE', ( #2205, #5398, #1362, #3960 ) ) ;
#6317 = ADVANCED_FACE ( 'NONE', ( #3921 ), #2122, .T. ) ;
#6318 = LINE ( 'NONE', #4589, #6576 ) ;
#6319 = DIRECTION ( 'NONE',  ( 0.000000000000000000, 1.000000000000000000, 0.000000000000000000 ) ) ;
#6320 = AXIS2_PLACEMENT_3D ( 'NONE', #3834, #3199, #5620 ) ;
#6321 = CARTESIAN_POINT ( 'NONE',  ( -0.1449999999999983524, -0.1299999999999999767, 0.2909999999999999809 ) ) ;
#6322 = AXIS2_PLACEMENT_3D ( 'NONE', #6500, #1826, #2828 ) ;
#6323 = EDGE_CURVE ( 'NONE', #122, #4827, #5153, .T. ) ;
#6324 = VERTEX_POINT ( 'NONE', #5748 ) ;
#6325 = AXIS2_PLACEMENT_3D ( 'NONE', #1258, #671, #1378 ) ;
#6326 = ORIENTED_EDGE ( 'NONE', *, *, #5803, .F. ) ;
#6327 = VECTOR ( 'NONE', #767, 39.37007874015748143 ) ;
#6328 = FACE_OUTER_BOUND ( 'NONE', #5080, .T. ) ;
#6329 = CIRCLE ( 'NONE', #7071, 0.03500000000000003803 ) ;
#6330 = SURFACE_SIDE_STYLE ('',( #3386 ) ) ;
#6331 = DIRECTION ( 'NONE',  ( 0.000000000000000000, -0.000000000000000000, -1.000000000000000000 ) ) ;
#6332 = CARTESIAN_POINT ( 'NONE',  ( -0.1249999999999997641, 0.1075000000000000122, 0.3750000000000002220 ) ) ;
#6333 = VERTEX_POINT ( 'NONE', #3962 ) ;
#6334 = DIRECTION ( 'NONE',  ( -1.000000000000000000, 0.000000000000000000, 7.036998335327214835E-15 ) ) ;
#6335 = CIRCLE ( 'NONE', #5822, 0.01999999999999999001 ) ;
#6336 = ORIENTED_EDGE ( 'NONE', *, *, #1762, .T. ) ;
#6337 = LINE ( 'NONE', #880, #7434 ) ;
#6338 = PLANE ( 'NONE',  #1209 ) ;
#6339 = VECTOR ( 'NONE', #6098, 39.37007874015748854 ) ;
#6340 = LINE ( 'NONE', #1541, #3443 ) ;
#6341 = ORIENTED_EDGE ( 'NONE', *, *, #2114, .T. ) ;
#6342 = ORIENTED_EDGE ( 'NONE', *, *, #3114, .F. ) ;
#6343 = CARTESIAN_POINT ( 'NONE',  ( 0.1449999999999991573, 0.004000000000000079881, 0.1699999999999999567 ) ) ;
#6344 = ORIENTED_EDGE ( 'NONE', *, *, #5887, .T. ) ;
#6345 = CARTESIAN_POINT ( 'NONE',  ( -0.1449999999999983802, -1.707404996040164512E-17, -0.09100000000000003919 ) ) ;
#6346 = VERTEX_POINT ( 'NONE', #6374 ) ;
#6347 = EDGE_CURVE ( 'NONE', #7549, #5526, #3883, .T. ) ;
#6348 = AXIS2_PLACEMENT_3D ( 'NONE', #3133, #5547, #176 ) ;
#6349 = CARTESIAN_POINT ( 'NONE',  ( -0.1550000000000000544, -3.615130378819710002E-17, -0.3260000000000000120 ) ) ;
#6350 = FILL_AREA_STYLE ('',( #5248 ) ) ;
#6351 = CARTESIAN_POINT ( 'NONE',  ( -0.1444094488188976955, 0.1069094488188977315, 0.2090000000000000191 ) ) ;
#6352 = SURFACE_STYLE_USAGE ( .BOTH. , #1554 ) ;
#6353 = LINE ( 'NONE', #6907, #7492 ) ;
#6354 = ORIENTED_EDGE ( 'NONE', *, *, #7427, .T. ) ;
#6355 = EDGE_CURVE ( 'NONE', #1208, #3468, #6337, .T. ) ;
#6356 = CARTESIAN_POINT ( 'NONE',  ( 0.1444094488188976677, 0.1175000000000000488, 0.3089999999999999414 ) ) ;
#6357 = EDGE_LOOP ( 'NONE', ( #6129, #3358, #221, #4327 ) ) ;
#6358 = FACE_OUTER_BOUND ( 'NONE', #2218, .T. ) ;
#6359 = VECTOR ( 'NONE', #1319, 39.37007874015748854 ) ;
#6360 = DIRECTION ( 'NONE',  ( 0.000000000000000000, 0.000000000000000000, 1.000000000000000000 ) ) ;
#6361 = LINE ( 'NONE', #7530, #481 ) ;
#6362 = ORIENTED_EDGE ( 'NONE', *, *, #4677, .T. ) ;
#6363 = EDGE_CURVE ( 'NONE', #7700, #2113, #1537, .T. ) ;
#6364 = LINE ( 'NONE', #4550, #1063 ) ;
#6365 = DIRECTION ( 'NONE',  ( -0.000000000000000000, 0.000000000000000000, 1.000000000000000000 ) ) ;
#6366 =( GEOMETRIC_REPRESENTATION_CONTEXT ( 3 ) GLOBAL_UNCERTAINTY_ASSIGNED_CONTEXT ( ( #7446 ) ) GLOBAL_UNIT_ASSIGNED_CONTEXT ( ( #5765, #5220, #3986 ) ) REPRESENTATION_CONTEXT ( 'NONE', 'WORKASPACE' ) );
#6367 = DIRECTION ( 'NONE',  ( 1.000000000000000000, 1.759354438110327554E-15, 0.000000000000000000 ) ) ;
#6368 = CARTESIAN_POINT ( 'NONE',  ( -0.1450000000000000455, 0.1069094488188977315, 0.3089999999999999414 ) ) ;
#6369 = ORIENTED_EDGE ( 'NONE', *, *, #6917, .F. ) ;
#6370 = AXIS2_PLACEMENT_3D ( 'NONE', #4817, #4777, #1791 ) ;
#6371 = CYLINDRICAL_SURFACE ( 'NONE', #5082, 0.01059055118110229995 ) ;
#6372 = ORIENTED_EDGE ( 'NONE', *, *, #2268, .F. ) ;
#6373 = VECTOR ( 'NONE', #7136, 39.37007874015748143 ) ;
#6374 = CARTESIAN_POINT ( 'NONE',  ( -0.1549999999999983336, -0.1300000000000000600, 0.09099999999999999756 ) ) ;
#6375 = CARTESIAN_POINT ( 'NONE',  ( 0.1449999999999983524, -0.1299999999999999767, 0.3089999999999999414 ) ) ;
#6376 = ORIENTED_EDGE ( 'NONE', *, *, #1953, .T. ) ;
#6377 = CARTESIAN_POINT ( 'NONE',  ( -0.1444094488188976955, 0.1069094488188977315, 0.02999999999999998848 ) ) ;
#6378 = ORIENTED_EDGE ( 'NONE', *, *, #2878, .T. ) ;
#6379 = VERTEX_POINT ( 'NONE', #401 ) ;
#6380 = DIRECTION ( 'NONE',  ( 0.000000000000000000, 0.000000000000000000, 1.000000000000000000 ) ) ;
#6381 = AXIS2_PLACEMENT_3D ( 'NONE', #4210, #5907, #2280 ) ;
#6382 = AXIS2_PLACEMENT_3D ( 'NONE', #2625, #4446, #6848 ) ;
#6383 = ADVANCED_FACE ( 'NONE', ( #2663 ), #5776, .F. ) ;
#6384 = ORIENTED_EDGE ( 'NONE', *, *, #6134, .F. ) ;
#6385 = CARTESIAN_POINT ( 'NONE',  ( -0.1444094488188976955, 0.1069094488188977315, 0.07000000000000000666 ) ) ;
#6386 = ORIENTED_EDGE ( 'NONE', *, *, #5003, .T. ) ;
#6387 = DIRECTION ( 'NONE',  ( -1.000000000000000000, 0.000000000000000000, 0.000000000000000000 ) ) ;
#6388 = CARTESIAN_POINT ( 'NONE',  ( -0.1449999999999983802, -1.707404996040164512E-17, -0.1700000000000000400 ) ) ;
#6389 = EDGE_CURVE ( 'NONE', #1535, #4893, #369, .T. ) ;
#6390 = LINE ( 'NONE', #1004, #5685 ) ;
#6391 = CARTESIAN_POINT ( 'NONE',  ( -0.03500000000000000333, 0.1981889763779526581, -0.3628221439731659781 ) ) ;
#6392 = ORIENTED_EDGE ( 'NONE', *, *, #2936, .F. ) ;
#6393 = LINE ( 'NONE', #7127, #4433 ) ;
#6394 = FACE_OUTER_BOUND ( 'NONE', #3197, .T. ) ;
#6395 = EDGE_CURVE ( 'NONE', #6014, #4646, #2739, .T. ) ;
#6396 = CARTESIAN_POINT ( 'NONE',  ( 0.1549999999999983336, -0.1300000000000000600, 0.008999999999999959421 ) ) ;
#6397 = DIRECTION ( 'NONE',  ( 0.000000000000000000, -1.000000000000000000, -0.000000000000000000 ) ) ;
#6398 = ORIENTED_EDGE ( 'NONE', *, *, #974, .F. ) ;
#6399 = CARTESIAN_POINT ( 'NONE',  ( -0.1550000000000000544, -1.707404996040164512E-17, 0.02999999999999998848 ) ) ;
#6400 = CARTESIAN_POINT ( 'NONE',  ( 0.1249999999999997641, 0.1175000000000000072, -0.03000000000000002318 ) ) ;
#6401 = DIRECTION ( 'NONE',  ( 0.000000000000000000, 0.000000000000000000, 1.000000000000000000 ) ) ;
#6402 = CARTESIAN_POINT ( 'NONE',  ( 0.1444094488188976677, 0.1075000000000000122, 0.02999999999999998848 ) ) ;
#6403 = DIMENSIONAL_EXPONENTS ( 1.000000000000000000, 0.000000000000000000, 0.000000000000000000, 0.000000000000000000, 0.000000000000000000, 0.000000000000000000, 0.000000000000000000 ) ;
#6404 = DIRECTION ( 'NONE',  ( -1.000000000000000000, 0.000000000000000000, 0.000000000000000000 ) ) ;
#6405 = LINE ( 'NONE', #5808, #3299 ) ;
#6406 = VERTEX_POINT ( 'NONE', #4448 ) ;
#6407 = CARTESIAN_POINT ( 'NONE',  ( 0.1550000000000000266, 0.1069094488188977315, 0.1700000000000000400 ) ) ;
#6408 = ORIENTED_EDGE ( 'NONE', *, *, #6227, .F. ) ;
#6409 = ORIENTED_EDGE ( 'NONE', *, *, #894, .T. ) ;
#6410 = EDGE_CURVE ( 'NONE', #4426, #2827, #3991, .T. ) ;
#6411 = ADVANCED_FACE ( 'NONE', ( #5853 ), #1097, .F. ) ;
#6412 = CARTESIAN_POINT ( 'NONE',  ( 0.1444094488188976677, 0.1075000000000000122, -0.09100000000000003919 ) ) ;
#6413 = CARTESIAN_POINT ( 'NONE',  ( 0.1449999999999983524, -0.1299999999999999767, 0.1910000000000000309 ) ) ;
#6414 = ORIENTED_EDGE ( 'NONE', *, *, #5, .F. ) ;
#6415 = EDGE_CURVE ( 'NONE', #3483, #5711, #2306, .T. ) ;
#6416 = LINE ( 'NONE', #6893, #5481 ) ;
#6417 = ORIENTED_EDGE ( 'NONE', *, *, #3742, .T. ) ;
#6418 = ORIENTED_EDGE ( 'NONE', *, *, #1718, .F. ) ;
#6419 = PLANE ( 'NONE',  #1475 ) ;
#6420 = ORIENTED_EDGE ( 'NONE', *, *, #2991, .T. ) ;
#6421 = CARTESIAN_POINT ( 'NONE',  ( -0.1444094488188976955, 0.1069094488188977315, 0.008999999999999959421 ) ) ;
#6422 = EDGE_CURVE ( 'NONE', #4101, #6659, #4710, .T. ) ;
#6423 = CYLINDRICAL_SURFACE ( 'NONE', #2176, 0.01059055118110229995 ) ;
#6424 = FACE_OUTER_BOUND ( 'NONE', #4764, .T. ) ;
#6425 = CARTESIAN_POINT ( 'NONE',  ( 0.1549999999999992772, -1.707404996040164512E-17, -0.1910000000000000309 ) ) ;
#6426 = VECTOR ( 'NONE', #1871, 39.37007874015748854 ) ;
#6427 = DIRECTION ( 'NONE',  ( 0.000000000000000000, 0.000000000000000000, 1.000000000000000000 ) ) ;
#6428 = PLANE ( 'NONE',  #5864 ) ;
#6429 = VERTEX_POINT ( 'NONE', #7688 ) ;
#6430 = ORIENTED_EDGE ( 'NONE', *, *, #3168, .T. ) ;
#6431 = DIRECTION ( 'NONE',  ( 0.000000000000000000, 0.000000000000000000, 1.000000000000000000 ) ) ;
#6432 = CARTESIAN_POINT ( 'NONE',  ( -0.1249999999999997641, 0.1175000000000000072, 0.2300000000000000377 ) ) ;
#6433 = CARTESIAN_POINT ( 'NONE',  ( 0.1449999999999983524, -0.1299999999999999767, -0.2910000000000000364 ) ) ;
#6434 = VECTOR ( 'NONE', #6542, 39.37007874015748143 ) ;
#6435 = EDGE_LOOP ( 'NONE', ( #1463, #2670, #4125, #1534 ) ) ;
#6436 = EDGE_CURVE ( 'NONE', #1426, #4994, #2264, .T. ) ;
#6437 = CARTESIAN_POINT ( 'NONE',  ( 0.1250000000000014433, 1.942319323305372256E-15, 0.1259999999999999731 ) ) ;
#6438 = DIRECTION ( 'NONE',  ( -1.000000000000000000, -0.000000000000000000, 2.731847993664263218E-16 ) ) ;
#6439 = CARTESIAN_POINT ( 'NONE',  ( -0.03500000000000000333, 0.1981889763779526581, -0.3628221439731659781 ) ) ;
#6440 = CARTESIAN_POINT ( 'NONE',  ( -0.1449999999999983524, -0.1299999999999999767, 0.2909999999999999809 ) ) ;
#6441 = FACE_OUTER_BOUND ( 'NONE', #5236, .T. ) ;
#6442 = CARTESIAN_POINT ( 'NONE',  ( 0.1249999999999999584, 0.1175000000000000072, 0.3750000000000001665 ) ) ;
#6443 = ORIENTED_EDGE ( 'NONE', *, *, #36, .T. ) ;
#6444 = DIRECTION ( 'NONE',  ( 0.000000000000000000, 0.000000000000000000, 1.000000000000000000 ) ) ;
#6445 = EDGE_CURVE ( 'NONE', #2735, #6588, #3473, .T. ) ;
#6446 = AXIS2_PLACEMENT_3D ( 'NONE', #1126, #3543, #471 ) ;
#6447 = AXIS2_PLACEMENT_3D ( 'NONE', #3379, #1151, #186 ) ;
#6448 = VECTOR ( 'NONE', #5092, 39.37007874015748143 ) ;
#6449 = EDGE_LOOP ( 'NONE', ( #921, #3764, #6216, #2613 ) ) ;
#6450 = EDGE_CURVE ( 'NONE', #6192, #3135, #7105, .T. ) ;
#6451 = CARTESIAN_POINT ( 'NONE',  ( 0.1444094488188976677, 0.1175000000000000488, 0.02999999999999998848 ) ) ;
#6452 = EDGE_LOOP ( 'NONE', ( #6512, #6296, #2398, #2681 ) ) ;
#6453 = DIRECTION ( 'NONE',  ( 0.000000000000000000, -0.000000000000000000, -1.000000000000000000 ) ) ;
#6454 = VECTOR ( 'NONE', #2119, 39.37007874015748143 ) ;
#6455 = ORIENTED_EDGE ( 'NONE', *, *, #2927, .F. ) ;
#6456 = VERTEX_POINT ( 'NONE', #4663 ) ;
#6457 = CARTESIAN_POINT ( 'NONE',  ( 0.1250000000000014433, 1.942319323305372256E-15, 0.3259999999999999565 ) ) ;
#6458 = ORIENTED_EDGE ( 'NONE', *, *, #3071, .T. ) ;
#6459 = CARTESIAN_POINT ( 'NONE',  ( -0.1249999999999997641, 0.1175000000000000072, 0.3089999999999999414 ) ) ;
#6460 = EDGE_CURVE ( 'NONE', #750, #3564, #2229, .T. ) ;
#6461 = CIRCLE ( 'NONE', #3063, 0.01059055118110233465 ) ;
#6462 = EDGE_CURVE ( 'NONE', #7103, #7621, #2885, .T. ) ;
#6463 = DIRECTION ( 'NONE',  ( 1.000000000000000000, 1.759354438110327554E-15, 0.000000000000000000 ) ) ;
#6464 = CARTESIAN_POINT ( 'NONE',  ( -0.03500000000000000333, 0.1981889763779526581, -0.3628221439731659781 ) ) ;
#6465 = LINE ( 'NONE', #4691, #5562 ) ;
#6466 = LINE ( 'NONE', #6002, #2476 ) ;
#6467 = CARTESIAN_POINT ( 'NONE',  ( 0.1449999999999983802, -1.707404996040164512E-17, -0.2700000000000000178 ) ) ;
#6468 = DIRECTION ( 'NONE',  ( -0.000000000000000000, -0.000000000000000000, -1.000000000000000000 ) ) ;
#6469 = VERTEX_POINT ( 'NONE', #1727 ) ;
#6470 = VECTOR ( 'NONE', #7734, 39.37007874015748143 ) ;
#6471 = AXIS2_PLACEMENT_3D ( 'NONE', #4040, #3521, #5396 ) ;
#6472 = ADVANCED_FACE ( 'NONE', ( #7063 ), #6520, .F. ) ;
#6473 = LINE ( 'NONE', #775, #553 ) ;
#6474 = DIRECTION ( 'NONE',  ( 4.973757961760255702E-15, 0.7071067811865445751, -0.7071067811865505703 ) ) ;
#6475 =( GEOMETRIC_REPRESENTATION_CONTEXT ( 3 ) GLOBAL_UNCERTAINTY_ASSIGNED_CONTEXT ( ( #160 ) ) GLOBAL_UNIT_ASSIGNED_CONTEXT ( ( #55, #4844, #4037 ) ) REPRESENTATION_CONTEXT ( 'NONE', 'WORKASPACE' ) );
#6476 = LINE ( 'NONE', #358, #2475 ) ;
#6477 = VERTEX_POINT ( 'NONE', #4068 ) ;
#6478 = VECTOR ( 'NONE', #6186, 39.37007874015748143 ) ;
#6479 = LINE ( 'NONE', #5968, #1443 ) ;
#6480 = ORIENTED_EDGE ( 'NONE', *, *, #6731, .T. ) ;
#6481 = CARTESIAN_POINT ( 'NONE',  ( -0.1550000000000000544, 0.004000000000000018298, 0.3299999999999999600 ) ) ;
#6482 = DIRECTION ( 'NONE',  ( -1.000000000000000000, 0.000000000000000000, 0.000000000000000000 ) ) ;
#6483 = CARTESIAN_POINT ( 'NONE',  ( -0.1550000000000000544, -1.707404996040164512E-17, -0.07000000000000000666 ) ) ;
#6484 = DIRECTION ( 'NONE',  ( -0.000000000000000000, -0.000000000000000000, -1.000000000000000000 ) ) ;
#6485 = EDGE_CURVE ( 'NONE', #1395, #4122, #4596, .T. ) ;
#6486 = ORIENTED_EDGE ( 'NONE', *, *, #6089, .F. ) ;
#6487 = LINE ( 'NONE', #7622, #7454 ) ;
#6488 = VERTEX_POINT ( 'NONE', #6481 ) ;
#6489 = DIRECTION ( 'NONE',  ( 3.642463991552348986E-16, -0.000000000000000000, 1.000000000000000000 ) ) ;
#6490 = VECTOR ( 'NONE', #6913, 39.37007874015748143 ) ;
#6491 = CARTESIAN_POINT ( 'NONE',  ( 0.1449999999999984357, 0.004000000000000162280, 0.2300000000000000377 ) ) ;
#6492 = ORIENTED_EDGE ( 'NONE', *, *, #2271, .T. ) ;
#6493 = AXIS2_PLACEMENT_3D ( 'NONE', #7234, #1407, #2428 ) ;
#6494 = LINE ( 'NONE', #2277, #1572 ) ;
#6495 = EDGE_CURVE ( 'NONE', #6578, #6815, #2926, .T. ) ;
#6496 = ORIENTED_EDGE ( 'NONE', *, *, #411, .T. ) ;
#6497 = VERTEX_POINT ( 'NONE', #1133 ) ;
#6498 = LINE ( 'NONE', #2397, #4223 ) ;
#6499 = EDGE_LOOP ( 'NONE', ( #5365, #1233, #3830, #2781 ) ) ;
#6500 = CARTESIAN_POINT ( 'NONE',  ( 0.1444094488188976955, 0.1069094488188977315, 0.008999999999999959421 ) ) ;
#6501 = MECHANICAL_DESIGN_GEOMETRIC_PRESENTATION_REPRESENTATION (  '', ( #7381 ), #4234 ) ;
#6502 = CIRCLE ( 'NONE', #1730, 0.01059055118110233465 ) ;
#6503 = VECTOR ( 'NONE', #1281, 39.37007874015748143 ) ;
#6504 = CARTESIAN_POINT ( 'NONE',  ( 0.1249999999999997641, 0.1175000000000000072, 0.2699999999999999623 ) ) ;
#6505 = FILL_AREA_STYLE ('',( #2367 ) ) ;
#6506 = DIRECTION ( 'NONE',  ( 1.000000000000000000, 1.759354438110327554E-15, 0.000000000000000000 ) ) ;
#6507 = LINE ( 'NONE', #1669, #5116 ) ;
#6508 = EDGE_LOOP ( 'NONE', ( #2893, #2883, #1542, #7467 ) ) ;
#6509 = DIRECTION ( 'NONE',  ( 1.000000000000000000, 0.000000000000000000, -0.000000000000000000 ) ) ;
#6510 = UNCERTAINTY_MEASURE_WITH_UNIT (LENGTH_MEASURE( 1.000000000000000082E-05 ), #6641, 'distance_accuracy_value', 'NONE');
#6511 = DIRECTION ( 'NONE',  ( -1.000000000000000000, 6.829619984160659821E-15, 0.000000000000000000 ) ) ;
#6512 = ORIENTED_EDGE ( 'NONE', *, *, #1906, .F. ) ;
#6513 = ORIENTED_EDGE ( 'NONE', *, *, #7040, .F. ) ;
#6514 = ADVANCED_FACE ( 'NONE', ( #4268 ), #554, .T. ) ;
#6515 = FACE_OUTER_BOUND ( 'NONE', #4831, .T. ) ;
#6516 = PLANE ( 'NONE',  #6811 ) ;
#6517 = DIRECTION ( 'NONE',  ( 1.533174863687841128E-14, 1.000000000000000000, 0.000000000000000000 ) ) ;
#6518 = LINE ( 'NONE', #7646, #5709 ) ;
#6519 = ORIENTED_EDGE ( 'NONE', *, *, #378, .F. ) ;
#6520 = PLANE ( 'NONE',  #1926 ) ;
#6521 = EDGE_CURVE ( 'NONE', #795, #2240, #4754, .T. ) ;
#6522 = LINE ( 'NONE', #517, #7046 ) ;
#6523 = EDGE_CURVE ( 'NONE', #3560, #7314, #3669, .T. ) ;
#6524 = FACE_OUTER_BOUND ( 'NONE', #7120, .T. ) ;
#6525 = DIRECTION ( 'NONE',  ( 7.134924142987280985E-15, 1.000000000000000000, 0.000000000000000000 ) ) ;
#6526 = ORIENTED_EDGE ( 'NONE', *, *, #3421, .T. ) ;
#6527 = FACE_OUTER_BOUND ( 'NONE', #2450, .T. ) ;
#6528 = VERTEX_POINT ( 'NONE', #5805 ) ;
#6529 = VERTEX_POINT ( 'NONE', #433 ) ;
#6530 = CARTESIAN_POINT ( 'NONE',  ( -0.1449999999999984357, 0.004000000000000162280, -0.07000000000000000666 ) ) ;
#6531 = ORIENTED_EDGE ( 'NONE', *, *, #6843, .T. ) ;
#6532 = FACE_OUTER_BOUND ( 'NONE', #5191, .T. ) ;
#6533 = VERTEX_POINT ( 'NONE', #2810 ) ;
#6534 = VERTEX_POINT ( 'NONE', #5223 ) ;
#6535 = DIRECTION ( 'NONE',  ( 4.994192100871455057E-15, -0.7071067811865444641, 0.7071067811865504593 ) ) ;
#6536 = ORIENTED_EDGE ( 'NONE', *, *, #3143, .T. ) ;
#6537 = PLANE ( 'NONE',  #2916 ) ;
#6538 = EDGE_CURVE ( 'NONE', #5351, #1021, #7615, .T. ) ;
#6539 = DIRECTION ( 'NONE',  ( 0.000000000000000000, -0.000000000000000000, -1.000000000000000000 ) ) ;
#6540 = CARTESIAN_POINT ( 'NONE',  ( 0.1449999999999996014, 0.04495472440944935089, 0.3709547244094488216 ) ) ;
#6541 = LINE ( 'NONE', #3532, #4857 ) ;
#6542 = DIRECTION ( 'NONE',  ( 1.000000000000000000, 6.829619984160659821E-15, -0.000000000000000000 ) ) ;
#6543 = CARTESIAN_POINT ( 'NONE',  ( -0.1249999999999997641, 0.1175000000000000072, -0.2910000000000000364 ) ) ;
#6544 = ORIENTED_EDGE ( 'NONE', *, *, #6120, .T. ) ;
#6545 = DIRECTION ( 'NONE',  ( 0.000000000000000000, -0.000000000000000000, -1.000000000000000000 ) ) ;
#6546 = CARTESIAN_POINT ( 'NONE',  ( 0.1449999999999983524, -0.1299999999999999767, -0.2910000000000000364 ) ) ;
#6547 = ORIENTED_EDGE ( 'NONE', *, *, #822, .T. ) ;
#6548 = EDGE_CURVE ( 'NONE', #7754, #3568, #6195, .T. ) ;
#6549 = VECTOR ( 'NONE', #2733, 39.37007874015748143 ) ;
#6550 = CARTESIAN_POINT ( 'NONE',  ( 0.1550000000000000266, 0.1069094488188977315, 0.07000000000000000666 ) ) ;
#6551 = ADVANCED_FACE ( 'NONE', ( #4352 ), #6162, .F. ) ;
#6552 = FACE_OUTER_BOUND ( 'NONE', #4041, .T. ) ;
#6553 = CARTESIAN_POINT ( 'NONE',  ( -0.1128221439731658948, 0.2099999999999999090, -0.3628221439731659781 ) ) ;
#6554 = EDGE_CURVE ( 'NONE', #5943, #640, #776, .T. ) ;
#6555 = ORIENTED_EDGE ( 'NONE', *, *, #5843, .T. ) ;
#6556 = VECTOR ( 'NONE', #6905, 39.37007874015748143 ) ;
#6557 = EDGE_CURVE ( 'NONE', #4979, #228, #5611, .T. ) ;
#6558 = DIRECTION ( 'NONE',  ( -1.000000000000000000, 0.000000000000000000, 0.000000000000000000 ) ) ;
#6559 = ORIENTED_EDGE ( 'NONE', *, *, #6347, .F. ) ;
#6560 = EDGE_CURVE ( 'NONE', #5465, #7750, #1919, .T. ) ;
#6561 = CARTESIAN_POINT ( 'NONE',  ( 0.1449999999999983802, -1.707404996040164512E-17, 0.2740000000000000213 ) ) ;
#6562 = CARTESIAN_POINT ( 'NONE',  ( -0.1444094488188976677, 0.1075000000000000122, 0.1089999999999999858 ) ) ;
#6563 = VECTOR ( 'NONE', #3325, 39.37007874015748143 ) ;
#6564 = DIRECTION ( 'NONE',  ( 0.000000000000000000, 1.000000000000000000, 0.000000000000000000 ) ) ;
#6565 = CARTESIAN_POINT ( 'NONE',  ( -0.1550000000000000266, 0.1069094488188977315, 0.1700000000000000400 ) ) ;
#6566 = EDGE_CURVE ( 'NONE', #1921, #2396, #1990, .T. ) ;
#6567 = ORIENTED_EDGE ( 'NONE', *, *, #5639, .F. ) ;
#6568 = DIRECTION ( 'NONE',  ( 7.062854202149022777E-15, 1.000000000000000000, 0.000000000000000000 ) ) ;
#6569 = VERTEX_POINT ( 'NONE', #3863 ) ;
#6570 = DIRECTION ( 'NONE',  ( 0.000000000000000000, -0.000000000000000000, -1.000000000000000000 ) ) ;
#6571 = ORIENTED_EDGE ( 'NONE', *, *, #6793, .T. ) ;
#6572 = VECTOR ( 'NONE', #4009, 39.37007874015748143 ) ;
#6573 = DIRECTION ( 'NONE',  ( -1.000000000000000000, 6.829619984160659821E-15, 0.000000000000000000 ) ) ;
#6574 = ORIENTED_EDGE ( 'NONE', *, *, #7539, .T. ) ;
#6575 = VERTEX_POINT ( 'NONE', #4949 ) ;
#6576 = VECTOR ( 'NONE', #5688, 39.37007874015748143 ) ;
#6577 = ORIENTED_EDGE ( 'NONE', *, *, #1592, .F. ) ;
#6578 = VERTEX_POINT ( 'NONE', #6866 ) ;
#6579 = CARTESIAN_POINT ( 'NONE',  ( -0.1550000000000000544, -1.707404996040164512E-17, -0.1700000000000000400 ) ) ;
#6580 = ORIENTED_EDGE ( 'NONE', *, *, #6120, .F. ) ;
#6581 = CARTESIAN_POINT ( 'NONE',  ( 0.1449999999999983802, -1.707404996040164512E-17, -0.03000000000000002318 ) ) ;
#6582 = AXIS2_PLACEMENT_3D ( 'NONE', #272, #2638, #4010 ) ;
#6583 = PLANE ( 'NONE',  #1806 ) ;
#6584 = VECTOR ( 'NONE', #1428, 39.37007874015748143 ) ;
#6585 = DIRECTION ( 'NONE',  ( -1.000000000000000000, 0.000000000000000000, 7.036998335327214835E-15 ) ) ;
#6586 = CARTESIAN_POINT ( 'NONE',  ( -0.1550000000000000266, 0.1069094488188977315, 0.2090000000000000191 ) ) ;
#6587 = DIRECTION ( 'NONE',  ( 0.000000000000000000, 0.000000000000000000, 1.000000000000000000 ) ) ;
#6588 = VERTEX_POINT ( 'NONE', #3153 ) ;
#6589 = CARTESIAN_POINT ( 'NONE',  ( -0.1444094488188969738, 0.004000000000000131922, 0.2300000000000000377 ) ) ;
#6590 = EDGE_CURVE ( 'NONE', #5037, #2490, #1441, .T. ) ;
#6591 = CARTESIAN_POINT ( 'NONE',  ( -0.1449999999999983524, -0.1299999999999999767, -0.09100000000000003919 ) ) ;
#6592 = ORIENTED_EDGE ( 'NONE', *, *, #993, .T. ) ;
#6593 = VECTOR ( 'NONE', #6484, 39.37007874015748143 ) ;
#6594 = DIRECTION ( 'NONE',  ( 4.973757961760255702E-15, 0.7071067811865445751, -0.7071067811865505703 ) ) ;
#6595 = LINE ( 'NONE', #3544, #2649 ) ;
#6596 = EDGE_CURVE ( 'NONE', #4805, #750, #201, .T. ) ;
#6597 = VECTOR ( 'NONE', #4526, 39.37007874015748854 ) ;
#6598 = ORIENTED_EDGE ( 'NONE', *, *, #1996, .F. ) ;
#6599 = CARTESIAN_POINT ( 'NONE',  ( 0.1449999999999983802, -1.707404996040164512E-17, -0.2300000000000000100 ) ) ;
#6600 = VERTEX_POINT ( 'NONE', #5494 ) ;
#6601 = STYLED_ITEM ( 'NONE', ( #5902 ), #4131 ) ;
#6602 = SURFACE_SIDE_STYLE ('',( #2343 ) ) ;
#6603 = LINE ( 'NONE', #4711, #1783 ) ;
#6604 = LINE ( 'NONE', #7231, #4985 ) ;
#6605 = LINE ( 'NONE', #2973, #7373 ) ;
#6606 = ORIENTED_EDGE ( 'NONE', *, *, #2692, .T. ) ;
#6607 = ADVANCED_FACE ( 'NONE', ( #124 ), #7406, .T. ) ;
#6608 = ORIENTED_EDGE ( 'NONE', *, *, #6920, .T. ) ;
#6609 = DIRECTION ( 'NONE',  ( -0.000000000000000000, 0.000000000000000000, -1.000000000000000000 ) ) ;
#6610 = EDGE_CURVE ( 'NONE', #4101, #6617, #6237, .T. ) ;
#6611 = DIRECTION ( 'NONE',  ( 1.000000000000000000, 0.000000000000000000, -0.000000000000000000 ) ) ;
#6612 = VERTEX_POINT ( 'NONE', #4421 ) ;
#6613 = ORIENTED_EDGE ( 'NONE', *, *, #2596, .F. ) ;
#6614 = DIRECTION ( 'NONE',  ( 0.000000000000000000, 0.000000000000000000, 1.000000000000000000 ) ) ;
#6615 = VECTOR ( 'NONE', #147, 39.37007874015748854 ) ;
#6616 = ORIENTED_EDGE ( 'NONE', *, *, #2748, .T. ) ;
#6617 = VERTEX_POINT ( 'NONE', #859 ) ;
#6618 = ORIENTED_EDGE ( 'NONE', *, *, #1565, .T. ) ;
#6619 = LINE ( 'NONE', #1146, #4605 ) ;
#6620 = EDGE_LOOP ( 'NONE', ( #5641, #2931, #6645, #5859, #583, #5290, #4029, #7162, #7016, #60 ) ) ;
#6621 = LINE ( 'NONE', #2990, #7327 ) ;
#6622 = VECTOR ( 'NONE', #1745, 39.37007874015748143 ) ;
#6624 = AXIS2_PLACEMENT_3D ( 'NONE', #2141, #2794, #2105 ) ;
#6623 = CARTESIAN_POINT ( 'NONE',  ( -0.1550000000000000266, 0.1069094488188977315, 0.3089999999999999414 ) ) ;
#6625 = VECTOR ( 'NONE', #1752, 39.37007874015748143 ) ;
#6626 = VECTOR ( 'NONE', #7718, 39.37007874015748143 ) ;
#6627 = DIRECTION ( 'NONE',  ( -6.829619984160659821E-15, 1.000000000000000000, 0.000000000000000000 ) ) ;
#6628 = CARTESIAN_POINT ( 'NONE',  ( -0.1449999999999983524, -0.1299999999999999767, -0.009000000000000027076 ) ) ;
#6629 = EDGE_CURVE ( 'NONE', #372, #670, #6821, .T. ) ;
#6630 = VECTOR ( 'NONE', #4998, 39.37007874015748143 ) ;
#6631 = EDGE_CURVE ( 'NONE', #6268, #7197, #5647, .T. ) ;
#6632 = PLANE ( 'NONE',  #2594 ) ;
#6633 = ORIENTED_EDGE ( 'NONE', *, *, #1077, .T. ) ;
#6634 = CARTESIAN_POINT ( 'NONE',  ( 0.1450000000000000455, 0.1069094488188977315, 0.1089999999999999858 ) ) ;
#6635 = DIRECTION ( 'NONE',  ( 0.000000000000000000, -0.000000000000000000, -1.000000000000000000 ) ) ;
#6636 = ORIENTED_EDGE ( 'NONE', *, *, #5677, .T. ) ;
#6637 = ORIENTED_EDGE ( 'NONE', *, *, #5375, .F. ) ;
#6638 = EDGE_LOOP ( 'NONE', ( #7320, #4160, #959, #566, #2181, #4671, #1131, #6342 ) ) ;
#6639 = LINE ( 'NONE', #1252, #3048 ) ;
#6640 = CARTESIAN_POINT ( 'NONE',  ( -0.1549999999999994993, 0.03595472440944842002, -0.06195472440944872761 ) ) ;
#6641 =( CONVERSION_BASED_UNIT ( 'INCH', #2339 ) LENGTH_UNIT ( ) NAMED_UNIT ( #5257 ) );
#6642 = VECTOR ( 'NONE', #5280, 39.37007874015748854 ) ;
#6643 = ORIENTED_EDGE ( 'NONE', *, *, #6879, .T. ) ;
#6644 = CARTESIAN_POINT ( 'NONE',  ( 0.1449999999999983802, -1.707404996040164512E-17, -0.1260000000000000009 ) ) ;
#6645 = ORIENTED_EDGE ( 'NONE', *, *, #6995, .T. ) ;
#6646 = EDGE_CURVE ( 'NONE', #5577, #5278, #5532, .T. ) ;
#6647 = FACE_OUTER_BOUND ( 'NONE', #3928, .T. ) ;
#6648 = CARTESIAN_POINT ( 'NONE',  ( -0.1550000000000000544, -1.707404996040164512E-17, 0.2909999999999999809 ) ) ;
#6649 = DIRECTION ( 'NONE',  ( 0.000000000000000000, 0.000000000000000000, 1.000000000000000000 ) ) ;
#6650 = DIRECTION ( 'NONE',  ( 4.975909242108299568E-15, 0.7071067811865505703, 0.7071067811865445751 ) ) ;
#6651 = LINE ( 'NONE', #1263, #476 ) ;
#6652 = ORIENTED_EDGE ( 'NONE', *, *, #5693, .T. ) ;
#6653 = CARTESIAN_POINT ( 'NONE',  ( -0.1449999999999983524, -0.1299999999999999767, 0.3089999999999999414 ) ) ;
#6654 = DIRECTION ( 'NONE',  ( 0.000000000000000000, 0.000000000000000000, 1.000000000000000000 ) ) ;
#6655 = VERTEX_POINT ( 'NONE', #3192 ) ;
#6656 = CARTESIAN_POINT ( 'NONE',  ( 0.1444094488188976955, 0.1069094488188977315, -0.2700000000000000178 ) ) ;
#6657 = ORIENTED_EDGE ( 'NONE', *, *, #660, .T. ) ;
#6658 = EDGE_LOOP ( 'NONE', ( #2420, #6003, #7505, #2533 ) ) ;
#6659 = VERTEX_POINT ( 'NONE', #5058 ) ;
#6660 = FACE_OUTER_BOUND ( 'NONE', #3077, .T. ) ;
#6661 = EDGE_CURVE ( 'NONE', #3702, #3060, #6124, .T. ) ;
#6662 = VERTEX_POINT ( 'NONE', #3085 ) ;
#6663 = DIRECTION ( 'NONE',  ( 0.000000000000000000, 0.000000000000000000, 1.000000000000000000 ) ) ;
#6664 = EDGE_CURVE ( 'NONE', #514, #5331, #2546, .T. ) ;
#6665 = EDGE_CURVE ( 'NONE', #770, #5354, #4309, .T. ) ;
#6666 = CARTESIAN_POINT ( 'NONE',  ( 0.1249999999999997641, 0.1175000000000000072, -0.2700000000000000178 ) ) ;
#6667 = DIRECTION ( 'NONE',  ( 1.000000000000000000, 0.000000000000000000, -0.000000000000000000 ) ) ;
#6668 = LINE ( 'NONE', #3736, #6615 ) ;
#6669 = VERTEX_POINT ( 'NONE', #6751 ) ;
#6670 = ORIENTED_EDGE ( 'NONE', *, *, #253, .T. ) ;
#6671 = PLANE ( 'NONE',  #3466 ) ;
#6672 = ADVANCED_FACE ( 'NONE', ( #1372 ), #4534, .F. ) ;
#6673 = CARTESIAN_POINT ( 'NONE',  ( -0.1449999999999983802, -1.707404996040164512E-17, -0.07000000000000000666 ) ) ;
#6674 = ORIENTED_EDGE ( 'NONE', *, *, #5306, .T. ) ;
#6675 = ORIENTED_EDGE ( 'NONE', *, *, #1639, .T. ) ;
#6676 = DIRECTION ( 'NONE',  ( -0.000000000000000000, -0.000000000000000000, -1.000000000000000000 ) ) ;
#6677 = DIRECTION ( 'NONE',  ( -7.062854202149022777E-15, -1.000000000000000000, 0.000000000000000000 ) ) ;
#6678 = DIRECTION ( 'NONE',  ( 0.000000000000000000, 0.000000000000000000, 1.000000000000000000 ) ) ;
#6679 = PLANE ( 'NONE',  #2971 ) ;
#6680 = ORIENTED_EDGE ( 'NONE', *, *, #6445, .F. ) ;
#6681 = DIRECTION ( 'NONE',  ( 0.000000000000000000, 0.000000000000000000, 1.000000000000000000 ) ) ;
#6682 = ORIENTED_EDGE ( 'NONE', *, *, #6015, .F. ) ;
#6683 = DIRECTION ( 'NONE',  ( 0.000000000000000000, -0.000000000000000000, -1.000000000000000000 ) ) ;
#6684 = CARTESIAN_POINT ( 'NONE',  ( -0.1444094488188976677, 0.1175000000000000488, 0.3300000000000000155 ) ) ;
#6685 = PLANE ( 'NONE',  #1840 ) ;
#6686 = LINE ( 'NONE', #3094, #7541 ) ;
#6687 = AXIS2_PLACEMENT_3D ( 'NONE', #1016, #326, #7362 ) ;
#6688 = ORIENTED_EDGE ( 'NONE', *, *, #4357, .T. ) ;
#6689 = DIRECTION ( 'NONE',  ( 0.000000000000000000, 1.000000000000000000, 0.000000000000000000 ) ) ;
#6690 = AXIS2_PLACEMENT_3D ( 'NONE', #5381, #1797, #4748 ) ;
#6691 = CARTESIAN_POINT ( 'NONE',  ( -0.1444094488188976955, 0.1069094488188977315, -0.009000000000000027076 ) ) ;
#6692 = ORIENTED_EDGE ( 'NONE', *, *, #6940, .T. ) ;
#6693 = EDGE_LOOP ( 'NONE', ( #2026, #2197, #7171, #2243 ) ) ;
#6694 = CARTESIAN_POINT ( 'NONE',  ( 0.1444094488188976955, 0.1069094488188977315, 0.3300000000000000155 ) ) ;
#6695 = ORIENTED_EDGE ( 'NONE', *, *, #6283, .F. ) ;
#6696 = CARTESIAN_POINT ( 'NONE',  ( -0.1250000000000014433, 1.933782298325171402E-15, 0.2740000000000000213 ) ) ;
#6697 = EDGE_CURVE ( 'NONE', #689, #2310, #5209, .T. ) ;
#6698 = VERTEX_POINT ( 'NONE', #2101 ) ;
#6699 = FACE_OUTER_BOUND ( 'NONE', #344, .T. ) ;
#6700 = VECTOR ( 'NONE', #7470, 39.37007874015748854 ) ;
#6701 = DIRECTION ( 'NONE',  ( 3.194114299349669345E-16, -1.000000000000000000, 0.000000000000000000 ) ) ;
#6702 = DIRECTION ( 'NONE',  ( 0.000000000000000000, 0.000000000000000000, 1.000000000000000000 ) ) ;
#6703 = DIRECTION ( 'NONE',  ( 0.000000000000000000, 0.000000000000000000, 1.000000000000000000 ) ) ;
#6704 = ORIENTED_EDGE ( 'NONE', *, *, #6227, .T. ) ;
#6705 = ORIENTED_EDGE ( 'NONE', *, *, #7461, .T. ) ;
#6706 = CARTESIAN_POINT ( 'NONE',  ( -0.1249999999999997641, 0.1075000000000000122, 0.2699999999999999623 ) ) ;
#6707 = LINE ( 'NONE', #6673, #4678 ) ;
#6708 = VERTEX_POINT ( 'NONE', #5719 ) ;
#6709 = ADVANCED_FACE ( 'NONE', ( #6424 ), #2212, .T. ) ;
#6710 = EDGE_CURVE ( 'NONE', #7577, #6477, #6271, .T. ) ;
#6711 = AXIS2_PLACEMENT_3D ( 'NONE', #4461, #6270, #2675 ) ;
#6712 = CIRCLE ( 'NONE', #6447, 0.0005905511811023039749 ) ;
#6713 = EDGE_LOOP ( 'NONE', ( #7647, #6480, #3539, #7585 ) ) ;
#6714 = CARTESIAN_POINT ( 'NONE',  ( -0.1250000000000014433, 1.942319323305372256E-15, 0.2260000000000000064 ) ) ;
#6715 = CARTESIAN_POINT ( 'NONE',  ( -0.1450000000000000455, 0.1069094488188977315, 0.2090000000000000191 ) ) ;
#6716 = LINE ( 'NONE', #4909, #7428 ) ;
#6717 = AXIS2_PLACEMENT_3D ( 'NONE', #5183, #519, #3994 ) ;
#6718 = DIRECTION ( 'NONE',  ( -0.000000000000000000, -0.000000000000000000, -1.000000000000000000 ) ) ;
#6719 = CARTESIAN_POINT ( 'NONE',  ( -0.1550000000000000266, 0.1069094488188977315, -0.09100000000000003919 ) ) ;
#6720 = ORIENTED_EDGE ( 'NONE', *, *, #6898, .T. ) ;
#6721 = VECTOR ( 'NONE', #164, 39.37007874015748143 ) ;
#6722 = DIRECTION ( 'NONE',  ( 0.000000000000000000, 1.000000000000000000, 0.000000000000000000 ) ) ;
#6723 = CARTESIAN_POINT ( 'NONE',  ( 0.1249999999999997641, 0.1175000000000000072, -0.1300000000000000044 ) ) ;
#6724 = DIRECTION ( 'NONE',  ( -1.000000000000000000, -0.000000000000000000, 2.731847993664263218E-16 ) ) ;
#6725 = FACE_OUTER_BOUND ( 'NONE', #1734, .T. ) ;
#6726 = CARTESIAN_POINT ( 'NONE',  ( 0.1449999999999983524, -0.1299999999999999767, 0.1089999999999999858 ) ) ;
#6727 = AXIS2_PLACEMENT_3D ( 'NONE', #3760, #174, #1304 ) ;
#6728 = VECTOR ( 'NONE', #5904, 39.37007874015748143 ) ;
#6729 = LINE ( 'NONE', #1347, #1198 ) ;
#6730 = DIRECTION ( 'NONE',  ( 0.000000000000000000, -0.000000000000000000, -1.000000000000000000 ) ) ;
#6731 = EDGE_CURVE ( 'NONE', #3882, #6529, #7481, .T. ) ;
#6732 = CARTESIAN_POINT ( 'NONE',  ( -0.1550000000000000544, -1.707404996040164512E-17, 0.02999999999999998848 ) ) ;
#6733 = EDGE_LOOP ( 'NONE', ( #3549, #5521 ) ) ;
#6734 = ORIENTED_EDGE ( 'NONE', *, *, #6347, .T. ) ;
#6735 = PLANE ( 'NONE',  #2470 ) ;
#6736 = ORIENTED_EDGE ( 'NONE', *, *, #2376, .T. ) ;
#6737 = LINE ( 'NONE', #5479, #6254 ) ;
#6738 = DIRECTION ( 'NONE',  ( 0.000000000000000000, -0.000000000000000000, -1.000000000000000000 ) ) ;
#6739 = VECTOR ( 'NONE', #5284, 39.37007874015748143 ) ;
#6740 = EDGE_CURVE ( 'NONE', #5711, #2120, #890, .T. ) ;
#6741 = DIRECTION ( 'NONE',  ( -1.000000000000000000, 1.759354438110327554E-15, 0.000000000000000000 ) ) ;
#6742 = DIRECTION ( 'NONE',  ( -0.000000000000000000, -0.000000000000000000, -1.000000000000000000 ) ) ;
#6743 = ORIENTED_EDGE ( 'NONE', *, *, #2846, .T. ) ;
#6744 = ORIENTED_EDGE ( 'NONE', *, *, #587, .T. ) ;
#6745 = DIRECTION ( 'NONE',  ( 1.000000000000000000, 0.000000000000000000, 0.000000000000000000 ) ) ;
#6746 = CARTESIAN_POINT ( 'NONE',  ( 0.1449999999999983524, -0.1299999999999999767, 0.3089999999999999414 ) ) ;
#6747 = EDGE_LOOP ( 'NONE', ( #6831, #4983, #1914, #5312 ) ) ;
#6748 = ORIENTED_EDGE ( 'NONE', *, *, #7309, .F. ) ;
#6749 = VECTOR ( 'NONE', #2760, 39.37007874015748143 ) ;
#6750 = DIRECTION ( 'NONE',  ( 0.000000000000000000, 0.000000000000000000, 1.000000000000000000 ) ) ;
#6751 = CARTESIAN_POINT ( 'NONE',  ( -0.1449999999999992684, -1.707404996040164512E-17, -0.1090000000000000135 ) ) ;
#6752 = FACE_OUTER_BOUND ( 'NONE', #2019, .T. ) ;
#6753 = VECTOR ( 'NONE', #5652, 39.37007874015748143 ) ;
#6754 = LINE ( 'NONE', #3122, #7206 ) ;
#6755 = ORIENTED_EDGE ( 'NONE', *, *, #300, .F. ) ;
#6756 = AXIS2_PLACEMENT_3D ( 'NONE', #6634, #541, #2912 ) ;
#6757 = EDGE_CURVE ( 'NONE', #6025, #6896, #5831, .T. ) ;
#6758 = VECTOR ( 'NONE', #4930, 39.37007874015748143 ) ;
#6759 = LINE ( 'NONE', #3009, #2067 ) ;
#6760 = EDGE_LOOP ( 'NONE', ( #5522, #6744, #2020, #6455 ) ) ;
#6761 = FACE_OUTER_BOUND ( 'NONE', #5635, .T. ) ;
#6762 = DIRECTION ( 'NONE',  ( 0.000000000000000000, -0.7071067811865444641, 0.7071067811865504593 ) ) ;
#6763 = CARTESIAN_POINT ( 'NONE',  ( 0.1449999999999983802, -1.707404996040164512E-17, -0.2260000000000000064 ) ) ;
#6764 = DIRECTION ( 'NONE',  ( 0.000000000000000000, 0.000000000000000000, 1.000000000000000000 ) ) ;
#6765 = ADVANCED_FACE ( 'NONE', ( #4011 ), #458, .F. ) ;
#6766 = CARTESIAN_POINT ( 'NONE',  ( 0.1444094488188976955, 0.1069094488188977315, 0.3089999999999999414 ) ) ;
#6767 = FILL_AREA_STYLE ('',( #5512 ) ) ;
#6768 = CARTESIAN_POINT ( 'NONE',  ( 0.1444094488188976955, -1.707404996040164512E-17, -0.2090000000000000191 ) ) ;
#6769 = ORIENTED_EDGE ( 'NONE', *, *, #6312, .T. ) ;
#6770 = ORIENTED_EDGE ( 'NONE', *, *, #1513, .F. ) ;
#6771 = FACE_OUTER_BOUND ( 'NONE', #6357, .T. ) ;
#6772 = ORIENTED_EDGE ( 'NONE', *, *, #6022, .F. ) ;
#6773 = DIRECTION ( 'NONE',  ( 7.062854202149022777E-15, -1.000000000000000000, 0.000000000000000000 ) ) ;
#6774 = ORIENTED_EDGE ( 'NONE', *, *, #5605, .F. ) ;
#6775 = ORIENTED_EDGE ( 'NONE', *, *, #3184, .T. ) ;
#6776 = FACE_OUTER_BOUND ( 'NONE', #6508, .T. ) ;
#6777 = DIRECTION ( 'NONE',  ( -7.134924142987280985E-15, 1.000000000000000000, -0.000000000000000000 ) ) ;
#6778 = ORIENTED_EDGE ( 'NONE', *, *, #667, .F. ) ;
#6779 = ORIENTED_EDGE ( 'NONE', *, *, #7241, .F. ) ;
#6780 = PLANE ( 'NONE',  #360 ) ;
#6781 = LINE ( 'NONE', #196, #424 ) ;
#6782 = ORIENTED_EDGE ( 'NONE', *, *, #2017, .T. ) ;
#6783 = EDGE_LOOP ( 'NONE', ( #1264, #151, #2939, #7283, #4406, #6613, #384, #2602, #4274, #5039 ) ) ;
#6784 = FACE_OUTER_BOUND ( 'NONE', #1764, .T. ) ;
#6785 = DIRECTION ( 'NONE',  ( 0.000000000000000000, 0.000000000000000000, 1.000000000000000000 ) ) ;
#6786 = LINE ( 'NONE', #1957, #5303 ) ;
#6787 = FILL_AREA_STYLE ('',( #4910 ) ) ;
#6788 = CARTESIAN_POINT ( 'NONE',  ( 0.1444094488188976677, 0.1175000000000000488, 0.1700000000000000400 ) ) ;
#6789 = ORIENTED_EDGE ( 'NONE', *, *, #7331, .T. ) ;
#6790 = EDGE_CURVE ( 'NONE', #5114, #1400, #305, .T. ) ;
#6791 = MANIFOLD_SOLID_BREP ( 'Cut-Extrude1', #1164 ) ;
#6792 = LINE ( 'NONE', #5104, #199 ) ;
#6793 = EDGE_CURVE ( 'NONE', #5114, #7590, #4618, .T. ) ;
#6794 = LINE ( 'NONE', #4395, #5841 ) ;
#6795 = FACE_OUTER_BOUND ( 'NONE', #2729, .T. ) ;
#6796 = DIRECTION ( 'NONE',  ( -0.000000000000000000, 0.000000000000000000, -1.000000000000000000 ) ) ;
#6797 = EDGE_CURVE ( 'NONE', #2528, #842, #6937, .T. ) ;
#6798 = EDGE_CURVE ( 'NONE', #2989, #7763, #7012, .T. ) ;
#6799 = LINE ( 'NONE', #1415, #7584 ) ;
#6800 = LENGTH_MEASURE_WITH_UNIT ( LENGTH_MEASURE( 0.02539999999999999897 ), #2477 );
#6801 = VECTOR ( 'NONE', #5181, 39.37007874015748143 ) ;
#6802 = CARTESIAN_POINT ( 'NONE',  ( 0.1128221439731658116, 0.01499999999999995955, -0.3628221439731659781 ) ) ;
#6803 = ORIENTED_EDGE ( 'NONE', *, *, #3139, .F. ) ;
#6804 = ORIENTED_EDGE ( 'NONE', *, *, #1255, .F. ) ;
#6805 = DIRECTION ( 'NONE',  ( 0.000000000000000000, 1.000000000000000000, 0.000000000000000000 ) ) ;
#6806 = ORIENTED_EDGE ( 'NONE', *, *, #4316, .F. ) ;
#6807 = FACE_OUTER_BOUND ( 'NONE', #1142, .T. ) ;
#6808 = ORIENTED_EDGE ( 'NONE', *, *, #2114, .F. ) ;
#6809 = ORIENTED_EDGE ( 'NONE', *, *, #4449, .F. ) ;
#6810 = EDGE_CURVE ( 'NONE', #405, #4827, #4690, .T. ) ;
#6811 = AXIS2_PLACEMENT_3D ( 'NONE', #7643, #1211, #7019 ) ;
#6812 = DIRECTION ( 'NONE',  ( 1.000000000000000000, 0.000000000000000000, 0.000000000000000000 ) ) ;
#6813 = LINE ( 'NONE', #1980, #5231 ) ;
#6814 = VECTOR ( 'NONE', #3849, 39.37007874015748143 ) ;
#6815 = VERTEX_POINT ( 'NONE', #6464 ) ;
#6816 = ORIENTED_EDGE ( 'NONE', *, *, #3948, .F. ) ;
#6817 = LINE ( 'NONE', #2529, #6503 ) ;
#6818 = LINE ( 'NONE', #3740, #1171 ) ;
#6819 = ORIENTED_EDGE ( 'NONE', *, *, #5556, .T. ) ;
#6820 = CARTESIAN_POINT ( 'NONE',  ( -0.1249999999999997641, 0.2099999999999999090, 0.3628221439731661446 ) ) ;
#6821 = LINE ( 'NONE', #3780, #49 ) ;
#6822 = EDGE_CURVE ( 'NONE', #7410, #128, #7361, .T. ) ;
#6823 = CARTESIAN_POINT ( 'NONE',  ( -0.1444094488188976677, 0.1075000000000000122, -0.07000000000000000666 ) ) ;
#6824 = FACE_OUTER_BOUND ( 'NONE', #896, .T. ) ;
#6825 = UNCERTAINTY_MEASURE_WITH_UNIT (LENGTH_MEASURE( 1.000000000000000082E-05 ), #6207, 'distance_accuracy_value', 'NONE');
#6826 = LINE ( 'NONE', #1445, #6753 ) ;
#6827 = AXIS2_PLACEMENT_3D ( 'NONE', #2182, #7564, #5727 ) ;
#6828 = VECTOR ( 'NONE', #7561, 39.37007874015748143 ) ;
#6829 = ORIENTED_EDGE ( 'NONE', *, *, #185, .F. ) ;
#6830 = DIRECTION ( 'NONE',  ( -1.000000000000000000, -6.829619984160659821E-15, 0.000000000000000000 ) ) ;
#6831 = ORIENTED_EDGE ( 'NONE', *, *, #5224, .T. ) ;
#6832 = AXIS2_PLACEMENT_3D ( 'NONE', #500, #2247, #7043 ) ;
#6833 = DIRECTION ( 'NONE',  ( 0.000000000000000000, 0.000000000000000000, 1.000000000000000000 ) ) ;
#6834 = CIRCLE ( 'NONE', #3183, 0.01999999999999999001 ) ;
#6835 = ADVANCED_FACE ( 'NONE', ( #578 ), #1153, .F. ) ;
#6836 = DIRECTION ( 'NONE',  ( 0.000000000000000000, 0.000000000000000000, 1.000000000000000000 ) ) ;
#6837 = CARTESIAN_POINT ( 'NONE',  ( -0.1444094488188976677, 0.1175000000000000488, 0.3089999999999999414 ) ) ;
#6838 = AXIS2_PLACEMENT_3D ( 'NONE', #5625, #254, #1130 ) ;
#6839 = CARTESIAN_POINT ( 'NONE',  ( -0.1249999999999997641, 0.1175000000000000072, 0.3750000000000002220 ) ) ;
#6840 = DIRECTION ( 'NONE',  ( 0.000000000000000000, 0.000000000000000000, 1.000000000000000000 ) ) ;
#6841 = VECTOR ( 'NONE', #208, 39.37007874015748143 ) ;
#6842 = MANIFOLD_SOLID_BREP ( 'LPattern1[8]', #3787 ) ;
#6843 = EDGE_CURVE ( 'NONE', #6014, #4165, #7167, .T. ) ;
#6844 = ORIENTED_EDGE ( 'NONE', *, *, #1568, .F. ) ;
#6845 = DIRECTION ( 'NONE',  ( -7.134924142987280985E-15, 1.000000000000000000, -0.000000000000000000 ) ) ;
#6846 = PRESENTATION_LAYER_ASSIGNMENT (  '', '', ( #3945 ) ) ;
#6847 = EDGE_LOOP ( 'NONE', ( #1268, #1905, #3295, #2014 ) ) ;
#6848 = DIRECTION ( 'NONE',  ( -1.000000000000000000, 0.000000000000000000, 0.000000000000000000 ) ) ;
#6849 = VECTOR ( 'NONE', #5036, 39.37007874015748143 ) ;
#6850 = ORIENTED_EDGE ( 'NONE', *, *, #5106, .F. ) ;
#6851 = CARTESIAN_POINT ( 'NONE',  ( -0.1549999999999983336, -0.1300000000000000600, -0.1910000000000000309 ) ) ;
#6852 = LINE ( 'NONE', #3734, #5327 ) ;
#6853 = PRESENTATION_LAYER_ASSIGNMENT (  '', '', ( #7594 ) ) ;
#6854 = MECHANICAL_DESIGN_GEOMETRIC_PRESENTATION_REPRESENTATION (  '', ( #7595 ), #7227 ) ;
#6855 = DIRECTION ( 'NONE',  ( 7.062854202149022777E-15, -1.000000000000000000, 0.000000000000000000 ) ) ;
#6856 = EDGE_LOOP ( 'NONE', ( #7450, #3485, #6748, #7739 ) ) ;
#6857 = ORIENTED_EDGE ( 'NONE', *, *, #913, .T. ) ;
#6858 = DIRECTION ( 'NONE',  ( 0.000000000000000000, 0.000000000000000000, 1.000000000000000000 ) ) ;
#6859 = CARTESIAN_POINT ( 'NONE',  ( -0.1550000000000000266, 0.1069094488188977315, -0.2090000000000000191 ) ) ;
#6860 = ORIENTED_EDGE ( 'NONE', *, *, #1088, .F. ) ;
#6861 = STYLED_ITEM ( 'NONE', ( #5166 ), #6791 ) ;
#6862 = VERTEX_POINT ( 'NONE', #1786 ) ;
#6863 = EDGE_CURVE ( 'NONE', #2958, #3006, #3451, .T. ) ;
#6864 = DIRECTION ( 'NONE',  ( 0.000000000000000000, -0.000000000000000000, -1.000000000000000000 ) ) ;
#6865 = EDGE_CURVE ( 'NONE', #1988, #1662, #4215, .T. ) ;
#6866 = CARTESIAN_POINT ( 'NONE',  ( -0.03499999999999999639, 0.1981889763779526581, -0.3643770947320721931 ) ) ;
#6867 = CARTESIAN_POINT ( 'NONE',  ( 0.1549999999999983336, -0.1300000000000000600, 0.1910000000000000309 ) ) ;
#6868 = CARTESIAN_POINT ( 'NONE',  ( 0.1249999999999999584, 0.1981889763779526581, -0.3643770947320722486 ) ) ;
#6869 = CYLINDRICAL_SURFACE ( 'NONE', #2654, 0.0005905511811023211053 ) ;
#6870 = VERTEX_POINT ( 'NONE', #5953 ) ;
#6871 = VECTOR ( 'NONE', #4043, 39.37007874015748143 ) ;
#6872 = DIRECTION ( 'NONE',  ( -0.000000000000000000, -0.000000000000000000, -1.000000000000000000 ) ) ;
#6873 = ORIENTED_EDGE ( 'NONE', *, *, #5072, .F. ) ;
#6874 = FACE_OUTER_BOUND ( 'NONE', #5552, .T. ) ;
#6875 = VECTOR ( 'NONE', #2175, 39.37007874015748854 ) ;
#6876 = LINE ( 'NONE', #869, #43 ) ;
#6877 = PLANE ( 'NONE',  #352 ) ;
#6878 = PRESENTATION_LAYER_ASSIGNMENT (  '', '', ( #239 ) ) ;
#6879 = EDGE_CURVE ( 'NONE', #3847, #4441, #5615, .T. ) ;
#6880 = CARTESIAN_POINT ( 'NONE',  ( 0.1444094488188976955, 0.1069094488188977315, 0.2090000000000000191 ) ) ;
#6881 = AXIS2_PLACEMENT_3D ( 'NONE', #7672, #3455, #4262 ) ;
#6882 = VECTOR ( 'NONE', #144, 39.37007874015748143 ) ;
#6883 = CARTESIAN_POINT ( 'NONE',  ( 0.1444094488188976677, 0.1075000000000000122, -0.2700000000000000178 ) ) ;
#6884 = DIRECTION ( 'NONE',  ( -4.975909242108299568E-15, 0.7071067811865505703, 0.7071067811865445751 ) ) ;
#6885 = ORIENTED_EDGE ( 'NONE', *, *, #777, .F. ) ;
#6886 = DIRECTION ( 'NONE',  ( -0.000000000000000000, -0.000000000000000000, -1.000000000000000000 ) ) ;
#6887 = ORIENTED_EDGE ( 'NONE', *, *, #3399, .F. ) ;
#6888 = VECTOR ( 'NONE', #7039, 39.37007874015748854 ) ;
#6889 = EDGE_LOOP ( 'NONE', ( #4386, #4703, #6772, #5653 ) ) ;
#6890 = CARTESIAN_POINT ( 'NONE',  ( 0.1444094488188976677, 0.1075000000000000122, -0.2300000000000000100 ) ) ;
#6891 = LINE ( 'NONE', #7544, #4466 ) ;
#6892 = EDGE_CURVE ( 'NONE', #4483, #7577, #4171, .T. ) ;
#6893 = CARTESIAN_POINT ( 'NONE',  ( -0.1449999999999983802, -1.707404996040164512E-17, 0.3300000000000000155 ) ) ;
#6894 = EDGE_CURVE ( 'NONE', #4288, #2323, #4733, .T. ) ;
#6895 = VERTEX_POINT ( 'NONE', #2288 ) ;
#6896 = VERTEX_POINT ( 'NONE', #6628 ) ;
#6897 = LINE ( 'NONE', #7477, #7761 ) ;
#6898 = EDGE_CURVE ( 'NONE', #4, #7698, #6541, .T. ) ;
#6899 = ORIENTED_EDGE ( 'NONE', *, *, #2618, .T. ) ;
#6900 = CARTESIAN_POINT ( 'NONE',  ( 0.1449999999999983524, -0.1299999999999999767, -0.3090000000000000524 ) ) ;
#6901 = MANIFOLD_SOLID_BREP ( 'LPattern1[4]', #3528 ) ;
#6902 = EDGE_CURVE ( 'NONE', #2388, #6021, #2209, .T. ) ;
#6903 = DIRECTION ( 'NONE',  ( -1.000000000000000000, 0.000000000000000000, 0.000000000000000000 ) ) ;
#6904 = ADVANCED_FACE ( 'NONE', ( #1946 ), #3770, .T. ) ;
#6905 = DIRECTION ( 'NONE',  ( -0.000000000000000000, -0.000000000000000000, -1.000000000000000000 ) ) ;
#6906 =( NAMED_UNIT ( * ) PLANE_ANGLE_UNIT ( ) SI_UNIT ( $, .RADIAN. ) );
#6907 = CARTESIAN_POINT ( 'NONE',  ( 0.1249999999999999584, 0.1175000000000000072, -0.3750000000000001665 ) ) ;
#6908 = VERTEX_POINT ( 'NONE', #845 ) ;
#6909 = DIRECTION ( 'NONE',  ( 1.000000000000000000, 0.000000000000000000, 0.000000000000000000 ) ) ;
#6910 = EDGE_LOOP ( 'NONE', ( #4676, #2903, #3822, #4697 ) ) ;
#6911 = CARTESIAN_POINT ( 'NONE',  ( -0.1550000000000000266, 0.1069094488188977315, 0.1300000000000000044 ) ) ;
#6912 = CARTESIAN_POINT ( 'NONE',  ( -0.1550000000000000544, 0.004000000000000009624, -0.03000000000000008910 ) ) ;
#6913 = DIRECTION ( 'NONE',  ( -1.000000000000000000, -7.033955965482544985E-15, 0.000000000000000000 ) ) ;
#6914 = ORIENTED_EDGE ( 'NONE', *, *, #5226, .T. ) ;
#6915 = LINE ( 'NONE', #7458, #4194 ) ;
#6916 = FILL_AREA_STYLE_COLOUR ( '', #1958 ) ;
#6917 = EDGE_CURVE ( 'NONE', #2783, #6961, #6668, .T. ) ;
#6918 = CARTESIAN_POINT ( 'NONE',  ( -0.1450000000000000178, 0.1069094488188977315, -0.2910000000000000364 ) ) ;
#6919 = FACE_OUTER_BOUND ( 'NONE', #7077, .T. ) ;
#6920 = EDGE_CURVE ( 'NONE', #573, #4008, #190, .T. ) ;
#6921 = EDGE_LOOP ( 'NONE', ( #1110, #3541, #193, #6148, #5026, #6496, #7138, #4153 ) ) ;
#6922 = CARTESIAN_POINT ( 'NONE',  ( 0.1449999999999979639, -1.707404996040164512E-17, 0.1740000000000000990 ) ) ;
#6923 = ORIENTED_EDGE ( 'NONE', *, *, #974, .T. ) ;
#6924 = LINE ( 'NONE', #4489, #6563 ) ;
#6925 = VECTOR ( 'NONE', #6074, 39.37007874015748143 ) ;
#6926 = LINE ( 'NONE', #7513, #6597 ) ;
#6927 = EDGE_CURVE ( 'NONE', #5354, #4483, #6075, .T. ) ;
#6928 = VERTEX_POINT ( 'NONE', #3110 ) ;
#6929 = ORIENTED_EDGE ( 'NONE', *, *, #333, .F. ) ;
#6930 = DIRECTION ( 'NONE',  ( -0.000000000000000000, -0.000000000000000000, -1.000000000000000000 ) ) ;
#6931 = EDGE_LOOP ( 'NONE', ( #7508, #6720, #3088, #6408, #6072, #1625, #6755, #2207, #7256, #2512 ) ) ;
#6932 = LINE ( 'NONE', #1546, #6948 ) ;
#6933 = VERTEX_POINT ( 'NONE', #2525 ) ;
#6934 = VECTOR ( 'NONE', #2139, 39.37007874015748143 ) ;
#6935 = VECTOR ( 'NONE', #4112, 39.37007874015748143 ) ;
#6936 = DIRECTION ( 'NONE',  ( 1.000000000000000000, 0.000000000000000000, -2.731847993664266177E-16 ) ) ;
#6937 = LINE ( 'NONE', #7554, #1346 ) ;
#6938 = FACE_OUTER_BOUND ( 'NONE', #1975, .T. ) ;
#6939 = FILL_AREA_STYLE_COLOUR ( '', #5626 ) ;
#6940 = EDGE_CURVE ( 'NONE', #1180, #7700, #1872, .T. ) ;
#6941 = CARTESIAN_POINT ( 'NONE',  ( 0.1249999999999997641, 0.1075000000000000122, -0.09100000000000003919 ) ) ;
#6942 = VERTEX_POINT ( 'NONE', #3656 ) ;
#6943 = VECTOR ( 'NONE', #3745, 39.37007874015748143 ) ;
#6944 = CARTESIAN_POINT ( 'NONE',  ( 0.1444094488188976955, 0.1069094488188977315, -0.07000000000000000666 ) ) ;
#6945 = DIRECTION ( 'NONE',  ( -0.000000000000000000, -0.000000000000000000, -1.000000000000000000 ) ) ;
#6946 = CARTESIAN_POINT ( 'NONE',  ( -0.1249999999999997641, 0.1175000000000000072, -0.3300000000000000155 ) ) ;
#6947 = AXIS2_PLACEMENT_3D ( 'NONE', #3161, #4275, #751 ) ;
#6948 = VECTOR ( 'NONE', #3331, 39.37007874015748854 ) ;
#6949 = EDGE_CURVE ( 'NONE', #6600, #3247, #2013, .T. ) ;
#6950 = VERTEX_POINT ( 'NONE', #2564 ) ;
#6951 = AXIS2_PLACEMENT_3D ( 'NONE', #3450, #3373, #1152 ) ;
#6952 = AXIS2_PLACEMENT_3D ( 'NONE', #6944, #247, #2614 ) ;
#6953 = PLANE ( 'NONE',  #7219 ) ;
#6954 = DIRECTION ( 'NONE',  ( 0.000000000000000000, 0.000000000000000000, 1.000000000000000000 ) ) ;
#6955 = CARTESIAN_POINT ( 'NONE',  ( 0.1444094488188976677, 0.1175000000000000488, 0.2090000000000000191 ) ) ;
#6956 = LINE ( 'NONE', #874, #5596 ) ;
#6957 = CARTESIAN_POINT ( 'NONE',  ( 0.1450000000000000455, 0.1069094488188977315, -0.2910000000000000364 ) ) ;
#6958 = ORIENTED_EDGE ( 'NONE', *, *, #2351, .F. ) ;
#6959 = DIRECTION ( 'NONE',  ( 4.973757961760255702E-15, 0.7071067811865445751, -0.7071067811865505703 ) ) ;
#6960 = AXIS2_PLACEMENT_3D ( 'NONE', #3322, #7578, #3881 ) ;
#6961 = VERTEX_POINT ( 'NONE', #4379 ) ;
#6962 = EDGE_LOOP ( 'NONE', ( #7336, #6688, #3737, #1860, #4359, #6223, #4571, #2565 ) ) ;
#6963 = EDGE_CURVE ( 'NONE', #4846, #3892, #5560, .T. ) ;
#6964 = CARTESIAN_POINT ( 'NONE',  ( 0.1444094488188976955, 0.1069094488188977315, 0.3300000000000000155 ) ) ;
#6965 = AXIS2_PLACEMENT_3D ( 'NONE', #978, #3910, #2037 ) ;
#6966 = DIRECTION ( 'NONE',  ( 0.000000000000000000, -0.000000000000000000, -1.000000000000000000 ) ) ;
#6967 = AXIS2_PLACEMENT_3D ( 'NONE', #6656, #1349, #4888 ) ;
#6968 = VERTEX_POINT ( 'NONE', #4937 ) ;
#6969 = ORIENTED_EDGE ( 'NONE', *, *, #7096, .F. ) ;
#6970 = LINE ( 'NONE', #453, #496 ) ;
#6971 = ORIENTED_EDGE ( 'NONE', *, *, #7412, .T. ) ;
#6972 = FACE_OUTER_BOUND ( 'NONE', #7240, .T. ) ;
#6973 = EDGE_CURVE ( 'NONE', #1461, #7146, #4220, .T. ) ;
#6974 =( GEOMETRIC_REPRESENTATION_CONTEXT ( 3 ) GLOBAL_UNCERTAINTY_ASSIGNED_CONTEXT ( ( #6275 ) ) GLOBAL_UNIT_ASSIGNED_CONTEXT ( ( #3552, #7614, #5386 ) ) REPRESENTATION_CONTEXT ( 'NONE', 'WORKASPACE' ) );
#6975 = AXIS2_PLACEMENT_3D ( 'NONE', #1017, #1809, #3432 ) ;
#6976 = CARTESIAN_POINT ( 'NONE',  ( 0.1249999999999997641, 0.1075000000000000122, -0.1300000000000000044 ) ) ;
#6977 = DIRECTION ( 'NONE',  ( -0.000000000000000000, -0.000000000000000000, -1.000000000000000000 ) ) ;
#6978 = LINE ( 'NONE', #5720, #6556 ) ;
#6979 = DIRECTION ( 'NONE',  ( 0.000000000000000000, 0.000000000000000000, 1.000000000000000000 ) ) ;
#6980 = CARTESIAN_POINT ( 'NONE',  ( 0.1550000000000000544, 0.004000000000000009624, -0.2300000000000000655 ) ) ;
#6981 = ORIENTED_EDGE ( 'NONE', *, *, #7531, .F. ) ;
#6982 = CARTESIAN_POINT ( 'NONE',  ( -0.1449999999999991573, 0.004000000000000079881, -0.03000000000000008910 ) ) ;
#6983 = CARTESIAN_POINT ( 'NONE',  ( -0.1444094488188976955, -1.707404996040164512E-17, -0.009000000000000027076 ) ) ;
#6984 = COLOUR_RGB ( '',0.7921568627450980005, 0.8196078431372548767, 0.9333333333333333481 ) ;
#6985 = PLANE ( 'NONE',  #2405 ) ;
#6986 = EDGE_CURVE ( 'NONE', #1507, #2707, #6813, .T. ) ;
#6987 = EDGE_CURVE ( 'NONE', #5444, #7123, #803, .T. ) ;
#6988 = FACE_OUTER_BOUND ( 'NONE', #3673, .T. ) ;
#6989 = LINE ( 'NONE', #7572, #3428 ) ;
#6990 = CARTESIAN_POINT ( 'NONE',  ( 0.1444094488188969738, 0.004000000000000131922, -0.1700000000000000400 ) ) ;
#6991 = LINE ( 'NONE', #3141, #2028 ) ;
#6992 = VECTOR ( 'NONE', #6012, 39.37007874015748143 ) ;
#6993 = CARTESIAN_POINT ( 'NONE',  ( 0.1449999999999983524, -0.1299999999999999767, -0.1910000000000000309 ) ) ;
#6994 = CARTESIAN_POINT ( 'NONE',  ( -0.07500000000000002498, 0.2049999999999999045, -0.3250000000000000666 ) ) ;
#6995 = EDGE_CURVE ( 'NONE', #1761, #7032, #230, .T. ) ;
#6996 = ORIENTED_EDGE ( 'NONE', *, *, #2496, .F. ) ;
#6997 = FACE_OUTER_BOUND ( 'NONE', #812, .T. ) ;
#6998 = ORIENTED_EDGE ( 'NONE', *, *, #67, .F. ) ;
#6999 = VECTOR ( 'NONE', #6274, 39.37007874015748143 ) ;
#7000 = DIRECTION ( 'NONE',  ( -1.000000000000000000, 0.000000000000000000, 0.000000000000000000 ) ) ;
#7001 = PLANE ( 'NONE',  #1558 ) ;
#7002 = ORIENTED_EDGE ( 'NONE', *, *, #2234, .T. ) ;
#7003 = DIRECTION ( 'NONE',  ( -1.000000000000000000, 0.000000000000000000, 0.000000000000000000 ) ) ;
#7004 = ORIENTED_EDGE ( 'NONE', *, *, #3899, .T. ) ;
#7005 = ORIENTED_EDGE ( 'NONE', *, *, #659, .F. ) ;
#7006 = CARTESIAN_POINT ( 'NONE',  ( 0.1444094488188976955, 0.1069094488188977315, -0.1910000000000000309 ) ) ;
#7007 = VECTOR ( 'NONE', #612, 39.37007874015748143 ) ;
#7008 = VECTOR ( 'NONE', #1976, 39.37007874015748143 ) ;
#7009 = ORIENTED_EDGE ( 'NONE', *, *, #3139, .T. ) ;
#7010 = FACE_OUTER_BOUND ( 'NONE', #1881, .T. ) ;
#7011 = DIRECTION ( 'NONE',  ( 0.000000000000000000, -0.000000000000000000, -1.000000000000000000 ) ) ;
#7012 = LINE ( 'NONE', #4651, #345 ) ;
#7013 = EDGE_CURVE ( 'NONE', #966, #4848, #3812, .T. ) ;
#7014 = CARTESIAN_POINT ( 'NONE',  ( 0.1550000000000000266, 0.1069094488188977315, -0.2700000000000000178 ) ) ;
#7015 = CARTESIAN_POINT ( 'NONE',  ( 0.1249999999999999584, 0.1075000000000000122, 0.3750000000000001665 ) ) ;
#7016 = ORIENTED_EDGE ( 'NONE', *, *, #6894, .T. ) ;
#7017 = ORIENTED_EDGE ( 'NONE', *, *, #5894, .F. ) ;
#7018 = LINE ( 'NONE', #5799, #4953 ) ;
#7019 = DIRECTION ( 'NONE',  ( 0.000000000000000000, 0.000000000000000000, 1.000000000000000000 ) ) ;
#7020 = CARTESIAN_POINT ( 'NONE',  ( 0.1249999999999997641, 0.1175000000000000072, -0.09100000000000003919 ) ) ;
#7021 = EDGE_CURVE ( 'NONE', #7091, #2015, #2666, .T. ) ;
#7022 = EDGE_CURVE ( 'NONE', #5705, #644, #5088, .T. ) ;
#7023 = FACE_OUTER_BOUND ( 'NONE', #4741, .T. ) ;
#7024 = DIRECTION ( 'NONE',  ( -0.000000000000000000, -0.000000000000000000, -1.000000000000000000 ) ) ;
#7025 = FACE_OUTER_BOUND ( 'NONE', #2131, .T. ) ;
#7026 = FACE_OUTER_BOUND ( 'NONE', #468, .T. ) ;
#7027 = LINE ( 'NONE', #2233, #7579 ) ;
#7028 = EDGE_CURVE ( 'NONE', #4038, #5203, #6340, .T. ) ;
#7029 = VERTEX_POINT ( 'NONE', #3326 ) ;
#7030 = CARTESIAN_POINT ( 'NONE',  ( 0.1444094488188976955, 0.1069094488188977315, 0.02999999999999998848 ) ) ;
#7031 = ADVANCED_FACE ( 'NONE', ( #5670 ), #337, .T. ) ;
#7032 = VERTEX_POINT ( 'NONE', #7586 ) ;
#7033 = DIRECTION ( 'NONE',  ( 0.000000000000000000, 1.000000000000000000, -0.000000000000000000 ) ) ;
#7034 = DIRECTION ( 'NONE',  ( 0.000000000000000000, 0.000000000000000000, 1.000000000000000000 ) ) ;
#7035 = ORIENTED_EDGE ( 'NONE', *, *, #6793, .F. ) ;
#7036 = PLANE ( 'NONE',  #4066 ) ;
#7037 = ORIENTED_EDGE ( 'NONE', *, *, #4705, .T. ) ;
#7038 = VERTEX_POINT ( 'NONE', #4003 ) ;
#7039 = DIRECTION ( 'NONE',  ( 5.045153244757900714E-15, 0.7071067811865444641, -0.7071067811865504593 ) ) ;
#7040 = EDGE_CURVE ( 'NONE', #6961, #3650, #6416, .T. ) ;
#7041 = ORIENTED_EDGE ( 'NONE', *, *, #520, .T. ) ;
#7042 = CARTESIAN_POINT ( 'NONE',  ( 0.1444094488188976955, 0.1069094488188977315, 0.2699999999999999623 ) ) ;
#7043 = DIRECTION ( 'NONE',  ( -1.402057137379402762E-15, 0.000000000000000000, -1.000000000000000000 ) ) ;
#7044 = CARTESIAN_POINT ( 'NONE',  ( -0.1249999999999997641, 0.1075000000000000122, -0.1910000000000000309 ) ) ;
#7045 = CARTESIAN_POINT ( 'NONE',  ( 0.1449999999999983524, 4.274049269606410852E-17, 0.2260000000000000064 ) ) ;
#7046 = VECTOR ( 'NONE', #8, 39.37007874015748143 ) ;
#7047 = DIRECTION ( 'NONE',  ( 0.000000000000000000, -0.000000000000000000, -1.000000000000000000 ) ) ;
#7048 = CARTESIAN_POINT ( 'NONE',  ( -0.1550000000000000266, 0.1069094488188977315, 0.1089999999999999858 ) ) ;
#7049 = ORIENTED_EDGE ( 'NONE', *, *, #7695, .F. ) ;
#7050 = AXIS2_PLACEMENT_3D ( 'NONE', #5572, #202, #7376 ) ;
#7051 = EDGE_CURVE ( 'NONE', #5010, #7766, #2125, .T. ) ;
#7052 = LINE ( 'NONE', #5338, #5325 ) ;
#7053 = PLANE ( 'NONE',  #2034 ) ;
#7054 = LINE ( 'NONE', #2146, #6490 ) ;
#7055 = VECTOR ( 'NONE', #4562, 39.37007874015748143 ) ;
#7056 = CLOSED_SHELL ( 'NONE', ( #4735, #6143, #5612, #4490, #1085, #5963, #2174, #1995, #738, #3091, #1486, #4535, #7459, #4744, #2210, #1294 ) ) ;
#7057 = ORIENTED_EDGE ( 'NONE', *, *, #1800, .T. ) ;
#7058 = VECTOR ( 'NONE', #2018, 39.37007874015748143 ) ;
#7059 = DIRECTION ( 'NONE',  ( -1.000000000000000000, 1.759354438110327554E-15, 0.000000000000000000 ) ) ;
#7060 = VERTEX_POINT ( 'NONE', #2203 ) ;
#7061 = EDGE_CURVE ( 'NONE', #3686, #3498, #404, .T. ) ;
#7062 = SURFACE_SIDE_STYLE ('',( #1805 ) ) ;
#7063 = FACE_OUTER_BOUND ( 'NONE', #650, .T. ) ;
#7064 = DIRECTION ( 'NONE',  ( 1.000000000000000000, -7.035477150404849144E-15, -1.521184922305145727E-18 ) ) ;
#7065 = DIRECTION ( 'NONE',  ( -1.000000000000000000, 0.000000000000000000, 0.000000000000000000 ) ) ;
#7066 = DIRECTION ( 'NONE',  ( 7.134924142987280985E-15, 1.000000000000000000, 0.000000000000000000 ) ) ;
#7067 = ORIENTED_EDGE ( 'NONE', *, *, #4822, .T. ) ;
#7068 = FACE_OUTER_BOUND ( 'NONE', #1472, .T. ) ;
#7069 = AXIS2_PLACEMENT_3D ( 'NONE', #2571, #1331, #1841 ) ;
#7070 = AXIS2_PLACEMENT_3D ( 'NONE', #5619, #3903, #5726 ) ;
#7071 = AXIS2_PLACEMENT_3D ( 'NONE', #2324, #1114, #1782 ) ;
#7072 = ORIENTED_EDGE ( 'NONE', *, *, #237, .F. ) ;
#7073 = CARTESIAN_POINT ( 'NONE',  ( 0.1449999999999983524, -0.1299999999999999767, -0.1910000000000000309 ) ) ;
#7074 = ORIENTED_EDGE ( 'NONE', *, *, #3037, .F. ) ;
#7075 = CARTESIAN_POINT ( 'NONE',  ( -0.1550000000000000544, -3.615130378819710002E-17, 0.07400000000000001021 ) ) ;
#7076 = VECTOR ( 'NONE', #439, 39.37007874015748854 ) ;
#7077 = EDGE_LOOP ( 'NONE', ( #7004, #5671, #2633, #3001 ) ) ;
#7078 = ORIENTED_EDGE ( 'NONE', *, *, #6184, .F. ) ;
#7079 = CARTESIAN_POINT ( 'NONE',  ( -0.1444094488188976677, 0.1175000000000000488, -0.09100000000000003919 ) ) ;
#7080 = ORIENTED_EDGE ( 'NONE', *, *, #2934, .T. ) ;
#7081 = CARTESIAN_POINT ( 'NONE',  ( 0.1549999999999983336, -0.1300000000000000600, 0.3089999999999999414 ) ) ;
#7082 = EDGE_CURVE ( 'NONE', #4288, #2118, #953, .T. ) ;
#7083 = VECTOR ( 'NONE', #3507, 39.37007874015748143 ) ;
#7084 = CARTESIAN_POINT ( 'NONE',  ( -0.1550000000000000544, -1.707404996040164512E-17, -0.1700000000000000400 ) ) ;
#7085 =( CONVERSION_BASED_UNIT ( 'INCH', #620 ) LENGTH_UNIT ( ) NAMED_UNIT ( #3370 ) );
#7086 = LINE ( 'NONE', #4652, #4938 ) ;
#7087 = LINE ( 'NONE', #7134, #4368 ) ;
#7088 = ORIENTED_EDGE ( 'NONE', *, *, #7364, .F. ) ;
#7089 = CARTESIAN_POINT ( 'NONE',  ( 0.1249999999999997641, 0.1175000000000000072, 0.2090000000000000191 ) ) ;
#7090 = PLANE ( 'NONE',  #4742 ) ;
#7091 = VERTEX_POINT ( 'NONE', #5750 ) ;
#7092 = ORIENTED_EDGE ( 'NONE', *, *, #1162, .T. ) ;
#7093 = MECHANICAL_DESIGN_GEOMETRIC_PRESENTATION_REPRESENTATION (  '', ( #86 ), #6974 ) ;
#7094 = VECTOR ( 'NONE', #4246, 39.37007874015748143 ) ;
#7095 = EDGE_CURVE ( 'NONE', #261, #4305, #5156, .T. ) ;
#7096 = EDGE_CURVE ( 'NONE', #1659, #4970, #7545, .T. ) ;
#7097 = DIRECTION ( 'NONE',  ( -4.973757961760255702E-15, 0.7071067811865445751, -0.7071067811865505703 ) ) ;
#7098 = PLANE ( 'NONE',  #6690 ) ;
#7099 = AXIS2_PLACEMENT_3D ( 'NONE', #3362, #7034, #1583 ) ;
#7100 = VERTEX_POINT ( 'NONE', #1505 ) ;
#7101 = MECHANICAL_DESIGN_GEOMETRIC_PRESENTATION_REPRESENTATION (  '', ( #6861 ), #3712 ) ;
#7102 = FACE_OUTER_BOUND ( 'NONE', #5411, .T. ) ;
#7103 = VERTEX_POINT ( 'NONE', #2161 ) ;
#7104 = CARTESIAN_POINT ( 'NONE',  ( -0.1450000000000000455, 0.1069094488188977315, -0.2090000000000000191 ) ) ;
#7105 = LINE ( 'NONE', #2766, #2776 ) ;
#7106 = CARTESIAN_POINT ( 'NONE',  ( -0.1250000000000013878, 0.004000000000001979403, 0.06999999999999993727 ) ) ;
#7107 = DIRECTION ( 'NONE',  ( 4.994192100871455057E-15, -0.7071067811865444641, 0.7071067811865504593 ) ) ;
#7108 = PLANE ( 'NONE',  #6717 ) ;
#7109 = VERTEX_POINT ( 'NONE', #4608 ) ;
#7110 = LINE ( 'NONE', #7188, #818 ) ;
#7111 = ADVANCED_FACE ( 'NONE', ( #3885 ), #2779, .F. ) ;
#7112 = EDGE_LOOP ( 'NONE', ( #4940, #2987, #7141, #3083, #3018, #1818, #5742, #3846, #6042, #5990 ) ) ;
#7113 = LINE ( 'NONE', #5936, #5828 ) ;
#7114 = VECTOR ( 'NONE', #3555, 39.37007874015748143 ) ;
#7115 = LENGTH_MEASURE_WITH_UNIT ( LENGTH_MEASURE( 0.02539999999999999897 ), #5985 );
#7116 = ORIENTED_EDGE ( 'NONE', *, *, #7486, .F. ) ;
#7117 = AXIS2_PLACEMENT_3D ( 'NONE', #1083, #5289, #7765 ) ;
#7118 = DIRECTION ( 'NONE',  ( 0.000000000000000000, 0.000000000000000000, 1.000000000000000000 ) ) ;
#7119 = EDGE_LOOP ( 'NONE', ( #6031, #3797, #5986, #1577 ) ) ;
#7120 = EDGE_LOOP ( 'NONE', ( #3508, #3932, #321, #7603 ) ) ;
#7121 = FACE_OUTER_BOUND ( 'NONE', #2569, .T. ) ;
#7122 = ADVANCED_FACE ( 'NONE', ( #3289 ), #6294, .F. ) ;
#7123 = VERTEX_POINT ( 'NONE', #5123 ) ;
#7124 = CARTESIAN_POINT ( 'NONE',  ( 0.1249999999999997641, 0.1075000000000000122, -0.2910000000000000364 ) ) ;
#7125 = AXIS2_PLACEMENT_3D ( 'NONE', #2716, #3977, #1632 ) ;
#7126 = ADVANCED_FACE ( 'NONE', ( #4452 ), #916, .F. ) ;
#7127 = CARTESIAN_POINT ( 'NONE',  ( 0.1449999999999983802, -1.707404996040164512E-17, 0.3300000000000000155 ) ) ;
#7128 = EDGE_CURVE ( 'NONE', #4913, #7517, #1620, .T. ) ;
#7129 = AXIS2_PLACEMENT_3D ( 'NONE', #4455, #1397, #4414 ) ;
#7130 = PLANE ( 'NONE',  #6951 ) ;
#7131 = CARTESIAN_POINT ( 'NONE',  ( 0.1250000000000013878, 0.004000000000001979403, 0.06999999999999993727 ) ) ;
#7132 = EDGE_CURVE ( 'NONE', #3772, #628, #6926, .T. ) ;
#7133 = DIRECTION ( 'NONE',  ( 5.045153244757900714E-15, 0.7071067811865444641, -0.7071067811865504593 ) ) ;
#7134 = CARTESIAN_POINT ( 'NONE',  ( -0.1449999999999996014, 0.04495472440944935089, -0.1290452755905511506 ) ) ;
#7135 = ORIENTED_EDGE ( 'NONE', *, *, #4984, .F. ) ;
#7136 = DIRECTION ( 'NONE',  ( -0.000000000000000000, 1.000000000000000000, -0.000000000000000000 ) ) ;
#7137 = LINE ( 'NONE', #582, #5743 ) ;
#7138 = ORIENTED_EDGE ( 'NONE', *, *, #7445, .T. ) ;
#7139 = EDGE_CURVE ( 'NONE', #923, #2015, #4080, .T. ) ;
#7140 = EDGE_CURVE ( 'NONE', #6588, #4372, #2809, .T. ) ;
#7141 = ORIENTED_EDGE ( 'NONE', *, *, #4469, .F. ) ;
#7142 = CARTESIAN_POINT ( 'NONE',  ( 0.1444094488188976677, 0.1075000000000000122, 0.1089999999999999858 ) ) ;
#7143 = CARTESIAN_POINT ( 'NONE',  ( -0.1449999999999983802, -1.707404996040164512E-17, 0.2300000000000000377 ) ) ;
#7144 = LINE ( 'NONE', #3, #4877 ) ;
#7145 = DIRECTION ( 'NONE',  ( 1.000000000000000000, 0.000000000000000000, 0.000000000000000000 ) ) ;
#7146 = VERTEX_POINT ( 'NONE', #5317 ) ;
#7147 = CARTESIAN_POINT ( 'NONE',  ( 0.1549999999999983336, -0.1300000000000000600, 0.3089999999999999414 ) ) ;
#7148 = CARTESIAN_POINT ( 'NONE',  ( 0.1550000000000000266, 0.1069094488188977315, 0.2090000000000000191 ) ) ;
#7149 = LINE ( 'NONE', #4712, #5353 ) ;
#7150 = CARTESIAN_POINT ( 'NONE',  ( 0.1249999999999997641, 0.1075000000000000122, 0.3300000000000000155 ) ) ;
#7151 = ORIENTED_EDGE ( 'NONE', *, *, #822, .F. ) ;
#7152 = FACE_OUTER_BOUND ( 'NONE', #298, .T. ) ;
#7153 = ORIENTED_EDGE ( 'NONE', *, *, #1329, .F. ) ;
#7154 = CARTESIAN_POINT ( 'NONE',  ( -0.1444094488188976955, 0.1069094488188977315, 0.008999999999999959421 ) ) ;
#7155 = CARTESIAN_POINT ( 'NONE',  ( 0.1444094488188976677, 0.1075000000000000122, -0.1300000000000000044 ) ) ;
#7156 = EDGE_LOOP ( 'NONE', ( #6027, #1251, #57, #5934 ) ) ;
#7157 = ADVANCED_FACE ( 'NONE', ( #1741 ), #1697, .T. ) ;
#7158 = LINE ( 'NONE', #1143, #948 ) ;
#7159 = ORIENTED_EDGE ( 'NONE', *, *, #4016, .T. ) ;
#7160 = ORIENTED_EDGE ( 'NONE', *, *, #4615, .F. ) ;
#7161 = DIRECTION ( 'NONE',  ( 1.000000000000000000, 0.000000000000000000, 0.000000000000000000 ) ) ;
#7162 = ORIENTED_EDGE ( 'NONE', *, *, #3434, .T. ) ;
#7163 = LINE ( 'NONE', #7249, #5951 ) ;
#7164 = CARTESIAN_POINT ( 'NONE',  ( 0.1250000000000014433, 1.942319323305372256E-15, 0.1259999999999999731 ) ) ;
#7165 = EDGE_CURVE ( 'NONE', #4846, #5751, #7158, .T. ) ;
#7166 = CARTESIAN_POINT ( 'NONE',  ( 0.1444094488188976955, 0.1069094488188977315, -0.2700000000000000178 ) ) ;
#7167 = LINE ( 'NONE', #7131, #6739 ) ;
#7168 = LINE ( 'NONE', #7209, #7741 ) ;
#7169 = LINE ( 'NONE', #1790, #2849 ) ;
#7170 = CARTESIAN_POINT ( 'NONE',  ( 0.1550000000000000544, -1.707404996040164512E-17, -0.2090000000000000191 ) ) ;
#7171 = ORIENTED_EDGE ( 'NONE', *, *, #253, .F. ) ;
#7172 = VECTOR ( 'NONE', #5225, 39.37007874015748143 ) ;
#7173 = DIRECTION ( 'NONE',  ( -5.045153244757943312E-15, -0.7071067811865504593, -0.7071067811865444641 ) ) ;
#7174 = ADVANCED_FACE ( 'NONE', ( #6532 ), #1230, .F. ) ;
#7175 = FACE_OUTER_BOUND ( 'NONE', #3016, .T. ) ;
#7176 = DIRECTION ( 'NONE',  ( 0.1294283079955639570, -0.9831056027603600755, 0.1294283079955639293 ) ) ;
#7177 = VERTEX_POINT ( 'NONE', #2316 ) ;
#7178 = VECTOR ( 'NONE', #7493, 39.37007874015748143 ) ;
#7179 = LINE ( 'NONE', #5500, #6721 ) ;
#7180 = ORIENTED_EDGE ( 'NONE', *, *, #3372, .F. ) ;
#7181 = CARTESIAN_POINT ( 'NONE',  ( -0.1444094488188976677, 0.1175000000000000488, 0.1700000000000000400 ) ) ;
#7182 = DIRECTION ( 'NONE',  ( 0.000000000000000000, 0.000000000000000000, 1.000000000000000000 ) ) ;
#7183 = AXIS2_PLACEMENT_3D ( 'NONE', #2344, #5347, #478 ) ;
#7184 = CARTESIAN_POINT ( 'NONE',  ( -0.1550000000000000544, -3.615130378819710002E-17, 0.2740000000000000213 ) ) ;
#7185 = CARTESIAN_POINT ( 'NONE',  ( -0.1250000000000014433, 1.933782298325171402E-15, -0.02600000000000000921 ) ) ;
#7186 = CLOSED_SHELL ( 'NONE', ( #2516, #4143, #3614, #4514, #625, #7680, #6411, #1398, #2918, #2121, #1334, #5322, #4648, #7031, #1733, #1651 ) ) ;
#7187 = LINE ( 'NONE', #6241, #416 ) ;
#7188 = CARTESIAN_POINT ( 'NONE',  ( 0.1249999999999997641, 0.1175000000000000072, -0.09100000000000003919 ) ) ;
#7189 = ORIENTED_EDGE ( 'NONE', *, *, #5412, .F. ) ;
#7190 = CARTESIAN_POINT ( 'NONE',  ( 0.1128221439731658254, 0.2099999999999999090, 0.3628221439731660336 ) ) ;
#7191 = EDGE_CURVE ( 'NONE', #2735, #191, #5989, .T. ) ;
#7192 = DIRECTION ( 'NONE',  ( 1.000000000000000000, 6.829619984160659821E-15, -0.000000000000000000 ) ) ;
#7193 = EDGE_CURVE ( 'NONE', #3135, #7549, #1069, .T. ) ;
#7194 = VERTEX_POINT ( 'NONE', #7075 ) ;
#7195 = DIRECTION ( 'NONE',  ( 0.000000000000000000, -0.7071067811865444641, 0.7071067811865504593 ) ) ;
#7196 = VECTOR ( 'NONE', #1884, 39.37007874015748143 ) ;
#7197 = VERTEX_POINT ( 'NONE', #5940 ) ;
#7198 = ORIENTED_EDGE ( 'NONE', *, *, #5649, .F. ) ;
#7199 = CARTESIAN_POINT ( 'NONE',  ( 0.1444094488188976955, 0.1069094488188977315, -0.03000000000000002318 ) ) ;
#7200 = VECTOR ( 'NONE', #3617, 39.37007874015748143 ) ;
#7201 = ORIENTED_EDGE ( 'NONE', *, *, #7555, .F. ) ;
#7202 = DIRECTION ( 'NONE',  ( 0.000000000000000000, 1.000000000000000000, 0.000000000000000000 ) ) ;
#7203 = EDGE_CURVE ( 'NONE', #1994, #7621, #6494, .T. ) ;
#7204 = VECTOR ( 'NONE', #4773, 39.37007874015748143 ) ;
#7205 = CARTESIAN_POINT ( 'NONE',  ( 0.1449999999999983524, -0.1299999999999999767, 0.008999999999999959421 ) ) ;
#7206 = VECTOR ( 'NONE', #4358, 39.37007874015748854 ) ;
#7207 = PLANE ( 'NONE',  #7543 ) ;
#7208 = DIRECTION ( 'NONE',  ( -1.000000000000000000, 0.000000000000000000, 0.000000000000000000 ) ) ;
#7209 = CARTESIAN_POINT ( 'NONE',  ( -0.1550000000000000544, -1.707404996040164512E-17, 0.3300000000000000155 ) ) ;
#7210 = EDGE_LOOP ( 'NONE', ( #6264, #627, #6633, #5377 ) ) ;
#7211 = CARTESIAN_POINT ( 'NONE',  ( -0.07500000000000002498, 0.2049999999999999045, -0.3450000000000000844 ) ) ;
#7212 = DIRECTION ( 'NONE',  ( -7.062854202149022777E-15, -1.000000000000000000, 0.000000000000000000 ) ) ;
#7213 = ORIENTED_EDGE ( 'NONE', *, *, #2130, .T. ) ;
#7214 = VECTOR ( 'NONE', #391, 39.37007874015748143 ) ;
#7215 = EDGE_LOOP ( 'NONE', ( #3123, #4789, #4922, #7342 ) ) ;
#7216 = EDGE_CURVE ( 'NONE', #5711, #3080, #527, .T. ) ;
#7217 = ORIENTED_EDGE ( 'NONE', *, *, #4862, .T. ) ;
#7218 = CARTESIAN_POINT ( 'NONE',  ( -0.1449999999999999900, 0.1069094488188977315, -0.2700000000000000178 ) ) ;
#7219 = AXIS2_PLACEMENT_3D ( 'NONE', #1494, #5179, #4434 ) ;
#7220 = FACE_OUTER_BOUND ( 'NONE', #32, .T. ) ;
#7221 = STYLED_ITEM ( 'NONE', ( #4283 ), #4180 ) ;
#7222 = AXIS2_PLACEMENT_3D ( 'NONE', #2117, #2621, #6840 ) ;
#7223 = ORIENTED_EDGE ( 'NONE', *, *, #2697, .F. ) ;
#7224 = CARTESIAN_POINT ( 'NONE',  ( -0.1250000000000013878, 0.004000000000001979403, 0.1699999999999999567 ) ) ;
#7225 = ORIENTED_EDGE ( 'NONE', *, *, #7378, .F. ) ;
#7226 =( GEOMETRIC_REPRESENTATION_CONTEXT ( 3 ) GLOBAL_UNCERTAINTY_ASSIGNED_CONTEXT ( ( #1713 ) ) GLOBAL_UNIT_ASSIGNED_CONTEXT ( ( #5314, #1739, #3519 ) ) REPRESENTATION_CONTEXT ( 'NONE', 'WORKASPACE' ) );
#7227 =( GEOMETRIC_REPRESENTATION_CONTEXT ( 3 ) GLOBAL_UNCERTAINTY_ASSIGNED_CONTEXT ( ( #6825 ) ) GLOBAL_UNIT_ASSIGNED_CONTEXT ( ( #6207, #5622, #2727 ) ) REPRESENTATION_CONTEXT ( 'NONE', 'WORKASPACE' ) );
#7228 = DIRECTION ( 'NONE',  ( 0.000000000000000000, -0.000000000000000000, -1.000000000000000000 ) ) ;
#7229 = EDGE_CURVE ( 'NONE', #3644, #2127, #7627, .T. ) ;
#7230 = CARTESIAN_POINT ( 'NONE',  ( 0.1249999999999997641, 0.1075000000000000122, -0.1910000000000000309 ) ) ;
#7231 = CARTESIAN_POINT ( 'NONE',  ( -0.1249999999999997641, 0.1175000000000000072, -0.1910000000000000309 ) ) ;
#7232 = DIRECTION ( 'NONE',  ( 0.000000000000000000, -0.000000000000000000, -1.000000000000000000 ) ) ;
#7233 = ADVANCED_FACE ( 'NONE', ( #2865 ), #18, .F. ) ;
#7234 = CARTESIAN_POINT ( 'NONE',  ( -0.1250000000000014433, 1.933782298325171402E-15, 0.07400000000000001021 ) ) ;
#7235 = EDGE_CURVE ( 'NONE', #339, #1439, #5359, .T. ) ;
#7236 = ORIENTED_EDGE ( 'NONE', *, *, #1377, .F. ) ;
#7237 = CARTESIAN_POINT ( 'NONE',  ( 0.1550000000000000266, 0.1069094488188977315, 0.3089999999999999414 ) ) ;
#7238 = PRESENTATION_STYLE_ASSIGNMENT (( #3604 ) ) ;
#7239 = ORIENTED_EDGE ( 'NONE', *, *, #7331, .F. ) ;
#7240 = EDGE_LOOP ( 'NONE', ( #3363, #5908, #1471, #1777 ) ) ;
#7241 = EDGE_CURVE ( 'NONE', #966, #3247, #3606, .T. ) ;
#7242 = LINE ( 'NONE', #1386, #2685 ) ;
#7243 = AXIS2_PLACEMENT_3D ( 'NONE', #113, #3075, #5600 ) ;
#7244 = ORIENTED_EDGE ( 'NONE', *, *, #7396, .F. ) ;
#7245 = ORIENTED_EDGE ( 'NONE', *, *, #7645, .T. ) ;
#7246 = ORIENTED_EDGE ( 'NONE', *, *, #6521, .F. ) ;
#7247 = DIRECTION ( 'NONE',  ( 0.1305261922200518787, 0.9914448613738103822, 0.000000000000000000 ) ) ;
#7248 = ORIENTED_EDGE ( 'NONE', *, *, #7140, .F. ) ;
#7249 = CARTESIAN_POINT ( 'NONE',  ( 0.03500000000000000333, 0.1981889763779526581, -0.3628221439731659781 ) ) ;
#7250 = VERTEX_POINT ( 'NONE', #1109 ) ;
#7251 = AXIS2_PLACEMENT_3D ( 'NONE', #1702, #3610, #4084 ) ;
#7252 = DIRECTION ( 'NONE',  ( 1.000000000000000000, 1.759354438110327554E-15, 0.000000000000000000 ) ) ;
#7253 = CARTESIAN_POINT ( 'NONE',  ( 0.1449999999999979639, -1.707404996040164512E-17, -0.02599999999999993983 ) ) ;
#7254 = CARTESIAN_POINT ( 'NONE',  ( 0.1450000000000000455, 0.1069094488188977315, -0.1910000000000000309 ) ) ;
#7255 = AXIS2_PLACEMENT_3D ( 'NONE', #4960, #2112, #6764 ) ;
#7256 = ORIENTED_EDGE ( 'NONE', *, *, #6987, .F. ) ;
#7257 = ORIENTED_EDGE ( 'NONE', *, *, #4677, .F. ) ;
#7258 = FACE_OUTER_BOUND ( 'NONE', #276, .T. ) ;
#7259 = LINE ( 'NONE', #119, #6197 ) ;
#7260 = ORIENTED_EDGE ( 'NONE', *, *, #1469, .F. ) ;
#7261 = ORIENTED_EDGE ( 'NONE', *, *, #5469, .F. ) ;
#7262 = AXIS2_PLACEMENT_3D ( 'NONE', #6467, #2752, #6427 ) ;
#7263 = VERTEX_POINT ( 'NONE', #2357 ) ;
#7264 = ADVANCED_FACE ( 'NONE', ( #3484 ), #4765, .F. ) ;
#7265 = DIRECTION ( 'NONE',  ( -1.000000000000000000, 0.000000000000000000, 0.000000000000000000 ) ) ;
#7266 = DIRECTION ( 'NONE',  ( 7.062854202149022777E-15, 1.000000000000000000, 0.000000000000000000 ) ) ;
#7267 = VECTOR ( 'NONE', #5713, 39.37007874015748143 ) ;
#7268 = ORIENTED_EDGE ( 'NONE', *, *, #3756, .T. ) ;
#7269 = CARTESIAN_POINT ( 'NONE',  ( -0.07500000000000002498, 0.2049999999999999045, -0.3450000000000000844 ) ) ;
#7270 = LINE ( 'NONE', #1343, #4318 ) ;
#7271 = ADVANCED_FACE ( 'NONE', ( #5238 ), #7036, .F. ) ;
#7272 = CARTESIAN_POINT ( 'NONE',  ( 0.1444094488188976955, 0.1069094488188977315, -0.09100000000000003919 ) ) ;
#7273 = CARTESIAN_POINT ( 'NONE',  ( -0.1549999999999992772, -1.707404996040164512E-17, 0.008999999999999959421 ) ) ;
#7274 = CARTESIAN_POINT ( 'NONE',  ( -0.1249999999999997641, 0.1175000000000000072, 0.3750000000000002220 ) ) ;
#7275 = EDGE_LOOP ( 'NONE', ( #6121, #7439, #7291, #6577 ) ) ;
#7276 = LINE ( 'NONE', #3640, #2806 ) ;
#7277 = LINE ( 'NONE', #1859, #5093 ) ;
#7278 = EDGE_LOOP ( 'NONE', ( #6420, #1215, #6076, #7328 ) ) ;
#7279 = EDGE_CURVE ( 'NONE', #7580, #3216, #643, .T. ) ;
#7280 = LINE ( 'NONE', #1897, #450 ) ;
#7281 = EDGE_CURVE ( 'NONE', #4336, #1825, #5515, .T. ) ;
#7282 = ORIENTED_EDGE ( 'NONE', *, *, #4718, .T. ) ;
#7283 = ORIENTED_EDGE ( 'NONE', *, *, #793, .F. ) ;
#7284 = DIRECTION ( 'NONE',  ( 7.134924142987280985E-15, -1.000000000000000000, 0.000000000000000000 ) ) ;
#7285 = ORIENTED_EDGE ( 'NONE', *, *, #3611, .T. ) ;
#7286 = CARTESIAN_POINT ( 'NONE',  ( 0.1249999999999997641, 0.1175000000000000072, 0.3089999999999999414 ) ) ;
#7287 = CARTESIAN_POINT ( 'NONE',  ( 0.1444094488188976955, 0.1069094488188977315, -0.1300000000000000044 ) ) ;
#7288 = CARTESIAN_POINT ( 'NONE',  ( -0.1550000000000000266, 0.1069094488188977315, -0.03000000000000002318 ) ) ;
#7289 = CARTESIAN_POINT ( 'NONE',  ( 0.1449999999999983802, -1.707404996040164512E-17, -0.2700000000000000178 ) ) ;
#7290 = EDGE_CURVE ( 'NONE', #5751, #4336, #3170, .T. ) ;
#7291 = ORIENTED_EDGE ( 'NONE', *, *, #4196, .T. ) ;
#7292 = ORIENTED_EDGE ( 'NONE', *, *, #1767, .T. ) ;
#7293 = LINE ( 'NONE', #3703, #3107 ) ;
#7294 = LINE ( 'NONE', #1913, #3540 ) ;
#7295 = ORIENTED_EDGE ( 'NONE', *, *, #7281, .F. ) ;
#7296 = ORIENTED_EDGE ( 'NONE', *, *, #2506, .F. ) ;
#7297 = PLANE ( 'NONE',  #2786 ) ;
#7298 = DIRECTION ( 'NONE',  ( -1.000000000000000000, 0.000000000000000000, 0.000000000000000000 ) ) ;
#7299 = LINE ( 'NONE', #5534, #4026 ) ;
#7300 = ORIENTED_EDGE ( 'NONE', *, *, #3687, .T. ) ;
#7301 = EDGE_CURVE ( 'NONE', #3763, #4637, #5433, .T. ) ;
#7302 = AXIS2_PLACEMENT_3D ( 'NONE', #4170, #6627, #7324 ) ;
#7303 = CARTESIAN_POINT ( 'NONE',  ( -0.07500000000000002498, 0.2099999999999999090, -0.3250000000000000666 ) ) ;
#7304 = LINE ( 'NONE', #6096, #4840 ) ;
#7305 = LINE ( 'NONE', #5583, #3897 ) ;
#7306 = DIRECTION ( 'NONE',  ( 0.000000000000000000, 0.000000000000000000, 1.000000000000000000 ) ) ;
#7307 = DIRECTION ( 'NONE',  ( -3.194114299349669345E-16, -1.000000000000000000, 0.000000000000000000 ) ) ;
#7308 = VECTOR ( 'NONE', #2715, 39.37007874015748143 ) ;
#7309 = EDGE_CURVE ( 'NONE', #1302, #6896, #3643, .T. ) ;
#7310 = LINE ( 'NONE', #7237, #5339 ) ;
#7311 = AXIS2_PLACEMENT_3D ( 'NONE', #3509, #3387, #7735 ) ;
#7312 =( NAMED_UNIT ( * ) SI_UNIT ( $, .STERADIAN. ) SOLID_ANGLE_UNIT ( ) );
#7313 = EDGE_LOOP ( 'NONE', ( #718, #79, #3283, #1961 ) ) ;
#7314 = VERTEX_POINT ( 'NONE', #1306 ) ;
#7315 = VECTOR ( 'NONE', #12, 39.37007874015748143 ) ;
#7316 = DIRECTION ( 'NONE',  ( -0.000000000000000000, 0.000000000000000000, 1.000000000000000000 ) ) ;
#7317 = ORIENTED_EDGE ( 'NONE', *, *, #613, .F. ) ;
#7318 = ORIENTED_EDGE ( 'NONE', *, *, #6798, .T. ) ;
#7319 = DIRECTION ( 'NONE',  ( 0.000000000000000000, 0.000000000000000000, 1.000000000000000000 ) ) ;
#7320 = ORIENTED_EDGE ( 'NONE', *, *, #4564, .T. ) ;
#7321 = LINE ( 'NONE', #1941, #2974 ) ;
#7322 = VECTOR ( 'NONE', #816, 39.37007874015748143 ) ;
#7323 = LINE ( 'NONE', #5046, #7449 ) ;
#7324 = DIRECTION ( 'NONE',  ( -1.000000000000000000, -6.829619984160659821E-15, 0.000000000000000000 ) ) ;
#7325 = AXIS2_PLACEMENT_3D ( 'NONE', #1089, #5920, #5380 ) ;
#7326 = LENGTH_MEASURE_WITH_UNIT ( LENGTH_MEASURE( 0.02539999999999999897 ), #4340 );
#7327 = VECTOR ( 'NONE', #3613, 39.37007874015748143 ) ;
#7328 = ORIENTED_EDGE ( 'NONE', *, *, #4341, .T. ) ;
#7329 = ORIENTED_EDGE ( 'NONE', *, *, #512, .T. ) ;
#7330 = CARTESIAN_POINT ( 'NONE',  ( -0.1550000000000000544, -2.761427880799627746E-17, -0.2740000000000000768 ) ) ;
#7331 = EDGE_CURVE ( 'NONE', #21, #4401, #1699, .T. ) ;
#7332 = DIRECTION ( 'NONE',  ( -5.045153244757900714E-15, 0.7071067811865444641, -0.7071067811865504593 ) ) ;
#7333 = VERTEX_POINT ( 'NONE', #2480 ) ;
#7334 = AXIS2_PLACEMENT_3D ( 'NONE', #7166, #6702, #4214 ) ;
#7335 = VECTOR ( 'NONE', #6226, 39.37007874015748143 ) ;
#7336 = ORIENTED_EDGE ( 'NONE', *, *, #749, .F. ) ;
#7337 = DIRECTION ( 'NONE',  ( -1.000000000000000000, 0.000000000000000000, 0.000000000000000000 ) ) ;
#7338 = DIRECTION ( 'NONE',  ( 0.000000000000000000, -0.000000000000000000, -1.000000000000000000 ) ) ;
#7339 = PLANE ( 'NONE',  #6062 ) ;
#7340 = AXIS2_PLACEMENT_3D ( 'NONE', #2819, #7033, #7656 ) ;
#7341 = DIRECTION ( 'NONE',  ( -1.000000000000000000, 0.000000000000000000, 0.000000000000000000 ) ) ;
#7342 = ORIENTED_EDGE ( 'NONE', *, *, #100, .T. ) ;
#7343 = EDGE_CURVE ( 'NONE', #2592, #6043, #7242, .T. ) ;
#7344 = CIRCLE ( 'NONE', #6214, 0.01999999999999999001 ) ;
#7345 = DIRECTION ( 'NONE',  ( -7.062854202149022777E-15, -1.000000000000000000, 0.000000000000000000 ) ) ;
#7346 = EDGE_LOOP ( 'NONE', ( #2780, #5925, #4980, #5516 ) ) ;
#7347 = CARTESIAN_POINT ( 'NONE',  ( 0.1444094488188976955, 0.1069094488188977315, 0.1910000000000000309 ) ) ;
#7348 = DIRECTION ( 'NONE',  ( 0.000000000000000000, 0.000000000000000000, -1.000000000000000000 ) ) ;
#7349 = CARTESIAN_POINT ( 'NONE',  ( -0.1449999999999983802, -1.707404996040164512E-17, -0.2700000000000000178 ) ) ;
#7350 = FACE_OUTER_BOUND ( 'NONE', #2362, .T. ) ;
#7351 = COLOUR_RGB ( '',0.7921568627450980005, 0.8196078431372548767, 0.9333333333333333481 ) ;
#7352 = AXIS2_PLACEMENT_3D ( 'NONE', #6332, #2696, #1531 ) ;
#7353 = CYLINDRICAL_SURFACE ( 'NONE', #823, 0.0005905511811023211053 ) ;
#7354 = DIRECTION ( 'NONE',  ( 1.000000000000000000, 0.000000000000000000, 0.000000000000000000 ) ) ;
#7355 = EDGE_CURVE ( 'NONE', #4568, #4038, #4977, .T. ) ;
#7356 = ORIENTED_EDGE ( 'NONE', *, *, #3501, .F. ) ;
#7357 = CARTESIAN_POINT ( 'NONE',  ( 0.1449999999999983802, -1.707404996040164512E-17, 0.2300000000000000377 ) ) ;
#7358 = ORIENTED_EDGE ( 'NONE', *, *, #3751, .F. ) ;
#7359 = CARTESIAN_POINT ( 'NONE',  ( -0.1449999999999983802, -1.707404996040164512E-17, -0.2700000000000000178 ) ) ;
#7360 = LINE ( 'NONE', #4935, #4687 ) ;
#7361 = CIRCLE ( 'NONE', #1213, 0.01999999999999999001 ) ;
#7362 = DIRECTION ( 'NONE',  ( 0.000000000000000000, 0.000000000000000000, 1.000000000000000000 ) ) ;
#7363 = CARTESIAN_POINT ( 'NONE',  ( -0.1549999999999983336, -0.1300000000000000600, -0.2910000000000000364 ) ) ;
#7364 = EDGE_CURVE ( 'NONE', #6429, #5751, #7280, .T. ) ;
#7365 = ORIENTED_EDGE ( 'NONE', *, *, #4007, .F. ) ;
#7366 = VERTEX_POINT ( 'NONE', #4924 ) ;
#7367 = CARTESIAN_POINT ( 'NONE',  ( 0.1444094488188976955, -1.707404996040164512E-17, 0.1910000000000000309 ) ) ;
#7368 = CARTESIAN_POINT ( 'NONE',  ( 0.1249999999999997641, 0.1075000000000000122, -0.1700000000000000400 ) ) ;
#7369 = ORIENTED_EDGE ( 'NONE', *, *, #3886, .F. ) ;
#7370 = EDGE_CURVE ( 'NONE', #4954, #7766, #4371, .T. ) ;
#7371 = EDGE_CURVE ( 'NONE', #7547, #257, #7390, .T. ) ;
#7372 = VERTEX_POINT ( 'NONE', #723 ) ;
#7373 = VECTOR ( 'NONE', #1769, 39.37007874015748143 ) ;
#7374 = DIRECTION ( 'NONE',  ( -0.000000000000000000, -0.000000000000000000, -1.000000000000000000 ) ) ;
#7375 = CARTESIAN_POINT ( 'NONE',  ( 0.1449999999999983802, -1.707404996040164512E-17, 0.2300000000000000377 ) ) ;
#7376 = DIRECTION ( 'NONE',  ( 1.000000000000000000, 0.000000000000000000, 0.000000000000000000 ) ) ;
#7377 = EDGE_CURVE ( 'NONE', #1222, #7490, #220, .T. ) ;
#7378 = EDGE_CURVE ( 'NONE', #4945, #4300, #2553, .T. ) ;
#7379 = LINE ( 'NONE', #1811, #4810 ) ;
#7380 = ORIENTED_EDGE ( 'NONE', *, *, #6389, .F. ) ;
#7381 = STYLED_ITEM ( 'NONE', ( #4951 ), #1633 ) ;
#7382 = CARTESIAN_POINT ( 'NONE',  ( -0.1449999999999983802, -1.707404996040164512E-17, 0.3089999999999999414 ) ) ;
#7383 = CARTESIAN_POINT ( 'NONE',  ( 0.1444094488188976677, 0.1075000000000000122, 0.1700000000000000400 ) ) ;
#7384 = DIRECTION ( 'NONE',  ( 0.000000000000000000, -0.000000000000000000, -1.000000000000000000 ) ) ;
#7385 = LENGTH_MEASURE_WITH_UNIT ( LENGTH_MEASURE( 0.02539999999999999897 ), #6018 );
#7386 = VECTOR ( 'NONE', #2165, 39.37007874015748143 ) ;
#7387 = FACE_OUTER_BOUND ( 'NONE', #6962, .T. ) ;
#7388 = DIRECTION ( 'NONE',  ( 0.000000000000000000, -0.000000000000000000, -1.000000000000000000 ) ) ;
#7389 = CARTESIAN_POINT ( 'NONE',  ( -0.1449999999999983802, -1.707404996040164512E-17, -0.03000000000000002318 ) ) ;
#7390 = LINE ( 'NONE', #6768, #1960 ) ;
#7391 = VERTEX_POINT ( 'NONE', #6802 ) ;
#7392 = CARTESIAN_POINT ( 'NONE',  ( -0.1450000000000000455, 0.1069094488188977315, -0.2910000000000000364 ) ) ;
#7393 = EDGE_LOOP ( 'NONE', ( #4366, #7041, #633, #6806 ) ) ;
#7394 = CARTESIAN_POINT ( 'NONE',  ( -0.1249999999999997641, 0.1175000000000000072, 0.1300000000000000044 ) ) ;
#7395 = VERTEX_POINT ( 'NONE', #2437 ) ;
#7396 = EDGE_CURVE ( 'NONE', #5550, #3658, #4287, .T. ) ;
#7397 = DIRECTION ( 'NONE',  ( -1.000000000000000000, 6.829619984160659821E-15, 0.000000000000000000 ) ) ;
#7398 = VERTEX_POINT ( 'NONE', #3019 ) ;
#7399 = EDGE_LOOP ( 'NONE', ( #4486, #2900, #2317, #6059 ) ) ;
#7400 = DIRECTION ( 'NONE',  ( -1.000000000000000000, 0.000000000000000000, 0.000000000000000000 ) ) ;
#7401 = DIRECTION ( 'NONE',  ( -1.533174863687841128E-14, 1.000000000000000000, 0.000000000000000000 ) ) ;
#7402 = VERTEX_POINT ( 'NONE', #1862 ) ;
#7403 = EDGE_CURVE ( 'NONE', #3346, #5917, #1419, .T. ) ;
#7404 = ORIENTED_EDGE ( 'NONE', *, *, #3269, .F. ) ;
#7405 = PLANE ( 'NONE',  #2920 ) ;
#7406 = PLANE ( 'NONE',  #4809 ) ;
#7407 = FACE_OUTER_BOUND ( 'NONE', #1823, .T. ) ;
#7408 = DIRECTION ( 'NONE',  ( -4.975909242108299568E-15, 0.7071067811865505703, 0.7071067811865445751 ) ) ;
#7409 = DIRECTION ( 'NONE',  ( -3.194114299349669345E-16, -1.000000000000000000, 0.000000000000000000 ) ) ;
#7410 = VERTEX_POINT ( 'NONE', #761 ) ;
#7411 = CARTESIAN_POINT ( 'NONE',  ( 0.1444094488188976955, 0.1069094488188977315, 0.2300000000000000377 ) ) ;
#7412 = EDGE_CURVE ( 'NONE', #2451, #122, #3101, .T. ) ;
#7413 = PLANE ( 'NONE',  #1309 ) ;
#7414 = LINE ( 'NONE', #211, #5676 ) ;
#7415 = CARTESIAN_POINT ( 'NONE',  ( -0.1550000000000000266, 0.1069094488188977315, 0.2909999999999999809 ) ) ;
#7416 = PLANE ( 'NONE',  #6965 ) ;
#7417 = DIRECTION ( 'NONE',  ( -0.000000000000000000, -0.000000000000000000, -1.000000000000000000 ) ) ;
#7418 = AXIS2_PLACEMENT_3D ( 'NONE', #480, #4791, #7182 ) ;
#7419 = DIRECTION ( 'NONE',  ( 0.000000000000000000, -0.000000000000000000, -1.000000000000000000 ) ) ;
#7420 = ORIENTED_EDGE ( 'NONE', *, *, #1008, .F. ) ;
#7421 = ORIENTED_EDGE ( 'NONE', *, *, #5403, .T. ) ;
#7422 = CARTESIAN_POINT ( 'NONE',  ( 0.1550000000000000266, 0.1069094488188977315, -0.03000000000000002318 ) ) ;
#7423 = VERTEX_POINT ( 'NONE', #4847 ) ;
#7424 = DIRECTION ( 'NONE',  ( 0.000000000000000000, -0.000000000000000000, -1.000000000000000000 ) ) ;
#7425 = ORIENTED_EDGE ( 'NONE', *, *, #4832, .T. ) ;
#7426 = EDGE_LOOP ( 'NONE', ( #5782, #7318, #6770, #6362 ) ) ;
#7427 = EDGE_CURVE ( 'NONE', #3080, #5867, #6065, .T. ) ;
#7428 = VECTOR ( 'NONE', #4389, 39.37007874015748143 ) ;
#7429 = EDGE_CURVE ( 'NONE', #5527, #3685, #1338, .T. ) ;
#7430 = DIRECTION ( 'NONE',  ( 0.000000000000000000, -0.7071067811865444641, 0.7071067811865504593 ) ) ;
#7431 = CARTESIAN_POINT ( 'NONE',  ( 0.1449999999999999900, 0.1069094488188977315, 0.07000000000000000666 ) ) ;
#7432 = CARTESIAN_POINT ( 'NONE',  ( 0.03499999999999998251, 0.1175000000000000211, -0.3750000000000001665 ) ) ;
#7433 = FACE_OUTER_BOUND ( 'NONE', #6733, .T. ) ;
#7434 = VECTOR ( 'NONE', #293, 39.37007874015748143 ) ;
#7435 = ORIENTED_EDGE ( 'NONE', *, *, #6697, .F. ) ;
#7436 = ORIENTED_EDGE ( 'NONE', *, *, #6450, .T. ) ;
#7437 = DIRECTION ( 'NONE',  ( 0.000000000000000000, -0.000000000000000000, -1.000000000000000000 ) ) ;
#7438 = LINE ( 'NONE', #5053, #2168 ) ;
#7439 = ORIENTED_EDGE ( 'NONE', *, *, #6232, .T. ) ;
#7440 = ORIENTED_EDGE ( 'NONE', *, *, #4615, .T. ) ;
#7441 = CARTESIAN_POINT ( 'NONE',  ( -0.1550000000000000544, -1.707404996040164512E-17, 0.3300000000000000155 ) ) ;
#7442 = CARTESIAN_POINT ( 'NONE',  ( 0.1249999999999997641, 0.1175000000000000072, 0.3300000000000000155 ) ) ;
#7443 = PLANE ( 'NONE',  #5678 ) ;
#7444 = CARTESIAN_POINT ( 'NONE',  ( -0.1550000000000000266, 0.1069094488188977315, 0.02999999999999998848 ) ) ;
#7445 = EDGE_CURVE ( 'NONE', #3446, #2592, #5842, .T. ) ;
#7446 = UNCERTAINTY_MEASURE_WITH_UNIT (LENGTH_MEASURE( 1.000000000000000082E-05 ), #5765, 'distance_accuracy_value', 'NONE');
#7447 = ORIENTED_EDGE ( 'NONE', *, *, #2855, .F. ) ;
#7448 = AXIS2_PLACEMENT_3D ( 'NONE', #5105, #1010, #5844 ) ;
#7449 = VECTOR ( 'NONE', #1316, 39.37007874015748143 ) ;
#7450 = ORIENTED_EDGE ( 'NONE', *, *, #4500, .F. ) ;
#7451 = ADVANCED_FACE ( 'NONE', ( #3282 ), #5770, .F. ) ;
#7452 = CARTESIAN_POINT ( 'NONE',  ( -0.1449999999999983802, -1.707404996040164512E-17, 0.3300000000000000155 ) ) ;
#7453 = DIRECTION ( 'NONE',  ( 5.045153244757943312E-15, -0.7071067811865504593, -0.7071067811865444641 ) ) ;
#7454 = VECTOR ( 'NONE', #2311, 39.37007874015748143 ) ;
#7455 = FACE_OUTER_BOUND ( 'NONE', #133, .T. ) ;
#7456 = CARTESIAN_POINT ( 'NONE',  ( -0.1449999999999983524, -0.1299999999999999767, -0.2090000000000000191 ) ) ;
#7457 = VECTOR ( 'NONE', #4369, 39.37007874015748854 ) ;
#7458 = CARTESIAN_POINT ( 'NONE',  ( 0.1550000000000000266, 0.1069094488188977315, 0.3300000000000000155 ) ) ;
#7459 = ADVANCED_FACE ( 'NONE', ( #6919 ), #835, .F. ) ;
#7460 = DIRECTION ( 'NONE',  ( -1.000000000000000000, 0.000000000000000000, 0.000000000000000000 ) ) ;
#7461 = EDGE_CURVE ( 'NONE', #7517, #6201, #7575, .T. ) ;
#7462 = FACE_OUTER_BOUND ( 'NONE', #7399, .T. ) ;
#7463 = EDGE_CURVE ( 'NONE', #1395, #6477, #1612, .T. ) ;
#7464 = ORIENTED_EDGE ( 'NONE', *, *, #5677, .F. ) ;
#7465 = CARTESIAN_POINT ( 'NONE',  ( 0.1449999999999983524, 4.274049269606410852E-17, -0.07400000000000005185 ) ) ;
#7466 = PRESENTATION_LAYER_ASSIGNMENT (  '', '', ( #2318 ) ) ;
#7467 = ORIENTED_EDGE ( 'NONE', *, *, #313, .F. ) ;
#7468 = VECTOR ( 'NONE', #7474, 39.37007874015748143 ) ;
#7469 = ORIENTED_EDGE ( 'NONE', *, *, #2755, .F. ) ;
#7470 = DIRECTION ( 'NONE',  ( -5.045153244757943312E-15, -0.7071067811865504593, -0.7071067811865444641 ) ) ;
#7471 = ADVANCED_FACE ( 'NONE', ( #7504 ), #5740, .T. ) ;
#7472 = FILL_AREA_STYLE ('',( #5818 ) ) ;
#7473 = VECTOR ( 'NONE', #3131, 39.37007874015748143 ) ;
#7474 = DIRECTION ( 'NONE',  ( -1.000000000000000000, 1.759354438110327554E-15, 0.000000000000000000 ) ) ;
#7475 = ORIENTED_EDGE ( 'NONE', *, *, #1244, .F. ) ;
#7476 = ORIENTED_EDGE ( 'NONE', *, *, #4862, .F. ) ;
#7477 = CARTESIAN_POINT ( 'NONE',  ( -0.1450000000000000178, 0.1069094488188977315, 0.3089999999999999414 ) ) ;
#7478 = CARTESIAN_POINT ( 'NONE',  ( -0.1449999999999979639, -1.707404996040164512E-17, 0.07400000000000007960 ) ) ;
#7479 = AXIS2_PLACEMENT_3D ( 'NONE', #4135, #2994, #7208 ) ;
#7480 = CARTESIAN_POINT ( 'NONE',  ( -0.1249999999999997641, 0.1175000000000000072, 0.3750000000000002220 ) ) ;
#7481 = LINE ( 'NONE', #4576, #3911 ) ;
#7482 = LINE ( 'NONE', #5059, #6934 ) ;
#7483 = CARTESIAN_POINT ( 'NONE',  ( 0.1449999999999995182, 0.03595472440944844084, -0.2619547244094487248 ) ) ;
#7484 = CARTESIAN_POINT ( 'NONE',  ( 0.1444094488188976955, 0.1069094488188977315, -0.09100000000000003919 ) ) ;
#7485 = ORIENTED_EDGE ( 'NONE', *, *, #512, .F. ) ;
#7486 = EDGE_CURVE ( 'NONE', #4891, #4775, #5113, .T. ) ;
#7487 = AXIS2_PLACEMENT_3D ( 'NONE', #5657, #1967, #3164 ) ;
#7488 = ADVANCED_FACE ( 'NONE', ( #1459 ), #2655, .F. ) ;
#7489 = CARTESIAN_POINT ( 'NONE',  ( -0.1444094488188976677, 0.1075000000000000122, -0.1300000000000000044 ) ) ;
#7490 = VERTEX_POINT ( 'NONE', #3208 ) ;
#7491 = FACE_OUTER_BOUND ( 'NONE', #1502, .T. ) ;
#7492 = VECTOR ( 'NONE', #7524, 39.37007874015748143 ) ;
#7493 = DIRECTION ( 'NONE',  ( -3.194114299349669345E-16, -1.000000000000000000, 0.000000000000000000 ) ) ;
#7494 = CARTESIAN_POINT ( 'NONE',  ( -0.1550000000000000266, 0.1069094488188977315, -0.1700000000000000400 ) ) ;
#7495 = CIRCLE ( 'NONE', #3596, 0.0005905511811023039749 ) ;
#7496 = ORIENTED_EDGE ( 'NONE', *, *, #6521, .T. ) ;
#7497 = ORIENTED_EDGE ( 'NONE', *, *, #1757, .F. ) ;
#7498 = DIRECTION ( 'NONE',  ( -7.062854202149022777E-15, 1.000000000000000000, 0.000000000000000000 ) ) ;
#7499 = EDGE_CURVE ( 'NONE', #7197, #2155, #6956, .T. ) ;
#7500 = CIRCLE ( 'NONE', #7129, 0.01059055118110233465 ) ;
#7501 = CARTESIAN_POINT ( 'NONE',  ( -0.1550000000000000266, 0.1069094488188977315, 0.3089999999999999414 ) ) ;
#7502 = DIRECTION ( 'NONE',  ( -1.000000000000000000, 0.000000000000000000, 0.000000000000000000 ) ) ;
#7503 = DIMENSIONAL_EXPONENTS ( 1.000000000000000000, 0.000000000000000000, 0.000000000000000000, 0.000000000000000000, 0.000000000000000000, 0.000000000000000000, 0.000000000000000000 ) ;
#7504 = FACE_OUTER_BOUND ( 'NONE', #6316, .T. ) ;
#7505 = ORIENTED_EDGE ( 'NONE', *, *, #2936, .T. ) ;
#7506 = PLANE ( 'NONE',  #475 ) ;
#7507 = VERTEX_POINT ( 'NONE', #6286 ) ;
#7508 = ORIENTED_EDGE ( 'NONE', *, *, #3114, .T. ) ;
#7509 = CARTESIAN_POINT ( 'NONE',  ( 0.1444094488188969738, 0.004000000000000131922, 0.02999999999999998848 ) ) ;
#7510 = ADVANCED_FACE ( 'NONE', ( #2734 ), #2039, .F. ) ;
#7511 = CARTESIAN_POINT ( 'NONE',  ( 0.1449999999999983802, -1.707404996040164512E-17, -0.1300000000000000044 ) ) ;
#7512 = ADVANCED_FACE ( 'NONE', ( #7462 ), #907, .T. ) ;
#7513 = CARTESIAN_POINT ( 'NONE',  ( 0.1549999999999994993, 0.03595472440944842002, -0.1619547244094487193 ) ) ;
#7514 = ORIENTED_EDGE ( 'NONE', *, *, #7396, .T. ) ;
#7515 = ORIENTED_EDGE ( 'NONE', *, *, #5832, .T. ) ;
#7516 = DIRECTION ( 'NONE',  ( 0.000000000000000000, -0.000000000000000000, -1.000000000000000000 ) ) ;
#7517 = VERTEX_POINT ( 'NONE', #3993 ) ;
#7518 = DIRECTION ( 'NONE',  ( 6.829619984160659821E-15, 1.000000000000000000, 0.000000000000000000 ) ) ;
#7519 = ADVANCED_FACE ( 'NONE', ( #944 ), #4482, .F. ) ;
#7520 = ADVANCED_FACE ( 'NONE', ( #3320 ), #2152, .F. ) ;
#7521 = CARTESIAN_POINT ( 'NONE',  ( -0.1550000000000000544, -1.707404996040164512E-17, -0.1090000000000000135 ) ) ;
#7522 = CARTESIAN_POINT ( 'NONE',  ( -0.1449999999999983802, -1.707404996040164512E-17, 0.2300000000000000377 ) ) ;
#7523 = CARTESIAN_POINT ( 'NONE',  ( 0.1449999999999983802, -1.707404996040164512E-17, 0.3300000000000000155 ) ) ;
#7524 = DIRECTION ( 'NONE',  ( -0.000000000000000000, -1.000000000000000000, -0.000000000000000000 ) ) ;
#7525 = ORIENTED_EDGE ( 'NONE', *, *, #6566, .T. ) ;
#7526 = DIRECTION ( 'NONE',  ( -0.000000000000000000, -0.000000000000000000, -1.000000000000000000 ) ) ;
#7527 = ORIENTED_EDGE ( 'NONE', *, *, #118, .T. ) ;
#7528 = PLANE ( 'NONE',  #2421 ) ;
#7529 = CARTESIAN_POINT ( 'NONE',  ( 0.1249999999999997641, 0.1075000000000000122, 0.02999999999999998848 ) ) ;
#7530 = CARTESIAN_POINT ( 'NONE',  ( 0.1444094488188976955, -1.707404996040164512E-17, 0.09099999999999999756 ) ) ;
#7531 = EDGE_CURVE ( 'NONE', #2921, #3803, #394, .T. ) ;
#7532 = LINE ( 'NONE', #5766, #7214 ) ;
#7533 = CARTESIAN_POINT ( 'NONE',  ( -0.07500000000000002498, 0.2049999999999999045, -0.3050000000000001044 ) ) ;
#7534 = PLANE ( 'NONE',  #6687 ) ;
#7535 = CARTESIAN_POINT ( 'NONE',  ( 0.1449999999999983802, -1.707404996040164512E-17, -0.2700000000000000178 ) ) ;
#7536 = ORIENTED_EDGE ( 'NONE', *, *, #5084, .T. ) ;
#7537 = ORIENTED_EDGE ( 'NONE', *, *, #6323, .F. ) ;
#7538 = CARTESIAN_POINT ( 'NONE',  ( 0.1449999999999983802, -1.707404996040164512E-17, -0.2700000000000000178 ) ) ;
#7539 = EDGE_CURVE ( 'NONE', #2958, #995, #1497, .T. ) ;
#7540 = EDGE_LOOP ( 'NONE', ( #1973, #856, #840, #438, #5537, #5408, #2527, #3627 ) ) ;
#7541 = VECTOR ( 'NONE', #4151, 39.37007874015748143 ) ;
#7542 = DIRECTION ( 'NONE',  ( 1.000000000000000000, 0.000000000000000000, 0.000000000000000000 ) ) ;
#7543 = AXIS2_PLACEMENT_3D ( 'NONE', #112, #3028, #3281 ) ;
#7544 = CARTESIAN_POINT ( 'NONE',  ( -0.1444094488188976955, -1.707404996040164512E-17, 0.1089999999999999858 ) ) ;
#7545 = LINE ( 'NONE', #4493, #3699 ) ;
#7546 = ORIENTED_EDGE ( 'NONE', *, *, #2226, .F. ) ;
#7547 = VERTEX_POINT ( 'NONE', #3243 ) ;
#7548 = CARTESIAN_POINT ( 'NONE',  ( 0.1550000000000000544, -1.707404996040164512E-17, 0.2300000000000000377 ) ) ;
#7549 = VERTEX_POINT ( 'NONE', #5661 ) ;
#7550 = DIRECTION ( 'NONE',  ( 1.000000000000000000, 1.759354438110327554E-15, 0.000000000000000000 ) ) ;
#7551 = AXIS2_PLACEMENT_3D ( 'NONE', #5023, #2023, #1553 ) ;
#7552 = VECTOR ( 'NONE', #5571, 39.37007874015748143 ) ;
#7553 = DIRECTION ( 'NONE',  ( -1.000000000000000000, 0.000000000000000000, 0.000000000000000000 ) ) ;
#7554 = CARTESIAN_POINT ( 'NONE',  ( -0.1249999999999997641, 0.1075000000000000122, 0.1300000000000000044 ) ) ;
#7555 = EDGE_CURVE ( 'NONE', #4913, #2390, #3878, .T. ) ;
#7556 = CLOSED_SHELL ( 'NONE', ( #6607, #4824, #892, #2965, #5034, #5707, #4074, #7519, #3121, #4928, #757, #2636, #1652, #6317, #6051, #2377 ) ) ;
#7557 = CARTESIAN_POINT ( 'NONE',  ( -0.1550000000000000266, 0.1069094488188977315, -0.2910000000000000364 ) ) ;
#7558 = FACE_OUTER_BOUND ( 'NONE', #3066, .T. ) ;
#7559 = FACE_OUTER_BOUND ( 'NONE', #7112, .T. ) ;
#7560 = EDGE_LOOP ( 'NONE', ( #1356, #7515, #3116, #4221 ) ) ;
#7561 = DIRECTION ( 'NONE',  ( -1.000000000000000000, 0.000000000000000000, 0.000000000000000000 ) ) ;
#7562 = ORIENTED_EDGE ( 'NONE', *, *, #2082, .T. ) ;
#7563 = ADVANCED_FACE ( 'NONE', ( #2812, #7026 ), #1646, .T. ) ;
#7564 = DIRECTION ( 'NONE',  ( 0.000000000000000000, 1.000000000000000000, -0.000000000000000000 ) ) ;
#7565 = AXIS2_PLACEMENT_3D ( 'NONE', #1880, #1435, #3115 ) ;
#7566 = DIRECTION ( 'NONE',  ( 0.000000000000000000, 0.000000000000000000, 1.000000000000000000 ) ) ;
#7567 = AXIS2_PLACEMENT_3D ( 'NONE', #4625, #7097, #1638 ) ;
#7568 = VECTOR ( 'NONE', #2246, 39.37007874015748143 ) ;
#7569 = VECTOR ( 'NONE', #414, 39.37007874015748143 ) ;
#7570 = VECTOR ( 'NONE', #4428, 39.37007874015748143 ) ;
#7571 = FACE_OUTER_BOUND ( 'NONE', #5050, .T. ) ;
#7572 = CARTESIAN_POINT ( 'NONE',  ( -0.1444094488188969738, 0.004000000000000131922, 0.1300000000000000044 ) ) ;
#7573 = CARTESIAN_POINT ( 'NONE',  ( 0.1249999999999997641, 0.1175000000000000072, -0.3300000000000000155 ) ) ;
#7574 = DIRECTION ( 'NONE',  ( 0.000000000000000000, -0.000000000000000000, -1.000000000000000000 ) ) ;
#7575 = LINE ( 'NONE', #288, #4584 ) ;
#7576 = PLANE ( 'NONE',  #1682 ) ;
#7577 = VERTEX_POINT ( 'NONE', #4756 ) ;
#7578 = DIRECTION ( 'NONE',  ( -1.000000000000000000, -7.134924142987280985E-15, 0.000000000000000000 ) ) ;
#7579 = VECTOR ( 'NONE', #5048, 39.37007874015748143 ) ;
#7580 = VERTEX_POINT ( 'NONE', #4027 ) ;
#7581 = ORIENTED_EDGE ( 'NONE', *, *, #6066, .F. ) ;
#7582 = DIRECTION ( 'NONE',  ( 1.000000000000000000, -7.035477150404849144E-15, -1.521184922305145727E-18 ) ) ;
#7583 = DIRECTION ( 'NONE',  ( 1.000000000000000000, -6.829619984160659821E-15, 0.000000000000000000 ) ) ;
#7584 = VECTOR ( 'NONE', #3683, 39.37007874015748854 ) ;
#7585 = ORIENTED_EDGE ( 'NONE', *, *, #5741, .F. ) ;
#7586 = CARTESIAN_POINT ( 'NONE',  ( -0.1449999999999983802, -1.707404996040164512E-17, -0.1910000000000000309 ) ) ;
#7587 = COLOUR_RGB ( '',0.7921568627450980005, 0.8196078431372548767, 0.9333333333333333481 ) ;
#7588 = AXIS2_PLACEMENT_3D ( 'NONE', #1575, #3843, #2080 ) ;
#7589 = ORIENTED_EDGE ( 'NONE', *, *, #1592, .T. ) ;
#7590 = VERTEX_POINT ( 'NONE', #1768 ) ;
#7591 = CARTESIAN_POINT ( 'NONE',  ( 0.1449999999999983524, -0.1299999999999999767, 0.008999999999999959421 ) ) ;
#7592 = EDGE_LOOP ( 'NONE', ( #658, #799, #4743, #56 ) ) ;
#7593 = PLANE ( 'NONE',  #3165 ) ;
#7594 = STYLED_ITEM ( 'NONE', ( #7238 ), #4118 ) ;
#7595 = STYLED_ITEM ( 'NONE', ( #319 ), #898 ) ;
#7596 = ADVANCED_FACE ( 'NONE', ( #7650 ), #5807, .T. ) ;
#7597 = DIRECTION ( 'NONE',  ( -0.000000000000000000, -0.000000000000000000, -1.000000000000000000 ) ) ;
#7598 = DIRECTION ( 'NONE',  ( -1.000000000000000000, 0.000000000000000000, 0.000000000000000000 ) ) ;
#7599 = PRESENTATION_STYLE_ASSIGNMENT (( #6352 ) ) ;
#7600 = EDGE_CURVE ( 'NONE', #6007, #2958, #3390, .T. ) ;
#7601 = DIRECTION ( 'NONE',  ( -1.402057137379402762E-15, 0.000000000000000000, 1.000000000000000000 ) ) ;
#7602 = ORIENTED_EDGE ( 'NONE', *, *, #183, .F. ) ;
#7603 = ORIENTED_EDGE ( 'NONE', *, *, #1627, .T. ) ;
#7604 = EDGE_CURVE ( 'NONE', #5987, #6578, #1099, .T. ) ;
#7605 = CARTESIAN_POINT ( 'NONE',  ( -0.1449999999999999900, 0.1069094488188977315, 0.1700000000000000400 ) ) ;
#7606 = VECTOR ( 'NONE', #5525, 39.37007874015748143 ) ;
#7607 = ADVANCED_FACE ( 'NONE', ( #6441 ), #5268, .F. ) ;
#7608 = LINE ( 'NONE', #4430, #4660 ) ;
#7609 = FACE_OUTER_BOUND ( 'NONE', #7275, .T. ) ;
#7610 = ORIENTED_EDGE ( 'NONE', *, *, #6495, .F. ) ;
#7611 = VECTOR ( 'NONE', #687, 39.37007874015748143 ) ;
#7612 = VECTOR ( 'NONE', #4863, 39.37007874015748143 ) ;
#7613 = DIRECTION ( 'NONE',  ( 0.000000000000000000, 1.000000000000000000, 0.000000000000000000 ) ) ;
#7614 =( NAMED_UNIT ( * ) PLANE_ANGLE_UNIT ( ) SI_UNIT ( $, .RADIAN. ) );
#7615 = LINE ( 'NONE', #4631, #2413 ) ;
#7616 = EDGE_CURVE ( 'NONE', #405, #1506, #7149, .T. ) ;
#7617 = LINE ( 'NONE', #4597, #1654 ) ;
#7618 =( GEOMETRIC_REPRESENTATION_CONTEXT ( 3 ) GLOBAL_UNCERTAINTY_ASSIGNED_CONTEXT ( ( #463 ) ) GLOBAL_UNIT_ASSIGNED_CONTEXT ( ( #4785, #591, #2962 ) ) REPRESENTATION_CONTEXT ( 'NONE', 'WORKASPACE' ) );
#7619 = CARTESIAN_POINT ( 'NONE',  ( -0.1550000000000000544, 0.004000000000000018298, -0.2700000000000000733 ) ) ;
#7620 = DIRECTION ( 'NONE',  ( 1.000000000000000000, 6.829619984160659821E-15, -0.000000000000000000 ) ) ;
#7621 = VERTEX_POINT ( 'NONE', #7619 ) ;
#7622 = CARTESIAN_POINT ( 'NONE',  ( -0.1444094488188969738, 0.004000000000000131922, 0.02999999999999998848 ) ) ;
#7623 = ORIENTED_EDGE ( 'NONE', *, *, #5489, .T. ) ;
#7624 = VECTOR ( 'NONE', #204, 39.37007874015748143 ) ;
#7625 = DIRECTION ( 'NONE',  ( -0.000000000000000000, -0.000000000000000000, -1.000000000000000000 ) ) ;
#7626 = ORIENTED_EDGE ( 'NONE', *, *, #3585, .F. ) ;
#7627 = LINE ( 'NONE', #4641, #5971 ) ;
#7628 = ORIENTED_EDGE ( 'NONE', *, *, #6590, .T. ) ;
#7629 = EDGE_LOOP ( 'NONE', ( #3615, #805, #7005, #762 ) ) ;
#7630 = DIRECTION ( 'NONE',  ( 1.000000000000000000, -6.829619984160659821E-15, 0.000000000000000000 ) ) ;
#7631 = VECTOR ( 'NONE', #6745, 39.37007874015748143 ) ;
#7632 = ORIENTED_EDGE ( 'NONE', *, *, #5988, .F. ) ;
#7633 = LINE ( 'NONE', #2283, #7568 ) ;
#7634 = ADVANCED_FACE ( 'NONE', ( #2232 ), #1731, .F. ) ;
#7635 = CARTESIAN_POINT ( 'NONE',  ( -0.1550000000000000544, 0.004000000000000018298, 0.02999999999999995379 ) ) ;
#7636 = CARTESIAN_POINT ( 'NONE',  ( -0.1449999999999983524, -0.1299999999999999767, -0.1090000000000000135 ) ) ;
#7637 = CARTESIAN_POINT ( 'NONE',  ( 0.1444094488188976955, 0.1069094488188977315, -0.1300000000000000044 ) ) ;
#7638 = CARTESIAN_POINT ( 'NONE',  ( -7.791098234355730168E-21, 0.1981889763779526581, -0.3628221439731659781 ) ) ;
#7639 = VERTEX_POINT ( 'NONE', #7184 ) ;
#7640 = VERTEX_POINT ( 'NONE', #2857 ) ;
#7641 = ADVANCED_FACE ( 'NONE', ( #5896 ), #4633, .F. ) ;
#7642 = CARTESIAN_POINT ( 'NONE',  ( -0.1444094488188976677, 0.1075000000000000122, -0.2300000000000000100 ) ) ;
#7643 = CARTESIAN_POINT ( 'NONE',  ( -0.1249999999999997641, 0.1175000000000000072, 0.1089999999999999858 ) ) ;
#7644 = FACE_OUTER_BOUND ( 'NONE', #289, .T. ) ;
#7645 = EDGE_CURVE ( 'NONE', #6617, #7653, #1455, .T. ) ;
#7646 = CARTESIAN_POINT ( 'NONE',  ( -0.1449999999999979639, -1.707404996040164512E-17, -0.2259999999999999232 ) ) ;
#7647 = ORIENTED_EDGE ( 'NONE', *, *, #1665, .T. ) ;
#7648 = DIRECTION ( 'NONE',  ( 1.000000000000000000, -7.033955965482544985E-15, 0.000000000000000000 ) ) ;
#7649 = FACE_OUTER_BOUND ( 'NONE', #65, .T. ) ;
#7650 = FACE_OUTER_BOUND ( 'NONE', #5645, .T. ) ;
#7651 = DIRECTION ( 'NONE',  ( 0.000000000000000000, 0.000000000000000000, 1.000000000000000000 ) ) ;
#7652 = EDGE_CURVE ( 'NONE', #2118, #3177, #518, .T. ) ;
#7653 = VERTEX_POINT ( 'NONE', #4114 ) ;
#7654 = CARTESIAN_POINT ( 'NONE',  ( 0.1250000000000014433, 1.942319323305372256E-15, -0.2740000000000000768 ) ) ;
#7655 = ORIENTED_EDGE ( 'NONE', *, *, #1369, .F. ) ;
#7656 = DIRECTION ( 'NONE',  ( 0.000000000000000000, 0.000000000000000000, 1.000000000000000000 ) ) ;
#7657 = FILL_AREA_STYLE_COLOUR ( '', #3081 ) ;
#7658 = ORIENTED_EDGE ( 'NONE', *, *, #7061, .F. ) ;
#7659 = CARTESIAN_POINT ( 'NONE',  ( 0.1444094488188976955, 0.1069094488188977315, -0.09100000000000003919 ) ) ;
#7660 = ORIENTED_EDGE ( 'NONE', *, *, #4931, .F. ) ;
#7661 = EDGE_LOOP ( 'NONE', ( #5005, #4643, #6443, #2066 ) ) ;
#7662 = CARTESIAN_POINT ( 'NONE',  ( -0.1449999999999999900, 0.1069094488188977315, -0.2300000000000000100 ) ) ;
#7663 = ADVANCED_FACE ( 'NONE', ( #6524 ), #1136, .F. ) ;
#7664 = ORIENTED_EDGE ( 'NONE', *, *, #3757, .F. ) ;
#7665 = DIRECTION ( 'NONE',  ( 0.000000000000000000, 0.000000000000000000, 1.000000000000000000 ) ) ;
#7666 = EDGE_CURVE ( 'NONE', #7032, #7372, #5349, .T. ) ;
#7667 = DIRECTION ( 'NONE',  ( -0.000000000000000000, -0.000000000000000000, -1.000000000000000000 ) ) ;
#7668 = DIRECTION ( 'NONE',  ( 7.062854202149022777E-15, -1.000000000000000000, 0.000000000000000000 ) ) ;
#7669 = CARTESIAN_POINT ( 'NONE',  ( 0.1444094488188976955, 0.1069094488188977315, -0.009000000000000027076 ) ) ;
#7670 = VECTOR ( 'NONE', #3953, 39.37007874015748143 ) ;
#7671 = CARTESIAN_POINT ( 'NONE',  ( -0.1449999999999983802, -1.707404996040164512E-17, 0.2300000000000000377 ) ) ;
#7672 = CARTESIAN_POINT ( 'NONE',  ( -0.1249999999999997641, 0.1175000000000000072, -0.09100000000000003919 ) ) ;
#7673 = UNCERTAINTY_MEASURE_WITH_UNIT (LENGTH_MEASURE( 1.000000000000000082E-05 ), #2821, 'distance_accuracy_value', 'NONE');
#7674 = FACE_OUTER_BOUND ( 'NONE', #7592, .T. ) ;
#7675 = ORIENTED_EDGE ( 'NONE', *, *, #3879, .T. ) ;
#7676 = ORIENTED_EDGE ( 'NONE', *, *, #80, .T. ) ;
#7677 = VECTOR ( 'NONE', #2919, 39.37007874015748143 ) ;
#7678 = ORIENTED_EDGE ( 'NONE', *, *, #3547, .F. ) ;
#7679 = CARTESIAN_POINT ( 'NONE',  ( 0.1550000000000000544, -1.707404996040164512E-17, 0.1300000000000000044 ) ) ;
#7680 = ADVANCED_FACE ( 'NONE', ( #1177 ), #3554, .F. ) ;
#7681 = CARTESIAN_POINT ( 'NONE',  ( -0.1250000000000014433, 1.942319323305372256E-15, -0.2740000000000000768 ) ) ;
#7682 = DIRECTION ( 'NONE',  ( 0.000000000000000000, 1.000000000000000000, -0.000000000000000000 ) ) ;
#7683 = AXIS2_PLACEMENT_3D ( 'NONE', #6964, #4000, #7000 ) ;
#7684 = AXIS2_PLACEMENT_3D ( 'NONE', #153, #1985, #3817 ) ;
#7685 = CARTESIAN_POINT ( 'NONE',  ( -0.1450000000000000455, 0.1069094488188977315, -0.09100000000000003919 ) ) ;
#7686 = ORIENTED_EDGE ( 'NONE', *, *, #1079, .T. ) ;
#7687 =( LENGTH_UNIT ( ) NAMED_UNIT ( * ) SI_UNIT ( $, .METRE. ) );
#7688 = CARTESIAN_POINT ( 'NONE',  ( 0.1449999999999983802, -1.707404996040164512E-17, 0.1089999999999999858 ) ) ;
#7689 = ADVANCED_FACE ( 'NONE', ( #2384 ), #754, .F. ) ;
#7690 = CARTESIAN_POINT ( 'NONE',  ( -0.1449999999999983802, -1.707404996040164512E-17, -0.07000000000000000666 ) ) ;
#7691 = CARTESIAN_POINT ( 'NONE',  ( 0.1449999999999983524, -0.1299999999999999767, -0.1910000000000000309 ) ) ;
#7692 = PLANE ( 'NONE',  #4055 ) ;
#7693 = ORIENTED_EDGE ( 'NONE', *, *, #6066, .T. ) ;
#7694 = DIRECTION ( 'NONE',  ( 7.062854202149022777E-15, -1.000000000000000000, 0.000000000000000000 ) ) ;
#7695 = EDGE_CURVE ( 'NONE', #7708, #7029, #6138, .T. ) ;
#7696 = VECTOR ( 'NONE', #4996, 39.37007874015748143 ) ;
#7697 = AXIS2_PLACEMENT_3D ( 'NONE', #5480, #1977, #801 ) ;
#7698 = VERTEX_POINT ( 'NONE', #5462 ) ;
#7699 = ADVANCED_FACE ( 'NONE', ( #4835 ), #637, .T. ) ;
#7700 = VERTEX_POINT ( 'NONE', #674 ) ;
#7701 = EDGE_CURVE ( 'NONE', #4372, #2528, #1300, .T. ) ;
#7702 = DIRECTION ( 'NONE',  ( 1.000000000000000000, 0.000000000000000000, -0.000000000000000000 ) ) ;
#7703 = ORIENTED_EDGE ( 'NONE', *, *, #4259, .T. ) ;
#7704 = ADVANCED_FACE ( 'NONE', ( #3128 ), #6685, .F. ) ;
#7705 = DIRECTION ( 'NONE',  ( -4.975909242108299568E-15, 0.7071067811865505703, 0.7071067811865445751 ) ) ;
#7706 = VECTOR ( 'NONE', #4028, 39.37007874015748143 ) ;
#7707 = VERTEX_POINT ( 'NONE', #6763 ) ;
#7708 = VERTEX_POINT ( 'NONE', #214 ) ;
#7709 = FACE_OUTER_BOUND ( 'NONE', #3032, .T. ) ;
#7710 = ORIENTED_EDGE ( 'NONE', *, *, #3756, .F. ) ;
#7711 = CARTESIAN_POINT ( 'NONE',  ( 0.1450000000000000178, 0.1069094488188977315, -0.1910000000000000309 ) ) ;
#7712 = ADVANCED_FACE ( 'NONE', ( #1380 ), #95, .T. ) ;
#7713 = VECTOR ( 'NONE', #1295, 39.37007874015748143 ) ;
#7714 = CARTESIAN_POINT ( 'NONE',  ( 0.1249999999999997641, 0.1175000000000000072, 0.3300000000000000155 ) ) ;
#7715 = LINE ( 'NONE', #2328, #6203 ) ;
#7716 = DIRECTION ( 'NONE',  ( 7.134924142987280985E-15, 1.000000000000000000, 0.000000000000000000 ) ) ;
#7717 = LINE ( 'NONE', #2833, #6434 ) ;
#7718 = DIRECTION ( 'NONE',  ( -0.000000000000000000, -0.000000000000000000, -1.000000000000000000 ) ) ;
#7719 = ORIENTED_EDGE ( 'NONE', *, *, #6134, .T. ) ;
#7720 = DIRECTION ( 'NONE',  ( 0.000000000000000000, -1.000000000000000000, 0.000000000000000000 ) ) ;
#7721 = DIRECTION ( 'NONE',  ( -0.000000000000000000, -0.000000000000000000, -1.000000000000000000 ) ) ;
#7722 = ORIENTED_EDGE ( 'NONE', *, *, #6661, .T. ) ;
#7723 = ORIENTED_EDGE ( 'NONE', *, *, #3132, .F. ) ;
#7724 = STYLED_ITEM ( 'NONE', ( #4662 ), #4295 ) ;
#7725 = AXIS2_PLACEMENT_3D ( 'NONE', #3442, #6026, #2898 ) ;
#7726 = DIRECTION ( 'NONE',  ( 3.194114299349669345E-16, -1.000000000000000000, 0.000000000000000000 ) ) ;
#7727 = PLANE ( 'NONE',  #5923 ) ;
#7728 = VECTOR ( 'NONE', #2347, 39.37007874015748143 ) ;
#7729 = ORIENTED_EDGE ( 'NONE', *, *, #277, .T. ) ;
#7730 = EDGE_CURVE ( 'NONE', #2702, #6091, #3163, .T. ) ;
#7731 = VECTOR ( 'NONE', #3142, 39.37007874015748143 ) ;
#7732 = LINE ( 'NONE', #5385, #2438 ) ;
#7733 = EDGE_LOOP ( 'NONE', ( #3748, #998, #3775, #2092, #5357, #1101, #1650, #7380 ) ) ;
#7734 = DIRECTION ( 'NONE',  ( -0.000000000000000000, -0.000000000000000000, -1.000000000000000000 ) ) ;
#7735 = DIRECTION ( 'NONE',  ( 1.000000000000000000, 0.000000000000000000, -0.000000000000000000 ) ) ;
#7736 = CARTESIAN_POINT ( 'NONE',  ( -0.1449999999999992684, -1.707404996040164512E-17, 0.09099999999999999756 ) ) ;
#7737 = CARTESIAN_POINT ( 'NONE',  ( -0.1444094488188976955, -1.707404996040164512E-17, -0.1910000000000000309 ) ) ;
#7738 = CARTESIAN_POINT ( 'NONE',  ( 0.1449999999999992684, -1.707404996040164512E-17, 0.1910000000000000309 ) ) ;
#7739 = ORIENTED_EDGE ( 'NONE', *, *, #850, .F. ) ;
#7740 = CYLINDRICAL_SURFACE ( 'NONE', #6209, 0.01999999999999999001 ) ;
#7741 = VECTOR ( 'NONE', #2369, 39.37007874015748143 ) ;
#7742 = ORIENTED_EDGE ( 'NONE', *, *, #6757, .F. ) ;
#7743 = EDGE_CURVE ( 'NONE', #4866, #4300, #6604, .T. ) ;
#7744 = CARTESIAN_POINT ( 'NONE',  ( -0.1450000000000000455, 0.1069094488188977315, 0.008999999999999959421 ) ) ;
#7745 = VECTOR ( 'NONE', #4365, 39.37007874015748143 ) ;
#7746 = DIRECTION ( 'NONE',  ( 0.000000000000000000, 0.000000000000000000, 1.000000000000000000 ) ) ;
#7747 = ORIENTED_EDGE ( 'NONE', *, *, #1854, .T. ) ;
#7748 = VECTOR ( 'NONE', #1516, 39.37007874015748143 ) ;
#7749 = DIRECTION ( 'NONE',  ( 0.000000000000000000, 1.000000000000000000, 0.000000000000000000 ) ) ;
#7750 = VERTEX_POINT ( 'NONE', #1219 ) ;
#7751 = ORIENTED_EDGE ( 'NONE', *, *, #6557, .F. ) ;
#7752 = EDGE_LOOP ( 'NONE', ( #1619, #1838, #7049, #908 ) ) ;
#7753 = CARTESIAN_POINT ( 'NONE',  ( -0.1549999999999994993, 0.03595472440944842002, -0.1619547244094487193 ) ) ;
#7754 = VERTEX_POINT ( 'NONE', #168 ) ;
#7755 = CARTESIAN_POINT ( 'NONE',  ( -0.1450000000000000455, 0.1069094488188977315, -0.009000000000000027076 ) ) ;
#7756 = CIRCLE ( 'NONE', #975, 0.01059055118110233465 ) ;
#7757 = ADVANCED_FACE ( 'NONE', ( #3597 ), #6171, .T. ) ;
#7758 = CARTESIAN_POINT ( 'NONE',  ( 0.1249999999999997641, 0.1075000000000000122, 0.1089999999999999858 ) ) ;
#7759 = FACE_OUTER_BOUND ( 'NONE', #6067, .T. ) ;
#7760 = DIRECTION ( 'NONE',  ( 4.994192100871497655E-15, 0.7071067811865504593, 0.7071067811865444641 ) ) ;
#7761 = VECTOR ( 'NONE', #3293, 39.37007874015748143 ) ;
#7762 = CARTESIAN_POINT ( 'NONE',  ( 0.1449999999999983524, -0.1299999999999999767, -0.009000000000000027076 ) ) ;
#7763 = VERTEX_POINT ( 'NONE', #4959 ) ;
#7764 = DIRECTION ( 'NONE',  ( 0.000000000000000000, 0.000000000000000000, 1.000000000000000000 ) ) ;
#7765 = DIRECTION ( 'NONE',  ( -7.062854202149022777E-15, 1.000000000000000000, 0.000000000000000000 ) ) ;
#7766 = VERTEX_POINT ( 'NONE', #7273 ) ;
#7767 = ORIENTED_EDGE ( 'NONE', *, *, #7652, .F. ) ;
#7768 = ADVANCED_FACE ( 'NONE', ( #6725 ), #2547, .T. ) ;
ENDSEC;
END-ISO-10303-21;
